split,run_id,bucket,start_ts,end_ts,label,event_count,sequence,score,model_label,start_time,end_time
all,verify_checkout_discount_delay_001,142,,,0,1,168,0.002135146874934435,0,,
all,verify_checkout_discount_delay_001,143,,,0,1,168,0.002135146874934435,0,,
all,verify_checkout_discount_delay_001,144,,,0,1,168,0.002135146874934435,0,,
all,verify_checkout_discount_delay_001,145,,,0,1,168,0.002135146874934435,0,,
all,verify_checkout_discount_delay_001,149,,,0,1,168,0.002135146874934435,0,,
all,verify_checkout_discount_delay_001,151,,,0,1,168,0.002135146874934435,0,,
all,verify_checkout_discount_delay_001,152,,,0,1,168,0.002135146874934435,0,,
all,verify_checkout_discount_delay_001,154,,,0,1,168,0.002135146874934435,0,,
all,verify_checkout_discount_delay_001,155,,,0,1,168,0.002135146874934435,0,,
all,verify_checkout_discount_delay_001,156,,,0,1,168,0.002135146874934435,0,,
all,verify_checkout_discount_delay_001,157,,,0,1,168,0.002135146874934435,0,,
all,verify_checkout_discount_delay_001,158,,,0,1,168,0.002135146874934435,0,,
all,verify_checkout_discount_delay_001,160,,,0,1,168,0.002135146874934435,0,,
all,verify_checkout_discount_delay_001,161,,,0,1,168,0.002135146874934435,0,,
all,verify_checkout_discount_delay_001,162,,,0,1,168,0.002135146874934435,0,,
all,verify_checkout_discount_delay_001,163,,,0,1,168,0.002135146874934435,0,,
all,verify_checkout_discount_delay_001,165,,,0,1,168,0.002135146874934435,0,,
all,verify_checkout_discount_delay_001,166,,,0,1,168,0.002135146874934435,0,,
all,verify_checkout_discount_delay_001,167,,,0,1,168,0.002135146874934435,0,,
all,verify_checkout_discount_delay_001,169,,,0,1,168,0.002135146874934435,0,,
all,verify_checkout_discount_delay_001,170,,,0,1,168,0.002135146874934435,0,,
all,verify_checkout_discount_delay_001,171,,,0,1,168,0.002135146874934435,0,,
all,verify_checkout_discount_delay_001,172,,,0,1,168,0.002135146874934435,0,,
all,verify_checkout_discount_delay_001,173,,,0,1,168,0.002135146874934435,0,,
all,verify_checkout_discount_delay_001,175,,,0,1,168,0.002135146874934435,0,,
all,verify_checkout_discount_delay_001,177,,,0,1,168,0.002135146874934435,0,,
all,verify_checkout_discount_delay_001,180,,,0,1,168,0.002135146874934435,0,,
all,verify_checkout_discount_delay_001,182,,,0,1,168,0.002135146874934435,0,,
all,verify_checkout_discount_delay_001,183,,,0,1,168,0.002135146874934435,0,,
all,verify_checkout_discount_delay_001,184,,,0,1,168,0.002135146874934435,0,,
all,verify_checkout_discount_delay_001,186,,,0,1,168,0.002135146874934435,0,,
all,verify_checkout_discount_delay_001,187,,,0,1,168,0.002135146874934435,0,,
all,verify_checkout_discount_delay_001,188,,,0,1,168,0.002135146874934435,0,,
all,verify_checkout_discount_delay_001,189,,,0,1,168,0.002135146874934435,0,,
all,verify_checkout_discount_delay_001,191,,,0,1,168,0.002135146874934435,0,,
all,verify_checkout_discount_delay_001,192,,,0,1,168,0.002135146874934435,0,,
all,verify_checkout_discount_delay_001,193,,,0,1,168,0.002135146874934435,0,,
all,verify_checkout_discount_delay_001,194,,,0,1,168,0.002135146874934435,0,,
all,verify_checkout_discount_delay_001,195,,,0,1,168,0.002135146874934435,0,,
all,verify_checkout_discount_delay_001,198,,,0,1,168,0.002135146874934435,0,,
all,verify_checkout_discount_delay_001,199,,,0,1,168,0.002135146874934435,0,,
all,verify_checkout_discount_delay_001,200,,,0,1,168,0.002135146874934435,0,,
all,verify_checkout_discount_delay_001,202,,,0,1,168,0.002135146874934435,0,,
all,verify_checkout_discount_delay_001,203,,,0,1,168,0.002135146874934435,0,,
all,verify_checkout_discount_delay_001,205,,,0,1,168,0.002135146874934435,0,,
all,verify_checkout_discount_delay_001,207,,,0,1,168,0.002135146874934435,0,,
all,verify_checkout_discount_delay_001,208,,,0,1,168,0.002135146874934435,0,,
all,verify_checkout_discount_delay_001,209,,,0,1,168,0.002135146874934435,0,,
all,verify_checkout_discount_delay_001,210,,,0,1,168,0.002135146874934435,0,,
all,verify_checkout_discount_delay_001,212,,,0,1,168,0.002135146874934435,0,,
all,verify_checkout_discount_delay_001,213,,,0,1,168,0.002135146874934435,0,,
all,verify_checkout_discount_delay_001,214,,,0,1,168,0.002135146874934435,0,,
all,verify_checkout_discount_delay_001,215,,,0,1,168,0.002135146874934435,0,,
all,verify_checkout_discount_delay_001,239,,,0,1,168,0.002135146874934435,0,,
all,verify_checkout_discount_delay_001,241,,,0,1,168,0.002135146874934435,0,,
all,verify_checkout_discount_delay_001,242,,,0,1,168,0.002135146874934435,0,,
all,verify_checkout_discount_delay_001,244,,,0,1,168,0.002135146874934435,0,,
all,verify_checkout_discount_delay_001,245,,,0,1,168,0.002135146874934435,0,,
all,verify_checkout_discount_delay_001,247,,,0,1,168,0.002135146874934435,0,,
all,verify_checkout_discount_delay_001,248,,,0,1,168,0.002135146874934435,0,,
all,verify_checkout_discount_delay_001,249,,,0,1,168,0.002135146874934435,0,,
all,verify_checkout_discount_delay_001,251,,,0,1,168,0.002135146874934435,0,,
all,verify_checkout_discount_delay_001,253,,,0,1,168,0.002135146874934435,0,,
all,verify_checkout_discount_delay_001,256,,,0,1,168,0.002135146874934435,0,,
all,verify_checkout_discount_delay_001,257,,,0,1,168,0.002135146874934435,0,,
all,verify_checkout_discount_delay_001,258,,,0,1,168,0.002135146874934435,0,,
all,verify_checkout_discount_delay_001,259,,,0,1,168,0.002135146874934435,0,,
all,verify_checkout_discount_delay_001,260,,,0,1,168,0.002135146874934435,0,,
all,verify_checkout_discount_delay_001,262,,,0,1,168,0.002135146874934435,0,,
all,verify_checkout_discount_delay_001,264,,,0,1,168,0.002135146874934435,0,,
all,verify_checkout_discount_delay_001,265,,,0,1,168,0.002135146874934435,0,,
all,verify_checkout_discount_delay_001,268,,,0,1,168,0.002135146874934435,0,,
all,verify_checkout_discount_delay_001,269,,,0,1,168,0.002135146874934435,0,,
all,verify_checkout_discount_delay_001,270,,,0,1,168,0.002135146874934435,0,,
all,verify_checkout_discount_delay_001,272,,,0,1,168,0.002135146874934435,0,,
all,verify_checkout_discount_delay_001,273,,,0,1,168,0.002135146874934435,0,,
all,verify_checkout_discount_delay_001,276,,,0,1,168,0.002135146874934435,0,,
all,verify_checkout_discount_delay_001,277,,,0,1,168,0.002135146874934435,0,,
all,verify_checkout_discount_delay_001,278,,,0,1,168,0.002135146874934435,0,,
all,verify_checkout_discount_delay_001,281,,,0,1,168,0.002135146874934435,0,,
all,verify_checkout_discount_delay_001,282,,,0,1,168,0.002135146874934435,0,,
all,verify_checkout_discount_delay_001,283,,,0,1,168,0.002135146874934435,0,,
all,verify_checkout_discount_delay_001,285,,,0,1,168,0.002135146874934435,0,,
all,verify_checkout_discount_delay_001,286,,,0,1,168,0.002135146874934435,0,,
all,verify_checkout_discount_delay_001,289,,,0,1,168,0.002135146874934435,0,,
all,verify_checkout_discount_delay_001,292,,,0,1,168,0.002135146874934435,0,,
all,verify_checkout_discount_delay_001,293,,,0,1,168,0.002135146874934435,0,,
all,verify_checkout_discount_delay_001,294,,,0,1,168,0.002135146874934435,0,,
all,verify_checkout_discount_delay_001,295,,,0,1,168,0.002135146874934435,0,,
all,verify_checkout_discount_delay_001,297,,,0,1,168,0.002135146874934435,0,,
all,verify_checkout_discount_delay_001,298,,,0,1,168,0.002135146874934435,0,,
all,verify_checkout_discount_delay_001,299,,,0,1,168,0.002135146874934435,0,,
all,verify_checkout_discount_delay_001,300,,,0,1,168,0.002135146874934435,0,,
all,verify_checkout_discount_delay_001,302,,,0,1,168,0.002135146874934435,0,,
all,verify_checkout_discount_delay_001,303,,,0,1,168,0.002135146874934435,0,,
all,verify_checkout_discount_delay_001,304,,,0,1,168,0.002135146874934435,0,,
all,verify_checkout_discount_delay_001,306,,,0,1,168,0.002135146874934435,0,,
all,verify_checkout_discount_delay_001,307,,,0,1,168,0.002135146874934435,0,,
all,verify_checkout_discount_delay_001,308,,,0,1,168,0.002135146874934435,0,,
all,verify_checkout_discount_delay_001,310,,,0,1,168,0.002135146874934435,0,,
all,verify_checkout_discount_delay_001,311,,,0,1,168,0.002135146874934435,0,,
all,verify_checkout_discount_delay_001,312,,,0,1,168,0.002135146874934435,0,,
all,verify_checkout_discount_delay_001,314,,,0,1,168,0.002135146874934435,0,,
all,verify_checkout_discount_delay_001,315,,,0,1,168,0.002135146874934435,0,,
all,verify_checkout_discount_delay_001,316,,,0,1,168,0.002135146874934435,0,,
all,verify_checkout_discount_delay_001,317,,,0,1,168,0.002135146874934435,0,,
all,verify_checkout_discount_delay_001,319,,,0,1,168,0.002135146874934435,0,,
all,verify_checkout_discount_delay_001,321,,,0,1,168,0.002135146874934435,0,,
all,verify_checkout_discount_delay_001,322,,,0,1,168,0.002135146874934435,0,,
all,verify_checkout_discount_delay_001,323,,,0,1,168,0.002135146874934435,0,,
all,verify_checkout_discount_delay_001,324,,,0,1,168,0.002135146874934435,0,,
all,verify_checkout_discount_delay_001,325,,,0,1,168,0.002135146874934435,0,,
all,verify_checkout_discount_delay_001,326,,,0,1,168,0.002135146874934435,0,,
all,verify_checkout_discount_delay_001,328,,,0,1,168,0.002135146874934435,0,,
all,verify_checkout_discount_delay_001,330,,,0,1,168,0.002135146874934435,0,,
all,verify_checkout_discount_delay_001,331,,,0,1,168,0.002135146874934435,0,,
all,verify_checkout_discount_delay_001,332,,,0,1,168,0.002135146874934435,0,,
all,verify_checkout_discount_delay_001,333,,,0,1,168,0.002135146874934435,0,,
all,verify_checkout_discount_delay_001,335,,,0,1,168,0.002135146874934435,0,,
all,verify_checkout_discount_delay_001,336,,,0,1,168,0.002135146874934435,0,,
all,verify_checkout_discount_delay_001,337,,,0,1,168,0.002135146874934435,0,,
all,verify_checkout_discount_delay_001,338,,,0,1,168,0.002135146874934435,0,,
all,verify_checkout_discount_delay_001,339,,,0,1,168,0.002135146874934435,0,,
all,verify_checkout_discount_delay_001,341,,,0,1,168,0.002135146874934435,0,,
all,verify_checkout_discount_delay_001,342,,,0,1,168,0.002135146874934435,0,,
all,verify_checkout_discount_delay_001,344,,,0,1,168,0.002135146874934435,0,,
all,verify_checkout_discount_delay_001,345,,,0,1,168,0.002135146874934435,0,,
all,verify_checkout_discount_delay_001,346,,,0,1,168,0.002135146874934435,0,,
all,verify_checkout_discount_delay_001,348,,,0,1,168,0.0012097371509298682,0,,
all,verify_checkout_discount_delay_001,349,,,0,1,168,0.0012097371509298682,0,,
all,verify_checkout_discount_delay_001,350,,,0,1,168,0.0012097371509298682,0,,
all,verify_checkout_discount_delay_001,352,,,0,1,168,0.0012097371509298682,0,,
all,verify_checkout_discount_delay_001,353,,,0,1,168,0.0012097371509298682,0,,
all,verify_checkout_discount_delay_001,356,,,0,1,168,0.0012097371509298682,0,,
all,verify_checkout_discount_delay_001,356290583,1781452919.0,1781452919.0,0,3,163 164 165,0.001987617230042815,0,2026-06-14 16:01:59+00:00,2026-06-14 16:01:59+00:00
all,verify_checkout_discount_delay_001,356290584,1781452920.0,1781452923.0,0,61,163 164 165 163 166 165 163 167 163 164 165 163 169 165 163 170 163 164 171 165 165 165 163 164 165 163 165 163 164 165 163 169 165 163 170 165 163 167 171 165 163 170 163 164 165 165 163 164 163 164 165 165 163 164 165 163 169 165 163 170 165,0.21916839480400085,1,2026-06-14 16:02:00+00:00,2026-06-14 16:02:03+00:00
all,verify_checkout_discount_delay_001,356290585,1781452925.0,1781452929.0,0,87,163 164 165 163 169 165 163 170 165 163 165 163 164 165 163 166 165 163 167 171 165 163 170 165 163 164 165 163 164 165 163 169 165 163 170 1 2 3 4 5 6 2 7 4 5 161 161 165 163 172 173 163 164 165 163 169 165 163 170 163 164 163 164 163 164 174 165 165 163 169 175 165 165 163 170 165 165 163 164 165 163 172 173 165 174 175 165,0.30075231194496155,1,2026-06-14 16:02:05+00:00,2026-06-14 16:02:09+00:00
all,verify_checkout_discount_delay_001,356290586,1781452931.0,1781452934.0,0,61,163 165 163 164 165 163 169 163 164 165 163 170 165 163 169 165 163 170 165 163 164 163 170 165 165 163 164 165 165 163 164 165 163 170 165 8 2 9 4 5 161 163 166 165 163 167 171 165 163 164 165 163 169 165 163 170 165 163 172 173 174,0.26615771651268005,1,2026-06-14 16:02:11+00:00,2026-06-14 16:02:14+00:00
all,verify_checkout_discount_delay_001,356290587,1781452935.0,1781452939.0,0,40,175 165 163 164 165 163 165 163 170 165 163 164 165 163 164 165 163 169 165 163 170 165 163 170 165 163 170 165 163 164 165 163 170 165 163 170 165 163 164 165,0.19763043522834778,0,2026-06-14 16:02:15+00:00,2026-06-14 16:02:19+00:00
all,verify_checkout_discount_delay_001,356290588,1781452940.0,1781452944.0,0,36,163 170 165 163 164 165 163 164 165 163 165 163 164 165 163 164 165 163 164 165 163 164 165 163 164 165 163 164 165 163 169 165 163 170 163 164,0.20034055411815643,0,2026-06-14 16:02:20+00:00,2026-06-14 16:02:24+00:00
all,verify_checkout_discount_delay_001,356290589,1781452945.0,1781452949.0,0,37,165 163 169 165 163 170 163 170 163 164 165 165 165 165 163 165 163 167 171 165 163 164 165 163 170 165 163 164 165 163 164 165 163 164 165 163 169,0.19936135411262512,0,2026-06-14 16:02:25+00:00,2026-06-14 16:02:29+00:00
all,verify_checkout_discount_delay_001,356290590,1781452950.0,1781452954.0,0,41,165 163 170 163 167 165 171 165 163 170 165 163 164 165 163 170 165 163 165 163 166 165 163 167 163 164 165 171 165 163 164 165 163 164 165 163 169 165 163 170 165,0.1966879963874817,0,2026-06-14 16:02:30+00:00,2026-06-14 16:02:34+00:00
all,verify_checkout_discount_delay_001,356290591,1781452955.0,1781452958.0,0,35,163 164 165 163 164 165 163 164 165 163 164 165 163 164 165 163 169 165 163 170 165 163 165 163 164 165 163 169 165 163 170 165 163 164 165,0.19927801191806793,0,2026-06-14 16:02:35+00:00,2026-06-14 16:02:38+00:00
all,verify_checkout_discount_delay_001,356290592,1781452960.0,1781452964.0,0,81,163 164 165 163 164 165 163 169 165 163 164 163 170 165 165 10 2 11 4 5 161 163 164 165 163 169 165 163 170 165 163 172 173 163 165 174 175 165 163 164 165 163 166 165 163 167 171 165 163 164 165 163 164 165 163 164 165 163 166 165 163 167 163 164 163 164 165 163 169 165 163 170 165 165 163 166 165 163 167 171 165,0.3063127100467682,1,2026-06-14 16:02:40+00:00,2026-06-14 16:02:44+00:00
all,verify_checkout_discount_delay_001,356290593,1781452965.0,1781452968.0,0,42,171 165 163 167 171 165 163 165 10 2 12 4 5 161 163 166 165 163 167 171 165 163 164 165 163 169 165 163 170 165 163 172 173 174 175 165 163 164 165 163 170 165,0.3068964183330536,1,2026-06-14 16:02:45+00:00,2026-06-14 16:02:48+00:00
all,verify_checkout_discount_delay_001,356290594,1781452970.0,1781452974.0,0,53,163 164 165 163 170 165 163 166 165 163 167 171 165 163 167 171 165 163 165 163 170 165 163 166 165 163 167 171 165 163 164 165 163 164 165 163 164 165 163 170 165 163 164 165 163 164 165 163 169 165 163 170 165,0.19827069342136383,0,2026-06-14 16:02:50+00:00,2026-06-14 16:02:54+00:00
all,verify_checkout_discount_delay_001,356290595,1781452975.0,1781452979.0,0,87,13 2 14 4 5 161 163 170 165 163 164 165 163 169 165 163 170 165 163 164 165 163 169 165 163 170 165 163 172 173 174 175 165 163 166 165 163 167 163 164 165 171 165 163 165 10 2 15 4 5 161 163 170 165 163 164 165 163 169 165 163 170 165 163 172 173 163 164 174 165 175 165 163 164 165 163 164 165 163 164 165 163 169 165 163 170 165,0.30731308460235596,1,2026-06-14 16:02:55+00:00,2026-06-14 16:02:59+00:00
all,verify_checkout_discount_delay_001,356290596,1781452980.0,1781452984.0,0,29,163 164 163 164 165 165 163 169 165 163 170 165 163 165 163 164 165 163 164 165 163 164 165 163 164 165 163 164 165,0.19647784531116486,0,2026-06-14 16:03:00+00:00,2026-06-14 16:03:04+00:00
all,verify_checkout_discount_delay_001,356290597,1781452985.0,1781452989.0,0,74,163 164 165 163 164 163 170 163 170 165 163 164 165 165 165 163 164 165 163 165 163 164 165 163 169 165 163 170 165 10 2 16 4 5 161 163 166 165 163 167 171 165 163 164 165 163 164 165 163 169 165 163 170 165 163 172 173 163 170 174 175 165 163 170 165 165 163 164 165 163 169 165 163 170,0.3007736802101135,1,2026-06-14 16:03:05+00:00,2026-06-14 16:03:09+00:00
all,verify_checkout_discount_delay_001,356290598,1781452990.0,1781452994.0,0,44,165 163 165 163 164 165 163 164 165 163 166 165 163 167 163 164 165 163 169 6 2 17 4 5 161 165 163 170 163 167 171 165 163 164 165 163 172 173 165 174 175 165 171 165,0.3060573935508728,1,2026-06-14 16:03:10+00:00,2026-06-14 16:03:14+00:00
all,verify_checkout_discount_delay_001,356290599,1781452995.0,1781452999.0,0,52,163 166 165 163 167 163 170 171 165 165 163 170 165 163 170 163 164 165 165 163 170 165 163 165 163 170 165 163 164 165 163 164 165 163 166 165 163 167 163 164 165 163 169 165 163 170 165 171 165 163 170 165,0.19701255857944489,0,2026-06-14 16:03:15+00:00,2026-06-14 16:03:19+00:00
all,verify_checkout_discount_delay_001,356290600,1781453001.0,1781453004.0,0,60,163 164 165 163 165 163 170 165 163 164 165 163 169 165 163 170 165 163 166 165 163 167 171 165 163 170 165 6 2 18 4 5 161 163 164 165 163 169 165 163 170 165 163 172 173 174 175 165 163 164 165 163 169 165 163 170 165 163 164 165,0.3005167841911316,1,2026-06-14 16:03:21+00:00,2026-06-14 16:03:24+00:00
all,verify_checkout_discount_delay_001,356290601,1781453005.0,1781453009.0,0,56,163 167 171 165 163 165 163 164 165 163 169 165 163 170 165 163 164 163 170 165 165 163 164 165 163 164 165 163 164 165 163 169 165 163 170 10 2 19 4 5 161 165 163 172 173 174 175 165 163 164 163 166 165 165 163 167,0.2940329909324646,1,2026-06-14 16:03:25+00:00,2026-06-14 16:03:29+00:00
all,verify_checkout_discount_delay_001,356290602,1781453010.0,1781453014.0,0,35,171 165 163 164 163 170 165 165 163 164 165 163 167 171 165 163 165 163 164 165 163 164 165 163 170 165 163 164 165 163 164 165 163 164 165,0.214903324842453,1,2026-06-14 16:03:30+00:00,2026-06-14 16:03:34+00:00
all,verify_checkout_discount_delay_001,356290603,1781453016.0,1781453019.0,0,21,163 165 163 164 165 163 164 165 163 166 165 163 167 163 170 165 171 165 163 164 165,0.18747813999652863,0,2026-06-14 16:03:36+00:00,2026-06-14 16:03:39+00:00
all,verify_checkout_discount_delay_001,356290604,1781453020.0,1781453024.0,0,29,163 164 165 163 164 165 163 165 163 164 165 163 164 165 163 164 165 163 164 165 163 164 165 163 164 165 163 164 165,0.2092801183462143,1,2026-06-14 16:03:40+00:00,2026-06-14 16:03:44+00:00
all,verify_checkout_discount_delay_001,356290605,1781453025.0,1781453029.0,0,39,163 164 165 163 167 163 170 165 171 165 163 165 163 164 165 163 164 165 163 169 165 163 170 165 163 164 165 163 164 165 163 164 165 163 169 165 163 170 165,0.21481546759605408,1,2026-06-14 16:03:45+00:00,2026-06-14 16:03:49+00:00
all,verify_checkout_discount_delay_001,356290606,1781453030.0,1781453034.0,0,41,163 164 165 163 166 165 163 167 163 166 165 163 167 171 165 171 165 163 170 165 163 164 165 163 169 165 163 170 165 163 165 163 166 165 163 167 171 165 163 164 165,0.21391655504703522,1,2026-06-14 16:03:50+00:00,2026-06-14 16:03:54+00:00
all,verify_checkout_discount_delay_001,356290607,1781453035.0,1781453038.0,0,45,163 164 163 164 165 165 163 164 165 163 164 165 163 164 165 163 170 165 163 164 163 164 165 165 163 165 163 164 165 163 164 165 163 169 165 163 170 165 163 167 171 165 163 164 165,0.2146236002445221,1,2026-06-14 16:03:55+00:00,2026-06-14 16:03:58+00:00
all,verify_checkout_discount_delay_001,356290608,1781453041.0,1781453044.0,0,52,10 2 20 4 5 161 163 164 163 166 165 163 167 165 163 169 165 163 170 165 163 172 173 163 165 174 175 165 171 165 163 164 165 163 164 165 163 164 165 163 167 171 165 163 170 165 163 164 165 163 170 165,0.29947251081466675,1,2026-06-14 16:04:01+00:00,2026-06-14 16:04:04+00:00
all,verify_checkout_discount_delay_001,356290609,1781453045.0,1781453049.0,0,51,163 164 165 163 164 165 163 165 163 164 165 163 170 165 163 164 165 163 170 165 8 2 21 4 5 161 163 164 165 163 169 165 163 170 165 163 172 173 174 175 165 163 166 165 163 167 163 164 165 171 165,0.3072664737701416,1,2026-06-14 16:04:05+00:00,2026-06-14 16:04:09+00:00
all,verify_checkout_discount_delay_001,356290610,1781453050.0,1781453054.0,0,41,163 166 165 163 167 171 165 163 164 165 163 164 165 163 165 163 170 165 163 166 165 163 167 163 164 165 163 169 165 163 170 165 163 167 171 165 171 165 163 170 165,0.20143945515155792,0,2026-06-14 16:04:10+00:00,2026-06-14 16:04:14+00:00
all,verify_checkout_discount_delay_001,356290611,1781453055.0,1781453059.0,0,78,163 164 165 163 169 165 163 170 163 166 165 163 167 165 171 165 163 164 165 163 164 165 163 169 165 163 170 165 163 164 165 163 167 163 165 171 165 163 164 165 163 169 165 163 170 8 2 22 4 5 161 163 164 165 163 172 173 165 174 175 165 163 164 165 163 164 165 163 169 165 163 170 165 163 164 163 164 165,0.2895161509513855,1,2026-06-14 16:04:15+00:00,2026-06-14 16:04:19+00:00
all,verify_checkout_discount_delay_001,356290612,1781453060.0,1781453064.0,0,33,165 163 164 165 163 169 165 163 170 165 163 165 163 164 165 163 164 165 163 164 165 163 164 165 163 169 165 163 170 165 163 164 165,0.2029772698879242,0,2026-06-14 16:04:20+00:00,2026-06-14 16:04:24+00:00
all,verify_checkout_discount_delay_001,356290613,1781453065.0,1781453069.0,0,62,163 166 165 163 167 171 165 163 164 165 163 169 165 163 170 165 163 166 165 163 167 171 165 163 165 163 166 165 163 167 163 164 163 164 171 165 165 165 163 169 165 163 170 165 163 164 165 163 169 165 163 170 165 163 164 165 163 164 165 163 164 165,0.2065822333097458,1,2026-06-14 16:04:25+00:00,2026-06-14 16:04:29+00:00
all,verify_checkout_discount_delay_001,356290614,1781453070.0,1781453074.0,0,58,163 164 165 163 169 165 163 170 165 163 164 165 163 169 165 163 170 163 165 165 163 166 165 163 167 171 165 163 170 165 163 167 163 164 165 163 164 165 163 169 165 163 170 165 163 170 171 165 165 163 164 165 163 169 165 163 170 165,0.2046356052160263,0,2026-06-14 16:04:30+00:00,2026-06-14 16:04:34+00:00
all,verify_checkout_discount_delay_001,356290615,1781453075.0,1781453078.0,0,27,163 166 165 163 167 171 165 163 164 165 163 165 163 164 165 163 164 165 163 164 165 163 170 165 163 170 165,0.1970408856868744,0,2026-06-14 16:04:35+00:00,2026-06-14 16:04:38+00:00
all,verify_checkout_discount_delay_001,356290616,1781453080.0,1781453084.0,0,42,163 164 165 163 164 165 163 164 165 163 166 165 163 167 163 164 163 164 165 165 163 169 165 163 170 165 163 165 163 164 165 163 164 171 165 165 163 164 165 163 170 165,0.20230233669281006,0,2026-06-14 16:04:40+00:00,2026-06-14 16:04:44+00:00
all,verify_checkout_discount_delay_001,356290617,1781453085.0,1781453089.0,0,42,163 166 165 163 167 163 170 171 165 165 163 164 165 10 163 164 165 163 165 163 164 165 163 169 165 163 170 165 163 172 173 2 23 4 5 161 174 175 165 163 170 165,0.2865162789821625,1,2026-06-14 16:04:45+00:00,2026-06-14 16:04:49+00:00
all,verify_checkout_discount_delay_001,356290618,1781453090.0,1781453094.0,0,82,163 164 165 163 164 165 163 166 165 163 167 163 164 165 163 166 165 163 167 163 164 165 163 169 165 163 170 163 165 165 1 2 24 4 5 161 163 164 165 163 169 165 163 170 171 171 165 165 165 163 172 173 174 175 165 163 164 165 10 2 25 4 5 161 163 164 165 163 169 165 163 170 165 163 172 173 174 163 170 175 165 165,0.3188348114490509,1,2026-06-14 16:04:50+00:00,2026-06-14 16:04:54+00:00
all,verify_checkout_discount_delay_001,356290619,1781453095.0,1781453099.0,0,26,163 164 165 163 164 165 163 165 163 164 165 163 170 163 164 165 165 163 164 165 163 164 165 163 164 165,0.19406245648860931,0,2026-06-14 16:04:55+00:00,2026-06-14 16:04:59+00:00
all,verify_checkout_discount_delay_001,356290620,1781453100.0,1781453104.0,0,54,163 164 165 163 166 165 163 167 163 164 165 163 165 171 165 163 164 165 163 169 165 163 170 165 163 164 165 163 164 165 10 2 26 4 5 161 163 164 165 163 164 165 163 169 165 163 170 165 163 172 173 174 175 165,0.29015833139419556,1,2026-06-14 16:05:00+00:00,2026-06-14 16:05:04+00:00
all,verify_checkout_discount_delay_001,356290621,1781453105.0,1781453109.0,0,64,163 164 165 163 164 165 163 170 165 163 164 165 163 164 165 163 165 163 164 165 163 170 163 164 165 165 163 169 165 163 170 10 2 27 4 5 161 165 163 172 173 163 164 165 163 169 165 174 163 170 175 165 165 163 164 165 163 166 165 163 167 163 164 165,0.2927648425102234,1,2026-06-14 16:05:05+00:00,2026-06-14 16:05:09+00:00
all,verify_checkout_discount_delay_001,356290622,1781453110.0,1781453114.0,0,63,163 166 165 163 167 171 165 171 165 163 164 165 163 164 165 163 165 1 2 28 4 5 161 163 164 165 163 164 165 163 164 165 163 169 165 163 170 165 163 172 173 174 175 165 163 164 165 163 164 165 163 167 163 170 165 171 165 163 164 165 163 170 165,0.3074197769165039,1,2026-06-14 16:05:10+00:00,2026-06-14 16:05:14+00:00
all,verify_checkout_discount_delay_001,356290623,1781453115.0,1781453117.0,0,49,10 163 164 165 163 164 165 163 164 165 163 164 165 163 169 165 163 170 165 163 172 173 2 29 4 5 161 174 175 165 163 164 165 163 169 165 163 170 165 163 165 163 170 163 164 176 165 177 165,0.3135397434234619,1,2026-06-14 16:05:15+00:00,2026-06-14 16:05:17+00:00
all,verify_checkout_discount_delay_001,356290624,1781453120.0,1781453124.0,0,59,163 170 177 165 163 164 176 165 163 165 163 170 163 164 176 165 177 165 1 2 30 4 5 161 163 164 176 165 163 169 176 165 163 172 173 174 175 165 163 164 176 165 163 164 176 165 163 170 177 176 165 163 167 176 165 163 164 176 165,0.34542617201805115,1,2026-06-14 16:05:20+00:00,2026-06-14 16:05:24+00:00
all,verify_checkout_discount_delay_001,356290625,1781453125.0,1781453129.0,0,76,10 163 164 176 165 163 169 176 165 163 172 173 175 176 165 163 164 176 165 163 166 165 163 167 176 165 163 164 176 165 163 165 163 164 176 165 163 164 176 165 163 164 176 165 163 169 176 165 163 170 177 165 163 164 176 165 163 164 176 165 163 164 176 165 163 164 176 165 163 170 177 165 163 164 176 165,0.3540278971195221,1,2026-06-14 16:05:25+00:00,2026-06-14 16:05:29+00:00
all,verify_checkout_discount_delay_001,356290626,1781453130.0,1781453134.0,0,31,163 164 176 165 163 164 176 165 163 164 176 165 163 165 163 164 176 165 163 169 176 165 163 164 176 165 163 170 177 176 165,0.3533509075641632,1,2026-06-14 16:05:30+00:00,2026-06-14 16:05:34+00:00
all,verify_checkout_discount_delay_001,356290627,1781453135.0,1781453139.0,0,61,163 164 176 165 163 164 176 165 163 169 176 165 163 165 163 164 176 165 163 170 177 165 13 2 31 4 5 161 163 164 176 165 163 164 176 165 163 169 176 165 163 164 176 165 163 169 176 165 163 172 173 174 175 165 163 166 165 163 167 176 165,0.3469637930393219,1,2026-06-14 16:05:35+00:00,2026-06-14 16:05:39+00:00
all,verify_checkout_discount_delay_001,356290628,1781453140.0,1781453143.0,0,62,10 2 32 4 5 161 163 164 176 165 163 169 176 165 163 172 173 174 175 165 163 164 176 165 163 166 165 163 167 176 165 163 170 163 164 176 165 177 176 165 163 165 163 170 177 176 165 163 164 176 165 163 164 176 165 163 166 165 163 167 176 165,0.34340018033981323,1,2026-06-14 16:05:40+00:00,2026-06-14 16:05:43+00:00
all,verify_checkout_discount_delay_001,356290629,1781453145.0,1781453149.0,0,58,163 170 177 165 163 164 176 165 163 165 163 164 176 165 163 164 176 165 163 164 176 165 163 164 176 165 1 2 33 4 5 161 163 164 176 165 163 169 176 165 163 164 176 165 163 169 176 165 163 172 173 174 175 165 163 164 176 165,0.35045701265335083,1,2026-06-14 16:05:45+00:00,2026-06-14 16:05:49+00:00
all,verify_checkout_discount_delay_001,356290630,1781453150.0,1781453154.0,0,52,163 164 176 165 163 169 176 165 163 167 176 165 163 164 176 165 163 166 165 163 167 176 165 163 166 165 163 167 176 165 163 165 163 164 176 165 163 164 176 165 163 169 176 165 163 164 176 165 163 164 176 165,0.33434227108955383,1,2026-06-14 16:05:50+00:00,2026-06-14 16:05:54+00:00
all,verify_checkout_discount_delay_001,356290631,1781453156.0,1781453158.0,0,73,163 165 8 163 164 176 165 163 169 176 165 163 164 176 165 163 169 176 165 163 172 173 175 176 165 10 2 34 4 5 161 163 164 176 165 163 164 176 165 163 164 176 165 163 169 176 165 163 164 176 165 163 169 176 165 163 172 173 174 175 165 163 164 176 165 163 164 176 165 163 170 177 165,0.3549250662326813,1,2026-06-14 16:05:56+00:00,2026-06-14 16:05:58+00:00
all,verify_checkout_discount_delay_001,356290632,1781453160.0,1781453164.0,0,26,163 164 176 165 163 164 176 165 163 164 176 165 163 169 176 165 163 165 163 164 176 165 163 164 176 165,0.3435620367527008,1,2026-06-14 16:06:00+00:00,2026-06-14 16:06:04+00:00
all,verify_checkout_discount_delay_001,356290633,1781453165.0,1781453169.0,0,69,163 164 176 165 163 166 165 163 167 176 165 163 165 35 163 164 176 165 163 164 176 165 163 164 176 165 163 164 176 165 163 169 176 165 163 164 176 165 163 169 176 165 163 172 173 175 176 165 163 170 177 176 165 163 164 176 165 163 169 176 165 163 170 177 165 163 167 176 165,0.35288968682289124,1,2026-06-14 16:06:05+00:00,2026-06-14 16:06:09+00:00
all,verify_checkout_discount_delay_001,356290634,1781453171.0,1781453174.0,0,34,163 164 176 165 163 169 176 165 163 165 163 164 176 165 163 169 176 165 163 167 176 165 163 164 176 165 163 164 176 165 163 164 176 165,0.3524615466594696,1,2026-06-14 16:06:11+00:00,2026-06-14 16:06:14+00:00
all,verify_checkout_discount_delay_001,356290635,1781453175.0,1781453179.0,0,37,163 164 176 165 163 164 176 165 163 164 176 165 163 164 176 165 163 165 163 164 176 165 163 164 176 165 163 164 176 165 163 166 165 163 167 176 165,0.3491910994052887,1,2026-06-14 16:06:15+00:00,2026-06-14 16:06:19+00:00
all,verify_checkout_discount_delay_001,356290636,1781453180.0,1781453184.0,0,45,163 164 176 165 163 164 176 165 163 165 163 164 176 163 164 163 176 170 165 165 163 166 165 163 170 163 167 177 176 165 163 164 176 165 177 176 165 165 163 166 165 163 167 176 165,0.3556758761405945,1,2026-06-14 16:06:20+00:00,2026-06-14 16:06:24+00:00
all,verify_checkout_discount_delay_001,356290637,1781453186.0,1781453189.0,0,65,163 164 176 165 163 165 163 164 176 165 163 164 176 165 163 164 176 165 163 166 165 163 167 176 165 163 170 177 165 1 2 36 4 5 161 163 164 176 165 163 169 176 165 163 172 173 174 175 165 163 164 176 165 163 170 177 165 163 164 176 165 163 169 176 165,0.35443758964538574,1,2026-06-14 16:06:26+00:00,2026-06-14 16:06:29+00:00
all,verify_checkout_discount_delay_001,356290638,1781453190.0,1781453194.0,0,65,163 164 176 165 163 164 176 165 163 165 163 164 176 165 163 164 176 165 163 164 176 165 163 164 176 165 163 169 176 165 163 164 176 165 163 169 176 165 1 163 170 163 164 176 165 177 165 163 164 176 165 163 169 176 165 163 172 173 175 176 165 163 164 176 165,0.3577479124069214,1,2026-06-14 16:06:30+00:00,2026-06-14 16:06:34+00:00
all,verify_checkout_discount_delay_001,356290639,1781453195.0,1781453199.0,0,50,163 164 176 165 163 170 177 165 163 165 163 164 176 165 163 164 176 165 163 164 176 165 163 164 176 165 163 164 176 165 163 164 176 165 163 169 176 165 163 164 176 165 163 164 176 165 163 164 176 165,0.34726110100746155,1,2026-06-14 16:06:35+00:00,2026-06-14 16:06:39+00:00
all,verify_checkout_discount_delay_001,356290640,1781453200.0,1781453204.0,0,40,163 164 176 165 163 164 176 165 163 169 176 165 163 165 163 170 177 165 163 166 165 163 167 176 165 10 163 164 176 165 163 169 176 165 163 172 173 175 176 165,0.3459773659706116,1,2026-06-14 16:06:40+00:00,2026-06-14 16:06:44+00:00
all,verify_checkout_discount_delay_001,356290641,1781453205.0,1781453209.0,0,58,163 164 176 165 163 169 176 165 163 165 163 164 176 165 163 164 176 165 163 164 176 165 163 164 176 165 163 164 176 165 163 170 177 165 163 164 176 165 163 164 176 165 163 164 176 165 163 164 176 165 163 164 176 165 163 164 176 165,0.36118271946907043,1,2026-06-14 16:06:45+00:00,2026-06-14 16:06:49+00:00
all,verify_checkout_discount_delay_001,356290642,1781453210.0,1781453214.0,0,21,163 164 176 165 163 164 176 165 163 166 165 163 167 176 165 163 165 163 164 176 165,0.3292343020439148,1,2026-06-14 16:06:50+00:00,2026-06-14 16:06:54+00:00
all,verify_checkout_discount_delay_001,356290643,1781453216.0,1781453219.0,0,48,163 164 176 165 163 169 176 165 163 165 163 164 176 165 163 164 176 165 163 167 176 165 163 164 176 165 163 164 176 165 163 166 165 163 167 176 165 163 166 165 163 167 176 165 163 164 176 165,0.3505078852176666,1,2026-06-14 16:06:56+00:00,2026-06-14 16:06:59+00:00
all,verify_checkout_discount_delay_001,356290644,1781453220.0,1781453223.0,0,37,163 164 176 165 163 164 176 165 163 165 163 164 176 165 163 164 176 165 163 164 176 165 163 164 176 165 163 164 176 165 163 166 165 163 167 176 165,0.3546479046344757,1,2026-06-14 16:07:00+00:00,2026-06-14 16:07:03+00:00
all,verify_checkout_discount_delay_001,356290645,1781453225.0,1781453229.0,0,57,163 170 177 165 163 164 176 165 163 164 176 165 163 165 163 170 177 165 163 170 177 165 163 164 176 163 164 176 165 165 163 167 176 165 163 164 176 165 163 169 176 165 163 164 176 165 163 164 176 165 163 166 165 163 167 176 165,0.3609898090362549,1,2026-06-14 16:07:05+00:00,2026-06-14 16:07:09+00:00
all,verify_checkout_discount_delay_001,356290646,1781453230.0,1781453234.0,0,62,163 164 176 165 163 169 176 165 163 170 177 165 163 165 163 167 176 165 163 164 176 165 163 169 176 165 10 2 37 4 5 161 163 170 177 165 163 164 176 165 163 164 176 165 163 169 176 165 163 172 173 174 175 165 163 170 177 165 163 164 176 165,0.365062415599823,1,2026-06-14 16:07:10+00:00,2026-06-14 16:07:14+00:00
all,verify_checkout_discount_delay_001,356290647,1781453235.0,1781453239.0,0,41,163 164 176 165 163 165 163 164 176 165 163 164 176 165 163 164 176 165 163 164 176 165 163 164 176 165 178 179 180 181 163 166 165 163 167 176 165 163 164 176 165,0.34031644463539124,1,2026-06-14 16:07:15+00:00,2026-06-14 16:07:19+00:00
all,verify_checkout_discount_delay_001,356290648,1781453240.0,1781453244.0,0,42,163 164 176 165 163 169 176 165 163 166 165 163 167 176 165 163 164 176 165 163 164 176 165 163 165 163 164 176 165 163 164 176 165 163 170 177 165 163 170 177 176 165,0.3542925715446472,1,2026-06-14 16:07:20+00:00,2026-06-14 16:07:24+00:00
all,verify_checkout_discount_delay_001,356290649,1781453245.0,1781453249.0,0,53,163 164 176 165 163 164 176 165 163 164 176 165 163 169 176 165 163 165 163 164 176 165 163 164 176 165 163 169 176 165 163 164 176 165 163 170 177 165 163 164 176 165 163 164 176 165 163 166 165 163 167 176 165,0.3540295362472534,1,2026-06-14 16:07:25+00:00,2026-06-14 16:07:29+00:00
all,verify_checkout_discount_delay_001,356290650,1781453250.0,1781453254.0,0,49,8 163 164 176 165 163 169 176 165 163 172 173 175 176 165 163 164 176 165 163 165 163 164 176 165 163 164 176 165 163 164 176 165 163 164 176 165 163 164 176 165 163 169 176 165 163 167 176 165,0.34911105036735535,1,2026-06-14 16:07:30+00:00,2026-06-14 16:07:34+00:00
all,verify_checkout_discount_delay_001,356290651,1781453256.0,1781453259.0,0,63,163 170 177 165 163 170 177 165 163 165 10 2 38 4 5 161 163 164 176 165 163 169 176 163 164 165 176 165 163 172 173 174 175 165 163 164 176 165 163 166 165 163 167 176 165 163 166 165 163 167 176 165 163 166 165 163 167 176 165 163 170 177 165,0.3563462495803833,1,2026-06-14 16:07:36+00:00,2026-06-14 16:07:39+00:00
all,verify_checkout_discount_delay_001,356290652,1781453260.0,1781453264.0,0,65,13 163 164 176 165 163 169 176 165 163 172 173 175 176 165 163 167 176 165 163 170 177 176 165 163 165 163 164 176 165 163 164 176 165 163 169 176 165 163 166 165 163 167 176 165 1 2 39 4 5 161 163 164 176 165 163 169 176 165 163 172 173 174 175 165,0.35824674367904663,1,2026-06-14 16:07:40+00:00,2026-06-14 16:07:44+00:00
all,verify_checkout_discount_delay_001,356290653,1781453265.0,1781453269.0,0,56,163 164 176 165 163 166 165 163 167 176 165 163 166 165 163 167 176 165 163 165 163 164 176 165 163 164 176 165 163 164 176 165 163 164 176 165 163 164 176 165 163 169 176 165 163 164 176 165 163 164 176 165 163 169 176 165,0.34089013934135437,1,2026-06-14 16:07:45+00:00,2026-06-14 16:07:49+00:00
all,verify_checkout_discount_delay_001,356290654,1781453270.0,1781453274.0,0,44,163 166 165 163 167 176 165 163 165 163 166 165 163 167 176 163 164 176 165 165 163 164 176 165 163 169 176 165 163 164 176 165 163 164 176 165 163 164 176 165 163 164 176 165,0.351947158575058,1,2026-06-14 16:07:50+00:00,2026-06-14 16:07:54+00:00
all,verify_checkout_discount_delay_001,356290655,1781453276.0,1781453279.0,0,54,163 165 163 164 176 165 163 164 176 165 8 163 164 176 165 163 169 176 165 163 172 173 175 176 165 163 170 177 176 165 163 170 177 165 163 164 176 165 163 164 176 165 163 169 176 165 163 167 176 165 163 164 176 165,0.3557894229888916,1,2026-06-14 16:07:56+00:00,2026-06-14 16:07:59+00:00
all,verify_checkout_discount_delay_001,356290656,1781453280.0,1781453284.0,0,39,163 164 176 165 163 170 177 176 165 163 170 177 165 163 165 163 164 176 165 163 164 176 165 163 167 176 165 163 164 176 165 163 170 177 165 163 170 177 165,0.36448338627815247,1,2026-06-14 16:08:00+00:00,2026-06-14 16:08:04+00:00
all,verify_checkout_discount_delay_001,356290657,1781453285.0,1781453288.0,0,33,163 164 176 165 163 164 176 165 163 165 163 164 176 165 163 167 176 165 163 166 165 163 167 176 165 163 164 176 165 163 164 176 165,0.35313132405281067,1,2026-06-14 16:08:05+00:00,2026-06-14 16:08:08+00:00
all,verify_checkout_discount_delay_001,356290658,1781453291.0,1781453294.0,0,57,163 164 176 165 163 169 176 165 163 165 8 163 164 176 165 163 164 176 165 163 169 176 165 163 172 173 175 176 165 163 164 176 165 163 169 176 165 163 164 176 165 163 164 176 165 163 170 177 165 163 164 176 165 163 164 176 165,0.34894388914108276,1,2026-06-14 16:08:11+00:00,2026-06-14 16:08:14+00:00
all,verify_checkout_discount_delay_001,356290659,1781453296.0,1781453299.0,0,37,163 165 163 164 176 165 163 164 176 165 163 164 176 165 163 169 176 165 163 166 165 163 167 176 165 163 164 176 165 163 164 176 165 163 164 176 165,0.3522758483886719,1,2026-06-14 16:08:16+00:00,2026-06-14 16:08:19+00:00
all,verify_checkout_discount_delay_001,356290660,1781453300.0,1781453304.0,0,46,163 164 176 165 163 164 176 165 163 164 176 165 163 169 176 165 163 165 163 164 176 165 163 167 176 165 163 167 176 165 163 164 176 165 163 169 176 165 163 170 177 165 163 164 176 165,0.3459947407245636,1,2026-06-14 16:08:20+00:00,2026-06-14 16:08:24+00:00
all,verify_checkout_discount_delay_001,356290661,1781453306.0,1781453309.0,0,26,163 165 163 170 177 165 163 170 177 176 165 163 164 163 170 165 165 163 164 165 163 164 163 164 165 165,0.2924007177352905,1,2026-06-14 16:08:26+00:00,2026-06-14 16:08:29+00:00
all,verify_checkout_discount_delay_001,356290662,1781453310.0,1781453314.0,0,40,163 164 165 163 164 165 163 170 165 163 164 163 167 165 163 165 171 165 163 164 165 163 164 165 163 164 165 163 169 165 163 170 163 164 165 165 163 164 165 163,0.20674312114715576,1,2026-06-14 16:08:30+00:00,2026-06-14 16:08:34+00:00
all,verify_checkout_discount_delay_001,356290663,1781453315.0,1781453319.0,0,36,164 165 163 169 165 163 170 163 164 165 165 163 164 165 163 166 165 163 167 163 165 163 170 165 171 165 163 170 165 163 164 165 163 167 171 165,0.20821289718151093,1,2026-06-14 16:08:35+00:00,2026-06-14 16:08:39+00:00
all,verify_checkout_discount_delay_001,356290664,1781453320.0,1781453324.0,0,71,163 164 165 163 169 165 163 170 163 164 165 165 163 169 165 163 170 165 35 2 161 163 164 165 163 164 165 163 165 163 164 165 163 169 165 163 170 165 163 172 173 40 4 5 174 175 165 163 164 165 163 169 165 163 170 165 163 164 165 163 164 165 163 164 165 163 164 165 163 164 165,0.2975637912750244,1,2026-06-14 16:08:40+00:00,2026-06-14 16:08:44+00:00
all,verify_checkout_discount_delay_001,356290665,1781453326.0,1781453329.0,0,34,163 170 165 163 165 163 166 165 163 167 163 164 165 171 165 163 164 165 163 164 165 163 169 165 163 170 165 163 166 165 163 167 171 165,0.20879998803138733,1,2026-06-14 16:08:46+00:00,2026-06-14 16:08:49+00:00
all,verify_checkout_discount_delay_001,356290666,1781453330.0,1781453334.0,0,68,163 166 165 163 167 163 167 163 164 171 171 165 165 165 163 169 165 163 170 165 163 166 165 163 167 163 164 165 163 164 165 171 165 163 164 165 163 165 163 164 165 163 164 165 163 164 165 163 164 165 163 169 165 163 170 165 163 164 165 163 164 165 163 169 165 163 170 165,0.22138632833957672,1,2026-06-14 16:08:50+00:00,2026-06-14 16:08:54+00:00
all,verify_checkout_discount_delay_001,356290667,1781453336.0,1781453339.0,0,33,163 166 165 163 167 163 164 165 171 165 163 170 165 163 165 163 164 165 163 164 165 163 164 165 163 169 165 163 170 165 163 170 165,0.20748354494571686,1,2026-06-14 16:08:56+00:00,2026-06-14 16:08:59+00:00
all,verify_checkout_discount_delay_001,356290668,1781453340.0,1781453344.0,0,33,163 166 165 163 167 171 165 163 164 165 163 169 165 163 170 165 163 165 163 164 165 163 164 165 163 164 165 163 170 165 163 164 165,0.20786841213703156,1,2026-06-14 16:09:00+00:00,2026-06-14 16:09:04+00:00
all,verify_checkout_discount_delay_001,356290669,1781453345.0,1781453349.0,0,38,163 164 165 163 169 165 163 170 165 163 164 165 163 165 163 164 165 163 164 165 163 164 165 163 169 165 163 170 165 163 170 165 163 164 165 163 170 165,0.2095302790403366,1,2026-06-14 16:09:05+00:00,2026-06-14 16:09:09+00:00
all,verify_checkout_discount_delay_001,356290670,1781453351.0,1781453354.0,0,24,163 164 165 163 170 163 165 165 163 164 165 163 169 165 163 170 165 163 164 165 163 167 171 165,0.19333413243293762,0,2026-06-14 16:09:11+00:00,2026-06-14 16:09:14+00:00
all,verify_checkout_discount_delay_001,356290671,1781453355.0,1781453359.0,0,42,163 167 171 165 163 164 165 163 169 165 163 170 165 163 165 163 164 165 163 164 165 163 170 165 35 2 161 163 164 165 163 164 165 163 169 165 163 170 165 163 172 173,0.2057586908340454,1,2026-06-14 16:09:15+00:00,2026-06-14 16:09:19+00:00
all,verify_checkout_discount_delay_001,356290672,1781453360.0,1781453364.0,0,64,41 4 5 10 2 42 4 5 161 174 175 165 163 164 165 163 164 165 163 164 165 163 169 165 163 170 163 166 165 165 163 167 163 172 173 174 175 165 171 165 163 165 163 166 165 163 167 171 165 163 166 165 163 167 171 165 163 164 165 163 169 165 163 170,0.2937902808189392,1,2026-06-14 16:09:20+00:00,2026-06-14 16:09:24+00:00
all,verify_checkout_discount_delay_001,356290673,1781453365.0,1781453369.0,0,52,165 163 164 165 163 164 165 163 164 163 164 165 163 169 165 163 170 165 165 163 170 165 163 164 165 163 164 165 163 170 165 163 165 163 170 165 163 164 165 163 164 165 163 164 165 163 166 165 163 167 171 165,0.20636066794395447,1,2026-06-14 16:09:25+00:00,2026-06-14 16:09:29+00:00
all,verify_checkout_discount_delay_001,356290674,1781453371.0,1781453374.0,0,31,163 166 165 163 167 171 165 163 165 163 164 165 163 170 165 163 164 165 163 167 171 165 163 164 165 163 170 165 163 164 165,0.20407824218273163,0,2026-06-14 16:09:31+00:00,2026-06-14 16:09:34+00:00
all,verify_checkout_discount_delay_001,356290675,1781453376.0,1781453379.0,0,23,163 170 165 163 170 165 163 164 165 163 164 165 163 164 165 163 165 163 170 165 163 170 165,0.1891498863697052,0,2026-06-14 16:09:36+00:00,2026-06-14 16:09:39+00:00
all,verify_checkout_discount_delay_001,356290676,1781453380.0,1781453384.0,0,35,163 164 165 163 166 165 163 167 171 165 163 165 163 166 165 163 167 163 164 165 163 164 171 165 165 163 164 165 163 167 171 165 163 164 165,0.2076720893383026,1,2026-06-14 16:09:40+00:00,2026-06-14 16:09:44+00:00
all,verify_checkout_discount_delay_001,356290677,1781453385.0,1781453389.0,0,25,163 164 165 163 164 165 163 167 163 165 171 165 163 170 165 163 170 165 163 167 171 165 163 164 165,0.19517718255519867,0,2026-06-14 16:09:45+00:00,2026-06-14 16:09:49+00:00
all,verify_checkout_discount_delay_001,356290678,1781453390.0,1781453394.0,0,48,163 164 165 163 164 165 163 164 165 163 165 163 164 165 163 164 165 163 169 165 163 170 165 163 164 165 163 164 165 163 164 165 163 169 165 163 170 165 163 164 165 163 166 165 163 167 163 164,0.20487047731876373,0,2026-06-14 16:09:50+00:00,2026-06-14 16:09:54+00:00
all,verify_checkout_discount_delay_001,356290679,1781453395.0,1781453399.0,0,32,165 163 169 165 163 170 165 171 165 163 170 165 163 170 163 164 165 165 163 165 163 164 165 163 170 165 163 170 165 163 164 165,0.20458269119262695,0,2026-06-14 16:09:55+00:00,2026-06-14 16:09:59+00:00
all,verify_checkout_discount_delay_001,356290680,1781453400.0,1781453404.0,0,73,163 164 165 163 165 163 164 165 163 169 165 163 170 165 163 164 1 2 43 4 5 161 165 163 169 165 163 170 165 163 172 173 163 170 174 175 165 165 163 170 165 163 166 165 163 167 163 164 163 164 163 164 165 165 165 171 165 163 164 165 163 166 165 163 167 163 164 165 163 169 165 163 170,0.3184034526348114,1,2026-06-14 16:10:00+00:00,2026-06-14 16:10:04+00:00
all,verify_checkout_discount_delay_001,356290681,1781453405.0,1781453408.0,0,35,171 165 165 163 164 165 163 165 163 164 163 164 165 163 169 165 165 163 170 163 169 165 163 170 165 165 163 170 165 163 164 165 163 164 165,0.21567018330097198,1,2026-06-14 16:10:05+00:00,2026-06-14 16:10:08+00:00
all,verify_checkout_discount_delay_001,356290682,1781453410.0,1781453414.0,0,44,163 164 165 163 167 171 165 163 167 163 165 171 165 163 164 165 163 166 165 163 167 171 165 163 170 165 163 164 165 163 164 165 163 169 165 163 170 165 163 164 165 163 164 165,0.21648332476615906,1,2026-06-14 16:10:10+00:00,2026-06-14 16:10:14+00:00
all,verify_checkout_discount_delay_001,356290683,1781453415.0,1781453419.0,0,52,163 164 165 163 164 165 163 164 165 163 169 165 163 170 165 163 164 165 163 165 163 170 165 163 166 165 163 167 163 170 165 171 165 163 164 165 163 164 165 163 166 165 163 167 171 165 163 164 165 163 164 165,0.22054611146450043,1,2026-06-14 16:10:15+00:00,2026-06-14 16:10:19+00:00
all,verify_checkout_discount_delay_001,356290684,1781453420.0,1781453423.0,0,26,163 164 165 163 164 165 163 164 165 163 164 165 163 165 163 164 165 163 164 165 163 164 165 163 164 165,0.2046830654144287,0,2026-06-14 16:10:20+00:00,2026-06-14 16:10:23+00:00
all,verify_checkout_discount_delay_001,356290685,1781453425.0,1781453429.0,0,45,163 164 165 163 170 165 163 164 165 163 169 165 163 170 165 163 164 165 163 165 163 166 165 163 167 163 164 165 171 165 163 164 165 163 164 165 163 164 165 163 170 165 163 170 165,0.21711334586143494,1,2026-06-14 16:10:25+00:00,2026-06-14 16:10:29+00:00
all,verify_checkout_discount_delay_001,356290686,1781453430.0,1781453433.0,0,23,163 164 165 163 170 165 163 164 165 163 165 163 164 165 163 164 165 163 170 165 163 164 165,0.19521266222000122,0,2026-06-14 16:10:30+00:00,2026-06-14 16:10:33+00:00
all,verify_checkout_discount_delay_001,356290687,1781453435.0,1781453439.0,0,51,163 164 165 163 164 165 163 165 163 164 165 163 166 165 163 167 171 165 163 166 165 163 167 171 165 163 164 165 163 166 165 163 167 163 166 165 163 167 171 165 171 165 163 164 163 170 163 164 165 165 165,0.22159409523010254,1,2026-06-14 16:10:35+00:00,2026-06-14 16:10:39+00:00
all,verify_checkout_discount_delay_001,356290688,1781453441.0,1781453444.0,0,34,163 165 163 170 165 163 164 165 163 166 165 163 167 163 166 165 163 167 171 165 171 165 163 164 165 163 164 165 163 164 165 163 164 165,0.21574650704860687,1,2026-06-14 16:10:41+00:00,2026-06-14 16:10:44+00:00
all,verify_checkout_discount_delay_001,356290689,1781453445.0,1781453449.0,0,46,163 167 163 164 35 2 44 4 5 161 171 165 165 163 169 165 163 170 165 163 172 173 174 175 165 163 165 163 170 165 163 166 165 163 167 171 165 163 164 165 163 164 165 163 164 165,0.2902549207210541,1,2026-06-14 16:10:45+00:00,2026-06-14 16:10:49+00:00
all,verify_checkout_discount_delay_001,356290690,1781453450.0,1781453454.0,0,65,163 164 165 163 164 165 163 170 165 163 164 165 163 169 165 163 170 165 163 166 165 163 167 163 165 171 165 163 166 165 163 167 163 164 165 171 165 163 164 165 163 164 165 163 169 165 163 170 165 163 170 165 163 166 165 163 167 171 165 163 164 165 163 170 165,0.21236351132392883,1,2026-06-14 16:10:50+00:00,2026-06-14 16:10:54+00:00
all,verify_checkout_discount_delay_001,356290691,1781453455.0,1781453459.0,0,48,163 164 165 163 166 165 163 167 163 164 165 171 165 163 164 165 163 164 165 163 169 165 163 170 165 163 165 163 166 165 163 167 163 164 165 171 165 163 164 165 163 164 165 163 166 165 163 167,0.20539049804210663,1,2026-06-14 16:10:55+00:00,2026-06-14 16:10:59+00:00
all,verify_checkout_discount_delay_001,356290692,1781453460.0,1781453463.0,0,25,171 165 163 170 165 163 165 163 164 165 163 164 163 164 165 165 163 164 165 163 164 165 163 164 165,0.19488386809825897,0,2026-06-14 16:11:00+00:00,2026-06-14 16:11:03+00:00
all,verify_checkout_discount_delay_001,356290693,1781453465.0,1781453469.0,0,74,163 167 171 165 163 164 165 163 166 165 163 167 171 165 163 164 165 163 164 165 163 165 163 164 165 163 169 165 163 170 165 163 164 165 163 166 165 163 167 171 165 163 164 165 163 164 165 35 2 45 4 5 161 163 170 165 163 164 165 163 169 165 163 164 163 170 165 165 163 172 173 174 175 165,0.28219273686408997,1,2026-06-14 16:11:05+00:00,2026-06-14 16:11:09+00:00
all,verify_checkout_discount_delay_001,356290694,1781453470.0,1781453474.0,0,55,163 170 165 163 164 165 163 164 165 163 165 163 164 165 163 169 165 163 170 163 164 165 165 163 169 165 163 170 163 166 165 163 167 165 171 165 163 164 165 163 164 165 163 167 171 165 163 164 165 163 169 165 163 170 165,0.2064075917005539,1,2026-06-14 16:11:10+00:00,2026-06-14 16:11:14+00:00
all,verify_checkout_discount_delay_001,356290695,1781453475.0,1781453479.0,0,70,6 2 46 4 5 161 163 164 165 163 169 165 163 170 165 163 172 173 174 175 165 163 164 165 163 165 1 2 47 4 5 161 163 164 165 163 169 165 163 170 165 163 172 173 174 175 165 163 166 165 163 167 171 165 163 164 165 163 166 165 163 167 171 165 163 170 165 163 164 165,0.3363586962223053,1,2026-06-14 16:11:15+00:00,2026-06-14 16:11:19+00:00
all,verify_checkout_discount_delay_001,356290696,1781453480.0,1781453484.0,0,47,1 2 48 4 5 161 163 164 165 163 169 165 163 170 163 164 165 163 172 173 165 174 175 165 163 165 163 164 163 170 165 165 163 164 165 163 164 165 163 164 165 163 164 165 163 170 165,0.277555912733078,1,2026-06-14 16:11:20+00:00,2026-06-14 16:11:24+00:00
all,verify_checkout_discount_delay_001,356290697,1781453485.0,1781453489.0,0,38,163 164 165 163 169 165 163 170 165 163 164 165 163 165 163 170 165 163 164 165 163 164 165 163 170 165 163 170 165 163 170 163 164 165 165 163 164 165,0.20906485617160797,1,2026-06-14 16:11:25+00:00,2026-06-14 16:11:29+00:00
all,verify_checkout_discount_delay_001,356290698,1781453490.0,1781453494.0,0,66,1 163 164 165 163 166 165 163 167 171 165 163 164 165 163 169 165 163 170 165 163 172 173 2 49 4 5 161 174 175 165 163 165 163 164 165 163 164 165 163 169 165 163 170 165 163 170 165 163 164 165 163 164 165 163 164 163 170 165 163 170 165 165 163 170 165,0.3095029890537262,1,2026-06-14 16:11:30+00:00,2026-06-14 16:11:34+00:00
all,verify_checkout_discount_delay_001,356290699,1781453495.0,1781453499.0,0,24,163 164 165 163 165 163 164 165 163 164 165 163 167 163 170 165 171 165 163 164 165 163 164 165,0.19331175088882446,0,2026-06-14 16:11:35+00:00,2026-06-14 16:11:39+00:00
all,verify_checkout_discount_delay_001,356290700,1781453500.0,1781453504.0,0,70,163 167 163 166 165 163 167 171 165 171 165 163 164 165 163 164 165 163 165 6 2 50 4 5 161 163 164 165 163 169 165 163 170 165 163 172 173 174 175 165 163 166 165 163 167 171 165 163 164 165 163 169 165 163 170 163 166 165 163 167 165 163 170 163 167 165 171 165 171 165,0.32782864570617676,1,2026-06-14 16:11:40+00:00,2026-06-14 16:11:44+00:00
all,verify_checkout_discount_delay_001,356290701,1781453505.0,1781453509.0,0,35,163 164 165 163 164 165 163 169 163 164 165 163 170 165 163 169 165 163 170 165 165 163 165 163 164 165 163 164 165 163 164 163 164 165 165,0.2083415687084198,1,2026-06-14 16:11:45+00:00,2026-06-14 16:11:49+00:00
all,verify_checkout_discount_delay_001,356290702,1781453510.0,1781453514.0,0,39,163 164 165 163 164 165 163 165 163 164 165 163 164 165 1 2 51 4 5 161 163 164 165 163 170 165 163 164 165 163 169 165 163 170 165 163 172 173 174,0.31373289227485657,1,2026-06-14 16:11:50+00:00,2026-06-14 16:11:54+00:00
all,verify_checkout_discount_delay_001,356290703,1781453515.0,1781453519.0,0,56,175 165 163 164 165 163 166 165 163 167 171 165 163 170 165 163 170 165 163 165 35 2 52 4 5 161 163 164 165 163 164 165 163 169 165 163 170 165 163 172 173 174 175 165 163 164 165 163 164 165 163 164 165 163 164 165,0.31656715273857117,1,2026-06-14 16:11:55+00:00,2026-06-14 16:11:59+00:00
all,verify_checkout_discount_delay_001,356290704,1781453520.0,1781453523.0,0,39,163 166 165 163 167 163 166 165 163 167 163 164 163 167 165 171 165 171 165 171 165 163 165 163 164 165 163 164 165 163 166 165 163 167 171 165 163 164 165,0.20771528780460358,1,2026-06-14 16:12:00+00:00,2026-06-14 16:12:03+00:00
all,verify_checkout_discount_delay_001,356290705,1781453525.0,1781453529.0,0,54,163 164 165 163 164 165 163 164 165 163 165 163 166 165 163 167 171 165 163 167 171 165 163 164 165 163 169 165 163 170 165 163 166 165 163 167 171 165 163 164 165 163 164 165 163 164 163 166 165 163 167 165 171 165,0.2159751057624817,1,2026-06-14 16:12:05+00:00,2026-06-14 16:12:09+00:00
all,verify_checkout_discount_delay_001,356290706,1781453530.0,1781453534.0,0,50,163 164 165 163 164 165 163 164 165 163 165 163 164 165 163 166 165 163 167 171 165 163 164 165 1 2 53 4 5 161 163 164 165 163 169 165 163 170 165 163 172 173 174 175 165 163 164 165 163 170,0.31377238035202026,1,2026-06-14 16:12:10+00:00,2026-06-14 16:12:14+00:00
all,verify_checkout_discount_delay_001,356290707,1781453535.0,1781453539.0,0,48,165 1 2 54 4 5 161 163 164 165 163 169 165 163 170 165 163 172 173 174 175 165 163 165 163 164 165 163 170 165 163 164 165 163 169 165 163 170 165 163 164 165 163 170 165 163 164 165,0.3003496825695038,1,2026-06-14 16:12:15+00:00,2026-06-14 16:12:19+00:00
all,verify_checkout_discount_delay_001,356290708,1781453540.0,1781453544.0,0,37,163 166 165 163 167 163 164 165 171 165 163 164 165 163 165 163 164 165 163 164 163 166 165 163 167 165 163 164 165 171 165 163 164 165 163 164 165,0.21315385401248932,1,2026-06-14 16:12:20+00:00,2026-06-14 16:12:24+00:00
all,verify_checkout_discount_delay_001,356290709,1781453545.0,1781453549.0,0,35,163 170 163 164 165 165 163 167 163 166 165 163 167 171 165 171 165 163 165 163 164 165 163 164 165 163 166 165 163 167 171 165 163 164 165,0.21217721700668335,1,2026-06-14 16:12:25+00:00,2026-06-14 16:12:29+00:00
all,verify_checkout_discount_delay_001,356290710,1781453550.0,1781453554.0,0,29,163 164 165 163 165 163 164 163 167 165 171 165 163 164 165 163 164 165 163 170 165 163 170 165 163 164 165 163 164,0.20713193714618683,1,2026-06-14 16:12:30+00:00,2026-06-14 16:12:34+00:00
all,verify_checkout_discount_delay_001,356290711,1781453555.0,1781453559.0,0,60,165 163 164 165 163 164 165 163 169 13 2 55 4 5 161 165 163 170 165 163 172 173 174 175 165 163 170 165 163 165 163 164 165 163 169 165 163 170 6 2 56 4 5 161 165 163 172 173 174 175 165 163 170 165 163 170 165 163 170 165,0.3379867374897003,1,2026-06-14 16:12:35+00:00,2026-06-14 16:12:39+00:00
all,verify_checkout_discount_delay_001,356290712,1781453560.0,1781453564.0,0,52,163 164 165 163 165 163 164 165 163 164 165 10 2 57 4 5 161 163 164 165 163 169 165 163 170 165 163 172 173 174 175 165 163 166 165 163 167 171 165 163 164 165 163 166 165 163 167 171 165 163 164 165,0.33467352390289307,1,2026-06-14 16:12:40+00:00,2026-06-14 16:12:44+00:00
all,verify_checkout_discount_delay_001,356290713,1781453565.0,1781453569.0,0,37,163 164 165 163 164 165 163 165 163 164 165 163 164 165 163 166 165 163 167 171 165 163 167 171 165 163 170 165 163 164 165 163 164 165 163 170 165,0.21201418340206146,1,2026-06-14 16:12:45+00:00,2026-06-14 16:12:49+00:00
all,verify_checkout_discount_delay_001,356290714,1781453570.0,1781453574.0,0,56,163 164 165 163 169 165 163 170 165 163 164 165 163 169 165 163 170 165 163 164 165 163 165 163 164 165 163 164 165 163 164 165 163 164 165 163 164 165 163 169 165 163 170 163 164 165 165 163 164 165 163 169 165 163 170 165,0.21455064415931702,1,2026-06-14 16:12:50+00:00,2026-06-14 16:12:54+00:00
all,verify_checkout_discount_delay_001,356290715,1781453576.0,1781453579.0,0,43,163 165 163 166 165 163 167 163 170 165 163 164 165 171 165 163 166 165 163 167 163 164 165 171 165 163 164 165 163 169 165 163 170 165 163 164 165 163 164 165 163 164 165,0.2096932977437973,1,2026-06-14 16:12:56+00:00,2026-06-14 16:12:59+00:00
all,verify_checkout_discount_delay_001,356290716,1781453580.0,1781453584.0,0,54,163 164 163 170 165 163 169 165 163 170 165 165 163 165 10 2 58 4 5 161 163 164 165 163 164 165 163 169 165 163 170 165 163 172 173 174 175 165 163 166 165 163 167 171 165 163 164 165 163 169 165 163 170 165,0.31994688510894775,1,2026-06-14 16:13:00+00:00,2026-06-14 16:13:04+00:00
all,verify_checkout_discount_delay_001,356290717,1781453585.0,1781453589.0,0,61,8 2 59 4 5 161 163 164 163 170 165 163 169 165 163 170 163 164 163 170 165 165 163 172 173 165 165 174 175 165 163 164 165 163 164 163 165 165 163 166 165 163 167 171 165 163 167 171 165 163 164 165 163 169 165 163 170 165 163 164 165,0.2977747619152069,1,2026-06-14 16:13:05+00:00,2026-06-14 16:13:09+00:00
all,verify_checkout_discount_delay_001,356290718,1781453590.0,1781453594.0,0,63,163 164 165 163 170 163 170 165 165 163 164 165 163 165 163 170 163 170 165 165 163 170 165 163 166 165 163 167 171 165 163 170 165 1 2 60 4 5 161 163 164 165 163 169 165 163 170 163 170 165 163 172 173 174 175 165 163 164 165 165 163 170 165,0.30167877674102783,1,2026-06-14 16:13:10+00:00,2026-06-14 16:13:14+00:00
all,verify_checkout_discount_delay_001,356290719,1781453595.0,1781453599.0,0,52,163 164 165 163 169 165 163 170 165 163 166 165 163 167 163 164 171 165 165 163 164 163 170 165 165 163 165 163 167 171 165 163 164 165 163 170 165 163 164 165 163 169 165 163 170 165 163 164 165 163 170 165,0.21266061067581177,1,2026-06-14 16:13:15+00:00,2026-06-14 16:13:19+00:00
all,verify_checkout_discount_delay_001,356290720,1781453600.0,1781453604.0,0,53,163 164 165 163 164 165 163 170 165 163 164 163 170 163 165 165 165 163 169 165 163 170 165 163 164 165 163 170 165 1 2 61 4 5 161 163 164 165 163 169 165 163 170 165 163 172 173 174 175 165 163 164 165,0.3121723532676697,1,2026-06-14 16:13:20+00:00,2026-06-14 16:13:24+00:00
all,verify_checkout_discount_delay_001,356290721,1781453605.0,1781453609.0,0,35,163 170 165 163 164 165 163 165 163 164 165 163 164 165 163 164 165 163 164 165 163 169 165 163 170 165 163 164 165 163 169 165 163 170 165,0.2184637188911438,1,2026-06-14 16:13:25+00:00,2026-06-14 16:13:29+00:00
all,verify_checkout_discount_delay_001,356290722,1781453610.0,1781453614.0,0,41,163 164 165 163 164 165 163 164 165 163 164 165 163 165 163 164 165 163 169 165 163 170 165 163 164 165 163 164 165 163 170 165 163 170 165 163 164 165 163 164 165,0.21980993449687958,1,2026-06-14 16:13:30+00:00,2026-06-14 16:13:34+00:00
all,verify_checkout_discount_delay_001,356290723,1781453615.0,1781453619.0,0,38,13 2 62 4 5 161 163 164 165 163 169 165 163 170 165 163 172 173 174 175 165 163 164 165 163 165 163 164 165 163 164 165 163 170 165 163 164 165,0.3013879954814911,1,2026-06-14 16:13:35+00:00,2026-06-14 16:13:39+00:00
all,verify_checkout_discount_delay_001,356290724,1781453620.0,1781453624.0,0,46,163 164 165 163 164 165 163 166 165 163 167 171 165 163 165 163 170 165 163 164 165 163 170 165 163 170 165 163 164 165 163 169 165 163 170 165 163 167 163 167 171 165 171 165 163 167,0.22126182913780212,1,2026-06-14 16:13:40+00:00,2026-06-14 16:13:44+00:00
all,verify_checkout_discount_delay_001,356290725,1781453625.0,1781453629.0,0,47,163 164 165 171 165 163 164 165 163 164 165 163 170 165 163 165 163 164 165 163 164 165 163 169 165 163 170 165 163 164 165 163 164 165 163 169 165 163 170 165 163 166 165 163 167 171 165,0.22151516377925873,1,2026-06-14 16:13:45+00:00,2026-06-14 16:13:49+00:00
all,verify_checkout_discount_delay_001,356290726,1781453630.0,1781453634.0,0,31,163 164 165 163 166 165 163 167 171 165 163 165 163 166 165 163 167 163 164 165 171 165 163 170 165 163 164 165 163 164 165,0.21602419018745422,1,2026-06-14 16:13:50+00:00,2026-06-14 16:13:54+00:00
all,verify_checkout_discount_delay_001,356290727,1781453635.0,1781453639.0,0,44,163 164 165 163 164 165 163 169 165 163 170 165 163 166 165 163 167 163 166 165 163 167 171 165 171 165 163 165 163 164 163 164 165 165 163 170 163 166 165 163 167 165 171 165,0.22085420787334442,1,2026-06-14 16:13:55+00:00,2026-06-14 16:13:59+00:00
all,verify_checkout_discount_delay_001,356290728,1781453640.0,1781453642.0,0,48,163 166 165 163 167 171 165 163 166 165 163 167 171 165 163 164 165 163 166 165 163 167 163 165 163 164 163 167 165 163 169 165 163 170 171 165 165 171 165 163 164 165 163 169 165 163 170 165,0.22252888977527618,1,2026-06-14 16:14:00+00:00,2026-06-14 16:14:02+00:00
all,verify_checkout_discount_delay_001,356290729,1781453645.0,1781453649.0,0,32,163 164 163 164 165 165 163 165 163 164 165 163 164 165 163 164 165 163 164 165 163 164 165 163 164 163 164 165 165 163 164 165,0.2073841094970703,1,2026-06-14 16:14:05+00:00,2026-06-14 16:14:09+00:00
all,verify_checkout_discount_delay_001,356290730,1781453651.0,1781453654.0,0,37,163 165 163 164 165 163 164 165 163 164 165 163 169 165 163 170 165 163 166 165 163 167 171 165 163 170 165 163 170 165 163 167 171 165 163 164 165,0.2092091143131256,1,2026-06-14 16:14:11+00:00,2026-06-14 16:14:14+00:00
all,verify_checkout_discount_delay_001,356290731,1781453655.0,1781453659.0,0,41,163 164 165 163 169 165 163 170 165 163 164 165 163 169 165 163 170 165 163 165 163 164 165 163 170 165 163 164 165 163 164 165 163 167 171 165 163 164 165 163 164,0.2068672627210617,1,2026-06-14 16:14:15+00:00,2026-06-14 16:14:19+00:00
all,verify_checkout_discount_delay_001,356290732,1781453660.0,1781453664.0,0,42,165 163 164 165 163 165 163 164 165 163 169 165 163 170 165 163 164 165 163 164 165 163 164 165 163 170 165 163 164 165 163 169 165 163 170 163 170 165 163 164 165 165,0.2061685174703598,1,2026-06-14 16:14:20+00:00,2026-06-14 16:14:24+00:00
all,verify_checkout_discount_delay_001,356290733,1781453665.0,1781453669.0,0,70,163 164 165 163 169 165 163 170 165 163 164 165 163 165 163 164 165 35 2 63 4 5 161 162 163 164 165 163 169 165 163 170 165 163 164 165 163 169 165 163 170 165 163 172 173 174 175 165 163 164 165 163 164 165 163 169 165 163 170 165 163 166 165 163 167 163 164 171 165 165,0.34160086512565613,1,2026-06-14 16:14:25+00:00,2026-06-14 16:14:29+00:00
all,verify_checkout_discount_delay_001,356290734,1781453671.0,1781453674.0,0,36,163 164 165 163 164 165 163 165 163 164 165 163 169 165 163 170 165 163 164 165 163 164 165 163 166 165 163 167 171 165 163 164 165 163 164 165,0.20867110788822174,1,2026-06-14 16:14:31+00:00,2026-06-14 16:14:34+00:00
all,verify_checkout_discount_delay_001,356290735,1781453675.0,1781453677.0,0,51,163 164 165 163 164 165 163 164 165 163 164 165 163 165 163 164 165 163 169 165 163 170 1 2 64 4 5 161 162 165 163 164 165 163 169 165 163 170 165 163 172 173 163 164 165 174 175 165 163 164 165,0.32509589195251465,1,2026-06-14 16:14:35+00:00,2026-06-14 16:14:37+00:00
all,verify_checkout_discount_delay_001,356290736,1781453680.0,1781453684.0,0,50,163 164 165 163 169 165 163 170 165 163 164 165 163 167 163 165 163 164 165 171 165 163 170 165 163 164 165 163 167 171 165 163 166 165 163 167 163 164 163 164 165 163 169 165 165 163 170 171 165 165,0.2077285647392273,1,2026-06-14 16:14:40+00:00,2026-06-14 16:14:44+00:00
all,verify_checkout_discount_delay_001,356290737,1781453685.0,1781453688.0,0,30,163 164 165 163 169 165 163 170 165 163 167 163 165 163 164 165 171 165 163 170 165 163 164 165 163 164 165 163 164 165,0.2057608962059021,1,2026-06-14 16:14:45+00:00,2026-06-14 16:14:48+00:00
all,verify_checkout_discount_delay_001,356290738,1781453690.0,1781453693.0,0,60,163 166 165 163 167 171 165 163 164 165 8 2 65 4 5 161 162 163 164 165 163 169 165 163 170 163 164 165 163 167 163 165 165 163 172 173 174 171 175 165 165 163 166 165 163 167 171 165 163 164 165 163 164 165 163 164 165 163 170 165,0.35273095965385437,1,2026-06-14 16:14:50+00:00,2026-06-14 16:14:53+00:00
all,verify_checkout_discount_delay_001,356290739,1781453695.0,1781453699.0,0,44,163 164 165 163 169 165 163 170 165 163 164 163 164 165 165 163 165 163 167 171 165 163 166 165 163 167 171 165 163 164 163 164 165 165 163 164 165 163 164 165 163 167 171 165,0.20817400515079498,1,2026-06-14 16:14:55+00:00,2026-06-14 16:14:59+00:00
all,verify_checkout_discount_delay_001,356290740,1781453700.0,1781453704.0,0,37,163 164 165 163 167 171 165 163 165 163 164 165 163 170 165 163 167 171 165 163 166 165 163 167 171 165 163 164 165 163 164 165 163 166 165 163 167,0.21010559797286987,1,2026-06-14 16:15:00+00:00,2026-06-14 16:15:04+00:00
all,verify_checkout_discount_delay_001,356290741,1781453705.0,1781453709.0,0,49,171 165 163 164 165 163 170 165 163 165 163 164 165 163 164 165 163 169 165 163 170 165 163 164 165 163 164 165 163 170 165 163 164 165 163 166 165 163 167 171 165 163 166 165 163 167 163 170 165,0.21042382717132568,1,2026-06-14 16:15:05+00:00,2026-06-14 16:15:09+00:00
all,verify_checkout_discount_delay_001,356290742,1781453710.0,1781453714.0,0,29,171 165 163 164 165 163 167 163 170 163 164 165 165 171 165 163 165 163 164 165 163 164 165 163 164 165 163 164 165,0.20528475940227509,1,2026-06-14 16:15:10+00:00,2026-06-14 16:15:14+00:00
all,verify_checkout_discount_delay_001,356290743,1781453715.0,1781453719.0,0,64,163 166 165 163 167 163 164 165 171 165 163 165 163 166 165 163 167 171 165 163 164 165 163 164 165 163 164 165 35 2 66 4 5 161 162 163 166 165 163 167 171 165 163 164 165 163 169 165 163 170 163 167 165 163 172 173 163 164 174 165 175 165 171 165,0.3346046507358551,1,2026-06-14 16:15:15+00:00,2026-06-14 16:15:19+00:00
all,verify_checkout_discount_delay_001,356290744,1781453720.0,1781453724.0,0,35,163 166 165 163 167 163 164 165 171 165 163 170 165 163 167 171 165 163 165 163 166 165 163 167 163 164 165 171 165 163 164 163 170 165 165,0.20947600901126862,1,2026-06-14 16:15:20+00:00,2026-06-14 16:15:24+00:00
all,verify_checkout_discount_delay_001,356290745,1781453725.0,1781453729.0,0,58,163 164 165 163 164 165 163 165 163 167 171 165 163 164 165 163 164 165 13 163 164 165 163 164 165 163 164 163 164 165 163 169 165 163 170 165 165 163 172 173 2 67 4 5 161 162 174 175 165 163 164 165 163 169 165 163 170 165,0.31967276334762573,1,2026-06-14 16:15:25+00:00,2026-06-14 16:15:29+00:00
all,verify_checkout_discount_delay_001,356290746,1781453730.0,1781453734.0,0,23,163 164 165 163 165 163 164 165 163 164 165 163 164 165 163 170 165 163 164 165 163 164 165,0.19406382739543915,0,2026-06-14 16:15:30+00:00,2026-06-14 16:15:34+00:00
all,verify_checkout_discount_delay_001,356290747,1781453735.0,1781453739.0,0,36,163 164 165 163 164 165 163 164 165 163 165 163 170 165 163 166 165 163 167 171 165 163 164 165 163 164 165 163 164 165 163 170 163 164 165 165,0.21464820206165314,1,2026-06-14 16:15:35+00:00,2026-06-14 16:15:39+00:00
all,verify_checkout_discount_delay_001,356290748,1781453740.0,1781453744.0,0,36,1 2 68 4 5 161 162 163 164 165 163 169 165 163 170 165 163 172 173 174 175 165 163 165 163 164 165 163 170 165 163 164 165 163 170 165,0.3035549223423004,1,2026-06-14 16:15:40+00:00,2026-06-14 16:15:44+00:00
all,verify_checkout_discount_delay_001,356290749,1781453745.0,1781453749.0,0,39,163 164 165 163 169 165 163 170 165 163 164 165 163 164 165 163 165 163 166 165 163 167 163 170 165 171 165 163 164 165 163 164 165 163 169 165 163 170 165,0.2136426866054535,1,2026-06-14 16:15:45+00:00,2026-06-14 16:15:49+00:00
all,verify_checkout_discount_delay_001,356290750,1781453751.0,1781453754.0,0,40,13 163 165 163 164 165 163 164 165 163 169 165 163 170 165 163 172 173 2 69 4 5 161 162 174 175 165 163 167 171 165 163 164 165 163 164 165 163 164 165,0.34072360396385193,1,2026-06-14 16:15:51+00:00,2026-06-14 16:15:54+00:00
all,verify_checkout_discount_delay_001,356290751,1781453755.0,1781453759.0,0,44,163 170 163 164 165 165 163 164 165 163 166 165 163 167 171 165 163 165 163 164 165 163 166 165 163 167 171 165 163 164 165 163 164 165 163 166 165 163 167 163 170 165 171 165,0.21288788318634033,1,2026-06-14 16:15:55+00:00,2026-06-14 16:15:59+00:00
all,verify_checkout_discount_delay_001,356290752,1781453761.0,1781453764.0,0,41,163 164 165 163 165 163 164 165 163 164 165 163 164 165 163 164 165 163 169 163 164 165 163 170 165 163 169 165 163 170 165 165 163 164 165 163 164 165 163 170 165,0.21260866522789001,1,2026-06-14 16:16:01+00:00,2026-06-14 16:16:04+00:00
all,verify_checkout_discount_delay_001,356290753,1781453765.0,1781453769.0,0,58,163 164 165 163 169 165 163 170 165 163 164 165 163 165 163 164 165 163 164 165 163 169 165 163 170 165 163 170 165 163 166 165 163 167 171 165 163 164 165 163 169 165 163 170 165 163 164 165 163 169 165 163 170 163 167 165 171 165,0.2119792252779007,1,2026-06-14 16:16:05+00:00,2026-06-14 16:16:09+00:00
all,verify_checkout_discount_delay_001,356290754,1781453770.0,1781453774.0,0,50,163 164 165 163 166 165 163 167 163 165 171 165 163 170 165 163 164 165 163 169 165 163 170 165 163 170 165 163 164 165 163 169 165 163 170 165 163 164 165 163 164 165 163 164 165 163 164 165 163 164,0.2095119059085846,1,2026-06-14 16:16:10+00:00,2026-06-14 16:16:14+00:00
all,verify_checkout_discount_delay_001,356290755,1781453775.0,1781453779.0,0,53,165 163 164 165 163 164 165 163 166 165 163 167 163 165 171 165 35 2 70 4 5 161 162 163 164 165 163 169 165 163 170 165 163 172 173 163 164 163 164 174 175 165 163 164 165 165 163 169 165 163 170 165 165,0.3302502930164337,1,2026-06-14 16:16:15+00:00,2026-06-14 16:16:19+00:00
all,verify_checkout_discount_delay_001,356290756,1781453781.0,1781453784.0,0,27,163 170 165 163 165 163 164 165 163 164 165 163 164 165 163 166 165 163 167 163 164 165 171 165 163 164 165,0.2023036777973175,0,2026-06-14 16:16:21+00:00,2026-06-14 16:16:24+00:00
all,verify_checkout_discount_delay_001,356290757,1781453785.0,1781453789.0,0,68,163 164 165 163 166 165 163 167 163 164 171 165 165 163 169 165 163 170 165 163 165 163 164 165 163 164 165 163 164 165 163 169 165 163 170 165 163 164 165 163 169 165 163 170 165 163 166 165 163 167 163 164 165 171 165 163 170 165 163 166 165 163 167 171 165 163 164 165,0.22070789337158203,1,2026-06-14 16:16:25+00:00,2026-06-14 16:16:29+00:00
all,verify_checkout_discount_delay_001,356290758,1781453791.0,1781453794.0,0,36,163 164 165 163 165 163 164 165 163 167 171 165 163 167 163 164 165 171 165 163 167 171 165 163 164 165 163 166 165 163 167 163 164 165 171 165,0.21029943227767944,1,2026-06-14 16:16:31+00:00,2026-06-14 16:16:34+00:00
all,verify_checkout_discount_delay_001,356290759,1781453795.0,1781453799.0,0,37,163 164 165 163 165 163 164 165 163 166 165 163 167 163 170 171 165 165 163 164 165 163 166 165 163 167 163 170 171 165 165 163 164 163 164 165 165,0.20982299745082855,1,2026-06-14 16:16:35+00:00,2026-06-14 16:16:39+00:00
all,verify_checkout_discount_delay_001,356290760,1781453800.0,1781453804.0,0,34,163 166 165 163 167 163 170 163 170 165 165 171 165 163 165 163 164 165 163 170 165 163 164 165 163 167 171 165 163 164 165 163 164 165,0.20841515064239502,1,2026-06-14 16:16:40+00:00,2026-06-14 16:16:44+00:00
all,verify_checkout_discount_delay_001,356290761,1781453805.0,1781453809.0,0,57,163 166 165 163 167 171 165 163 164 165 163 169 165 163 170 165 163 165 163 166 165 163 167 163 170 165 171 165 163 164 165 163 164 165 163 170 165 163 170 165 163 166 165 163 167 163 166 165 163 167 163 164 165 171 165 171 165,0.22082366049289703,1,2026-06-14 16:16:45+00:00,2026-06-14 16:16:49+00:00
all,verify_checkout_discount_delay_001,356290762,1781453810.0,1781453814.0,0,37,163 170 165 163 164 165 163 169 165 163 170 165 163 167 163 170 165 171 163 165 165 163 164 165 163 170 165 163 167 163 170 165 171 165 163 164 165,0.21548549830913544,1,2026-06-14 16:16:50+00:00,2026-06-14 16:16:54+00:00
all,verify_checkout_discount_delay_001,356290763,1781453815.0,1781453818.0,0,53,163 170 165 163 166 165 163 167 163 166 165 163 167 35 2 71 4 5 161 162 163 164 165 163 169 165 163 170 171 171 165 165 165 163 172 173 174 175 165 163 165 163 164 165 163 170 165 163 164 165 163 164 165,0.34905487298965454,1,2026-06-14 16:16:55+00:00,2026-06-14 16:16:58+00:00
all,verify_checkout_discount_delay_001,356290764,1781453820.0,1781453824.0,0,33,163 164 165 163 164 165 163 167 163 165 171 165 163 164 165 163 164 165 163 164 165 163 164 163 164 165 163 169 165 163 170 165 165,0.2129185050725937,1,2026-06-14 16:17:00+00:00,2026-06-14 16:17:04+00:00
all,verify_checkout_discount_delay_001,356290765,1781453825.0,1781453829.0,0,52,163 166 165 163 167 171 165 163 165 163 164 165 163 170 165 163 164 165 8 163 164 165 163 169 165 163 170 165 163 164 165 163 169 165 163 170 165 163 172 173 2 72 4 5 161 162 174 175 165 163 164 165,0.3175748586654663,1,2026-06-14 16:17:05+00:00,2026-06-14 16:17:09+00:00
all,verify_checkout_discount_delay_001,356290766,1781453830.0,1781453834.0,0,52,163 164 165 35 2 73 4 5 161 162 163 164 165 163 169 165 163 170 163 165 165 163 172 173 163 164 174 175 165 165 163 164 165 163 164 165 163 170 165 163 164 165 163 166 165 163 167 163 170 165 171 165,0.3154597580432892,1,2026-06-14 16:17:10+00:00,2026-06-14 16:17:14+00:00
all,verify_checkout_discount_delay_001,356290767,1781453835.0,1781453839.0,0,35,163 164 165 163 169 165 163 170 165 163 166 165 163 167 163 165 171 165 163 166 165 163 167 171 165 163 164 165 163 166 165 163 167 171 165,0.2136773318052292,1,2026-06-14 16:17:15+00:00,2026-06-14 16:17:19+00:00
all,verify_checkout_discount_delay_001,356290768,1781453840.0,1781453844.0,0,40,163 164 165 163 164 165 163 164 165 163 170 165 163 166 165 163 167 171 165 163 165 163 166 165 163 167 171 165 163 164 165 163 164 165 163 170 165 163 164 165,0.21442849934101105,1,2026-06-14 16:17:20+00:00,2026-06-14 16:17:24+00:00
all,verify_checkout_discount_delay_001,356290769,1781453845.0,1781453849.0,0,57,163 164 165 163 167 171 165 163 165 163 164 163 164 165 165 163 169 165 163 170 8 2 74 4 5 161 162 165 163 172 173 174 175 165 163 164 165 163 170 165 163 166 165 163 167 171 165 163 164 165 163 166 165 163 167 171 165,0.32577183842658997,1,2026-06-14 16:17:25+00:00,2026-06-14 16:17:29+00:00
all,verify_checkout_discount_delay_001,356290770,1781453850.0,1781453853.0,0,21,163 164 165 163 165 163 164 165 163 164 165 163 169 165 163 170 165 163 167 171 165,0.18063302338123322,0,2026-06-14 16:17:30+00:00,2026-06-14 16:17:33+00:00
all,verify_checkout_discount_delay_001,356290771,1781453855.0,1781453858.0,0,73,163 164 165 163 169 165 163 170 165 163 164 165 163 169 165 163 170 165 163 170 165 163 165 163 170 165 163 164 163 164 165 165 163 164 165 163 166 165 163 167 163 164 165 171 165 163 164 165 6 2 75 4 5 161 162 163 164 165 163 169 165 163 170 165 163 172 173 174 175 165 163 170 165,0.28780636191368103,1,2026-06-14 16:17:35+00:00,2026-06-14 16:17:38+00:00
all,verify_checkout_discount_delay_001,356290772,1781453860.0,1781453864.0,0,52,6 2 76 4 5 161 162 163 164 165 163 169 165 163 170 165 163 172 173 174 175 165 163 165 163 164 165 163 170 165 163 166 165 163 167 171 165 163 164 163 164 165 165 163 170 165 163 164 165 163 170 165,0.290899395942688,1,2026-06-14 16:17:40+00:00,2026-06-14 16:17:44+00:00
all,verify_checkout_discount_delay_001,356290773,1781453865.0,1781453869.0,0,48,163 166 165 163 167 163 164 163 164 171 165 165 165 163 164 165 163 169 165 163 170 165 163 170 163 165 163 164 165 165 163 164 165 163 164 165 163 170 165 163 164 165 163 170 165 163 164 165,0.2018183469772339,0,2026-06-14 16:17:45+00:00,2026-06-14 16:17:49+00:00
all,verify_checkout_discount_delay_001,356290774,1781453871.0,1781453874.0,0,78,8 2 77 4 5 161 162 163 164 165 163 169 165 163 170 165 163 172 173 174 175 165 163 165 163 164 165 163 164 165 163 169 165 163 170 163 164 165 165 163 164 163 166 165 163 167 165 163 169 165 163 170 163 164 165 165 171 165 163 164 165 163 164 165 163 164 165 163 169 165 163 170 165 163 166 165 163 167,0.3084094524383545,1,2026-06-14 16:17:51+00:00,2026-06-14 16:17:54+00:00
all,verify_checkout_discount_delay_001,356290775,1781453875.0,1781453879.0,0,43,171 165 163 165 163 166 165 163 167 163 164 165 171 165 163 164 165 163 170 163 164 165 165 163 166 165 163 167 171 165 6 163 164 165 163 169 165 163 170 165 163 172 173,0.2003738433122635,0,2026-06-14 16:17:55+00:00,2026-06-14 16:17:59+00:00
all,verify_checkout_discount_delay_001,356290776,1781453880.0,1781453884.0,0,54,2 78 4 5 161 162 174 175 165 163 164 165 163 165 163 164 165 163 170 163 164 165 165 163 166 165 163 167 171 165 163 164 165 163 170 165 163 164 165 163 166 165 163 167 163 164 165 171 165 163 166 165 163 167,0.2845596373081207,1,2026-06-14 16:18:00+00:00,2026-06-14 16:18:04+00:00
all,verify_checkout_discount_delay_001,356290777,1781453885.0,1781453889.0,0,46,10 2 79 4 5 161 162 171 165 163 164 165 163 169 165 163 170 165 163 172 173 174 175 165 163 165 163 170 165 163 166 165 163 167 171 165 163 164 165 163 166 165 163 167 171 165,0.3080521821975708,1,2026-06-14 16:18:05+00:00,2026-06-14 16:18:09+00:00
all,verify_checkout_discount_delay_001,356290778,1781453890.0,1781453894.0,0,53,163 166 165 163 167 163 164 165 163 169 165 163 170 163 164 171 165 165 165 163 170 165 163 165 163 166 165 163 167 163 164 165 171 165 163 167 171 165 163 164 165 163 164 165 163 164 165 163 170 165 163 164 165,0.22093291580677032,1,2026-06-14 16:18:10+00:00,2026-06-14 16:18:14+00:00
all,verify_checkout_discount_delay_001,356290779,1781453895.0,1781453899.0,0,39,163 164 165 163 165 163 164 165 163 169 165 163 170 165 163 164 165 163 166 165 163 167 163 164 165 171 165 163 164 165 163 170 165 163 164 165 163 164 165,0.21677230298519135,1,2026-06-14 16:18:15+00:00,2026-06-14 16:18:19+00:00
all,verify_checkout_discount_delay_001,356290780,1781453901.0,1781453904.0,0,27,163 164 165 163 169 165 163 170 165 163 165 163 164 165 163 164 165 163 164 165 163 166 165 163 167 171 165,0.2058316022157669,1,2026-06-14 16:18:21+00:00,2026-06-14 16:18:24+00:00
all,verify_checkout_discount_delay_001,356290781,1781453905.0,1781453909.0,0,39,163 164 165 163 164 165 163 164 165 163 164 165 163 169 165 163 170 163 164 165 165 163 165 163 164 165 163 164 165 163 164 165 163 166 165 163 167 171 165,0.21596698462963104,1,2026-06-14 16:18:25+00:00,2026-06-14 16:18:29+00:00
all,verify_checkout_discount_delay_001,356290782,1781453910.0,1781453914.0,0,31,163 164 165 163 170 165 163 165 163 166 165 163 167 163 164 165 171 165 163 164 165 163 164 165 163 164 165 163 167 171 165,0.21218006312847137,1,2026-06-14 16:18:30+00:00,2026-06-14 16:18:34+00:00
all,verify_checkout_discount_delay_001,356290783,1781453915.0,1781453919.0,0,39,163 164 165 163 167 171 165 163 164 165 163 165 163 164 165 163 169 165 163 170 165 163 164 165 163 164 165 163 170 165 163 164 165 163 169 165 163 170 165,0.21581260859966278,1,2026-06-14 16:18:35+00:00,2026-06-14 16:18:39+00:00
all,verify_checkout_discount_delay_001,356290784,1781453920.0,1781453924.0,0,34,163 164 165 163 164 165 163 166 165 163 167 163 164 165 171 165 163 165 163 164 165 163 166 165 163 167 163 164 165 171 165 163 164 165,0.2144078016281128,1,2026-06-14 16:18:40+00:00,2026-06-14 16:18:44+00:00
all,verify_checkout_discount_delay_001,356290785,1781453925.0,1781453929.0,0,61,1 2 80 4 5 161 162 163 164 165 163 169 165 163 170 165 163 172 173 174 175 165 163 164 165 163 165 163 164 165 163 164 165 163 164 163 164 165 165 163 170 165 163 164 165 163 166 165 163 167 171 165 163 164 165 163 169 165 163 170 165,0.3098139762878418,1,2026-06-14 16:18:45+00:00,2026-06-14 16:18:49+00:00
all,verify_checkout_discount_delay_001,356290786,1781453931.0,1781453934.0,0,52,163 164 165 163 166 165 163 167 163 165 163 164 171 165 165 163 164 165 8 2 81 4 5 161 162 163 164 165 163 164 165 163 169 165 163 170 165 163 172 173 174 175 165 163 170 165 163 164 165 163 164 165,0.3437919020652771,1,2026-06-14 16:18:51+00:00,2026-06-14 16:18:54+00:00
all,verify_checkout_discount_delay_001,356290787,1781453935.0,1781453939.0,0,34,163 166 165 163 167 163 164 165 171 165 163 165 163 164 165 163 164 165 163 169 165 163 170 165 163 166 165 163 167 171 165 163 164 165,0.2101888209581375,1,2026-06-14 16:18:55+00:00,2026-06-14 16:18:59+00:00
all,verify_checkout_discount_delay_001,356290788,1781453940.0,1781453944.0,0,36,163 164 165 163 170 165 163 164 163 164 165 165 163 169 165 163 170 165 163 164 165 163 165 163 164 165 163 166 165 163 167 171 165 163 164 165,0.2120935320854187,1,2026-06-14 16:19:00+00:00,2026-06-14 16:19:04+00:00
all,verify_checkout_discount_delay_001,356290789,1781453945.0,1781453949.0,0,46,163 164 165 163 164 165 163 164 165 163 164 165 163 170 165 163 164 165 163 165 163 164 165 163 164 165 163 164 165 163 164 165 163 164 165 163 164 165 163 169 165 163 170 165 163 164,0.211199089884758,1,2026-06-14 16:19:05+00:00,2026-06-14 16:19:09+00:00
all,verify_checkout_discount_delay_001,356290790,1781453950.0,1781453954.0,0,35,165 163 169 165 163 170 163 166 165 163 167 165 171 165 163 164 165 163 164 165 163 165 163 164 165 163 167 171 165 163 164 165 163 170 165,0.2111814022064209,1,2026-06-14 16:19:10+00:00,2026-06-14 16:19:14+00:00
all,verify_checkout_discount_delay_001,356290791,1781453955.0,1781453959.0,0,34,163 170 165 163 165 163 167 171 165 163 164 165 163 164 165 163 170 165 163 164 165 163 164 165 163 166 165 163 167 163 164 165 171 165,0.21100983023643494,1,2026-06-14 16:19:15+00:00,2026-06-14 16:19:19+00:00
all,verify_checkout_discount_delay_001,356290792,1781453961.0,1781453964.0,0,36,163 165 163 164 165 163 170 165 163 164 165 8 2 82 4 5 161 162 163 164 165 163 169 165 163 170 165 163 172 173 174 175 165 163 164 165,0.3521895706653595,1,2026-06-14 16:19:21+00:00,2026-06-14 16:19:24+00:00
all,verify_checkout_discount_delay_001,356290793,1781453965.0,1781453969.0,0,73,163 170 165 163 167 163 164 165 171 165 163 165 163 164 165 1 2 83 4 5 161 162 163 164 165 163 169 165 163 170 163 167 165 163 172 173 174 171 175 165 165 163 167 171 165 163 164 165 1 2 84 4 5 161 162 163 164 165 163 169 165 163 170 163 170 165 163 172 173 165 174 175 165,0.33288535475730896,1,2026-06-14 16:19:25+00:00,2026-06-14 16:19:29+00:00
all,verify_checkout_discount_delay_001,356290794,1781453970.0,1781453974.0,0,31,163 166 165 163 167 171 165 163 164 165 163 167 171 165 163 165 163 164 165 163 164 165 163 164 165 163 164 165 163 167 171,0.20510172843933105,1,2026-06-14 16:19:30+00:00,2026-06-14 16:19:34+00:00
all,verify_checkout_discount_delay_001,356290795,1781453975.0,1781453979.0,0,49,165 163 166 165 163 167 171 165 163 164 165 163 164 165 163 166 165 163 167 163 165 163 164 165 171 165 163 164 165 163 164 165 163 166 165 163 167 163 166 165 163 167 171 171 165 165 163 164 165,0.20507057011127472,1,2026-06-14 16:19:35+00:00,2026-06-14 16:19:39+00:00
all,verify_checkout_discount_delay_001,356290796,1781453980.0,1781453984.0,0,44,163 164 165 163 164 165 163 165 163 164 165 163 164 165 163 164 163 170 165 163 169 165 163 170 6 2 85 4 5 161 165 165 163 172 173 174 175 165 163 164 165 163 170 165,0.3005717098712921,1,2026-06-14 16:19:40+00:00,2026-06-14 16:19:44+00:00
all,verify_checkout_discount_delay_001,356290797,1781453985.0,1781453989.0,0,50,163 166 165 163 167 163 166 165 163 167 163 164 171 165 165 171 165 163 164 165 163 164 165 163 165 163 164 165 163 170 165 163 170 165 163 170 165 163 167 163 164 165 163 169 165 163 170 165 171 165,0.20547887682914734,1,2026-06-14 16:19:45+00:00,2026-06-14 16:19:49+00:00
all,verify_checkout_discount_delay_001,356290798,1781453991.0,1781453994.0,0,57,163 170 165 163 164 165 163 164 165 163 165 163 164 165 163 164 165 163 169 165 163 170 163 164 165 165 163 164 165 163 169 165 163 170 163 170 163 164 165 165 165 163 169 165 163 170 163 166 165 163 167 165 163 164 165 171 165,0.20784570276737213,1,2026-06-14 16:19:51+00:00,2026-06-14 16:19:54+00:00
all,verify_checkout_discount_delay_001,356290799,1781453996.0,1781453998.0,0,45,35 2 86 4 5 161 163 166 165 163 167 171 165 163 165 163 170 165 163 164 165 163 169 165 163 170 165 163 172 173 174 175 165 163 170 165 163 164 165 163 164 165 163 164 165,0.27782773971557617,1,2026-06-14 16:19:56+00:00,2026-06-14 16:19:58+00:00
all,verify_checkout_discount_delay_001,356290800,1781454000.0,1781454003.0,0,36,163 164 165 163 165 163 164 165 163 166 165 163 167 163 164 165 171 165 163 164 165 163 164 165 163 164 163 164 165 163 170 165 165 163 164 165,0.2071148306131363,1,2026-06-14 16:20:00+00:00,2026-06-14 16:20:03+00:00
all,verify_checkout_discount_delay_001,356290801,1781454005.0,1781454009.0,0,27,163 164 165 163 165 163 170 165 163 164 165 163 164 165 163 167 171 165 163 164 165 163 169 165 163 170 165,0.20122744143009186,0,2026-06-14 16:20:05+00:00,2026-06-14 16:20:09+00:00
all,verify_checkout_discount_delay_001,356290802,1781454011.0,1781454013.0,0,53,163 165 163 170 165 163 170 165 163 164 165 35 2 87 4 5 161 163 170 163 164 163 164 165 165 163 169 165 165 163 170 163 169 165 163 170 165 165 163 172 173 174 175 165 163 164 165 163 164 165 163 164 165,0.32876884937286377,1,2026-06-14 16:20:11+00:00,2026-06-14 16:20:13+00:00
all,verify_checkout_discount_delay_001,356290803,1781454016.0,1781454019.0,0,69,163 170 165 163 165 163 164 165 163 164 165 163 170 165 163 166 165 163 167 163 164 165 171 165 8 2 88 4 5 161 163 164 165 163 169 165 163 170 165 163 170 163 166 165 163 172 173 163 167 165 163 166 165 163 167 174 175 165 171 165 171 165 163 164 165 163 167 171 165,0.3165264427661896,1,2026-06-14 16:20:16+00:00,2026-06-14 16:20:19+00:00
all,verify_checkout_discount_delay_001,356290804,1781454020.0,1781454024.0,0,69,163 170 165 163 170 165 163 164 165 163 165 163 166 165 163 167 171 165 163 164 165 163 169 165 163 170 163 164 165 165 163 169 165 163 170 165 163 164 165 163 169 165 163 170 165 163 164 165 35 2 89 4 5 161 163 164 165 163 169 165 163 170 165 163 172 173 174 175 165,0.28334948420524597,1,2026-06-14 16:20:20+00:00,2026-06-14 16:20:24+00:00
all,verify_checkout_discount_delay_001,356290805,1781454025.0,1781454029.0,0,39,163 166 165 163 167 171 165 163 164 165 163 165 163 164 165 163 169 165 163 170 165 163 164 165 163 164 165 163 164 165 163 164 165 163 164 163 164 165 165,0.20854851603507996,1,2026-06-14 16:20:25+00:00,2026-06-14 16:20:29+00:00
all,verify_checkout_discount_delay_001,356290806,1781454030.0,1781454034.0,0,43,163 164 165 163 164 163 164 165 165 163 169 165 163 170 163 164 163 165 165 165 163 164 165 163 164 165 163 164 163 164 163 164 165 165 165 163 164 165 163 166 165 163 167,0.2060094028711319,1,2026-06-14 16:20:30+00:00,2026-06-14 16:20:34+00:00
all,verify_checkout_discount_delay_001,356290807,1781454035.0,1781454039.0,0,48,171 165 163 164 165 163 169 165 163 170 165 163 164 163 165 165 163 164 165 163 164 165 6 163 166 165 163 167 171 165 163 164 165 163 170 165 163 164 165 163 169 165 163 170 165 163 172 173,0.20746830105781555,1,2026-06-14 16:20:35+00:00,2026-06-14 16:20:39+00:00
all,verify_checkout_discount_delay_001,356290808,1781454040.0,1781454044.0,0,33,2 90 4 5 161 174 175 165 163 166 165 163 167 171 165 163 165 163 164 165 163 164 165 163 164 165 163 166 165 163 167 171 165,0.2611246109008789,1,2026-06-14 16:20:40+00:00,2026-06-14 16:20:44+00:00
all,verify_checkout_discount_delay_001,356290809,1781454045.0,1781454048.0,0,44,163 164 165 163 165 163 164 165 163 166 165 163 164 163 167 165 171 165 163 164 165 163 170 165 163 167 163 167 171 165 171 165 163 164 165 163 169 165 163 170 163 164 165 165,0.20345298945903778,0,2026-06-14 16:20:45+00:00,2026-06-14 16:20:48+00:00
all,verify_checkout_discount_delay_001,356290810,1781454050.0,1781454054.0,0,42,163 170 165 163 164 165 163 170 165 163 164 165 163 166 165 163 167 163 165 171 165 163 170 165 163 164 165 163 164 165 163 164 165 163 170 165 163 164 165 163 164 165,0.2048308402299881,0,2026-06-14 16:20:50+00:00,2026-06-14 16:20:54+00:00
all,verify_checkout_discount_delay_001,356290811,1781454055.0,1781454059.0,0,34,163 164 165 163 164 165 163 165 163 170 165 163 170 165 163 166 165 163 167 171 165 163 170 165 163 164 165 163 164 165 163 167 171 165,0.2061082422733307,1,2026-06-14 16:20:55+00:00,2026-06-14 16:20:59+00:00
all,verify_checkout_discount_delay_001,356290812,1781454060.0,1781454064.0,0,48,163 166 165 163 167 171 165 163 170 165 163 165 35 2 91 4 5 161 163 164 165 163 164 165 163 169 165 163 170 165 163 172 173 174 163 164 175 165 165 163 169 165 163 170 165 163 170 165,0.3207414746284485,1,2026-06-14 16:21:00+00:00,2026-06-14 16:21:04+00:00
all,verify_checkout_discount_delay_001,356290813,1781454066.0,1781454069.0,0,59,163 164 165 163 165 163 170 165 6 2 92 4 5 161 163 170 165 163 164 165 163 164 163 164 165 165 163 169 165 163 170 165 163 172 173 174 175 165 163 166 165 163 167 163 164 165 171 165 163 167 171 165 163 166 165 163 167 171 165,0.3176325261592865,1,2026-06-14 16:21:06+00:00,2026-06-14 16:21:09+00:00
all,verify_checkout_discount_delay_001,356290814,1781454070.0,1781454074.0,0,74,13 2 93 4 5 161 163 164 165 163 169 165 163 170 165 163 172 173 174 175 165 163 164 165 163 165 13 2 94 4 5 161 163 164 165 163 164 165 163 169 165 163 170 165 163 172 173 174 175 165 163 164 165 163 169 165 163 170 163 164 165 163 169 165 163 170 165 165 163 170 165 163 164 165,0.3386822044849396,1,2026-06-14 16:21:10+00:00,2026-06-14 16:21:14+00:00
all,verify_checkout_discount_delay_001,356290815,1781454075.0,1781454079.0,0,34,163 164 165 163 164 165 163 165 163 164 165 13 2 95 4 5 161 163 164 165 163 169 165 163 170 165 163 172 173 174 175 165 163 167,0.3219859302043915,1,2026-06-14 16:21:15+00:00,2026-06-14 16:21:19+00:00
all,verify_checkout_discount_delay_001,356290816,1781454080.0,1781454084.0,0,54,171 165 163 164 165 163 164 163 164 163 165 165 165 163 164 163 166 165 163 167 165 163 166 165 163 167 171 165 163 170 165 171 165 163 164 165 163 164 165 163 169 165 163 170 165 163 164 165 163 164 165 163 164 165,0.206094890832901,1,2026-06-14 16:21:20+00:00,2026-06-14 16:21:24+00:00
all,verify_checkout_discount_delay_001,356290817,1781454085.0,1781454089.0,0,35,163 164 165 163 165 163 164 165 163 164 165 163 170 165 163 164 165 163 164 163 170 165 165 163 164 165 163 164 165 163 169 165 163 170 165,0.23483499884605408,1,2026-06-14 16:21:25+00:00,2026-06-14 16:21:29+00:00
all,verify_checkout_discount_delay_001,356290818,1781454090.0,1781454094.0,0,32,163 164 165 163 164 165 163 164 165 163 165 163 164 163 164 165 165 163 164 165 163 169 165 163 170 163 164 165 165 163 170 165,0.231378972530365,1,2026-06-14 16:21:30+00:00,2026-06-14 16:21:34+00:00
all,verify_checkout_discount_delay_001,356290819,1781454095.0,1781454099.0,0,34,163 164 165 163 165 163 170 165 163 164 165 163 169 165 163 170 165 163 164 165 163 164 165 163 170 165 163 164 163 166 165 165 163 167,0.2334970086812973,1,2026-06-14 16:21:35+00:00,2026-06-14 16:21:39+00:00
all,verify_checkout_discount_delay_001,356290820,1781454100.0,1781454104.0,0,32,163 164 165 171 165 163 165 163 167 163 170 165 171 165 163 166 165 163 167 171 165 163 164 165 163 164 165 163 164 165 163 167,0.2318701148033142,1,2026-06-14 16:21:40+00:00,2026-06-14 16:21:44+00:00
all,verify_checkout_discount_delay_001,356290821,1781454105.0,1781454109.0,0,22,163 170 171 165 165 163 165 163 164 163 164 165 165 163 170 165 163 164 165 163 170 165,0.20274320244789124,0,2026-06-14 16:21:45+00:00,2026-06-14 16:21:49+00:00
all,verify_checkout_discount_delay_001,356290822,1781454110.0,1781454114.0,0,33,163 164 165 163 170 165 163 164 165 163 165 163 164 165 163 170 165 163 166 165 163 167 171 165 163 164 165 163 170 165 163 164 165,0.23271052539348602,1,2026-06-14 16:21:50+00:00,2026-06-14 16:21:54+00:00
all,verify_checkout_discount_delay_001,356290823,1781454116.0,1781454119.0,0,29,163 165 163 164 165 163 164 165 163 164 165 163 164 165 163 164 165 163 164 165 163 164 165 163 169 165 163 170 165,0.22557809948921204,1,2026-06-14 16:21:56+00:00,2026-06-14 16:21:59+00:00
all,verify_checkout_discount_delay_001,356290824,1781454120.0,1781454124.0,0,26,163 164 163 164 165 165 163 165 163 164 165 163 164 165 163 164 165 163 164 165 163 164 165 163 170 165,0.21841014921665192,1,2026-06-14 16:22:00+00:00,2026-06-14 16:22:04+00:00
all,verify_checkout_discount_delay_001,356290825,1781454125.0,1781454129.0,0,73,163 164 165 163 164 165 163 164 165 163 164 165 163 165 35 2 96 4 5 161 163 164 165 163 169 165 163 170 165 163 172 173 163 167 174 175 165 163 166 165 163 167 163 164 165 163 169 165 163 170 165 163 170 165 163 166 165 163 167 171 165 163 164 165 163 169 171 171 165 165 165 163 170,0.3205435276031494,1,2026-06-14 16:22:05+00:00,2026-06-14 16:22:09+00:00
all,verify_checkout_discount_delay_001,356290826,1781454130.0,1781454133.0,0,34,165 163 164 165 163 167 163 165 171 165 163 164 165 163 164 165 163 164 165 163 164 165 163 164 165 163 164 165 163 169 165 163 170 165,0.2060588300228119,1,2026-06-14 16:22:10+00:00,2026-06-14 16:22:13+00:00
all,verify_checkout_discount_delay_001,356290827,1781454135.0,1781454139.0,0,23,163 164 165 163 164 165 163 165 163 164 165 163 167 171 165 163 164 165 163 164 163 164 165,0.19013600051403046,0,2026-06-14 16:22:15+00:00,2026-06-14 16:22:19+00:00
all,verify_checkout_discount_delay_001,356290828,1781454140.0,1781454144.0,0,33,163 170 163 164 165 165 165 163 164 165 163 165 163 164 165 163 170 163 164 165 163 164 165 165 163 164 165 163 164 165 163 164 165,0.2060208022594452,1,2026-06-14 16:22:20+00:00,2026-06-14 16:22:24+00:00
all,verify_checkout_discount_delay_001,356290829,1781454145.0,1781454149.0,0,49,163 164 165 163 164 165 163 164 165 163 165 163 164 165 163 169 165 163 170 163 164 165 165 163 164 165 163 170 165 163 164 165 163 169 165 163 170 165 163 164 165 163 164 165 163 166 165 163 167,0.2054736614227295,1,2026-06-14 16:22:25+00:00,2026-06-14 16:22:29+00:00
all,verify_checkout_discount_delay_001,356290830,1781454150.0,1781454154.0,0,46,6 2 97 4 5 161 171 165 163 164 165 163 164 165 163 169 165 163 170 165 163 172 173 163 164 174 165 175 165 163 166 165 163 167 163 165 171 165 163 164 165 163 166 165 163 167,0.2770649194717407,1,2026-06-14 16:22:30+00:00,2026-06-14 16:22:34+00:00
all,verify_checkout_discount_delay_001,356290831,1781454155.0,1781454159.0,0,42,163 164 165 163 164 163 164 165 165 163 164 165 171 165 163 165 163 166 165 163 167 171 165 163 166 165 163 167 163 164 165 171 163 164 165 165 163 170 163 164 165 165,0.2047395557165146,0,2026-06-14 16:22:35+00:00,2026-06-14 16:22:39+00:00
all,verify_checkout_discount_delay_001,356290832,1781454160.0,1781454164.0,0,24,163 164 165 163 165 163 164 165 163 167 171 165 163 164 165 163 164 165 163 164 165 163 164 165,0.19265525043010712,0,2026-06-14 16:22:40+00:00,2026-06-14 16:22:44+00:00
all,verify_checkout_discount_delay_001,356290833,1781454165.0,1781454168.0,0,23,163 164 165 163 170 165 163 164 163 164 165 165 163 164 163 165 165 163 164 165 163 164 165,0.18360371887683868,0,2026-06-14 16:22:45+00:00,2026-06-14 16:22:48+00:00
all,verify_checkout_discount_delay_001,356290834,1781454170.0,1781454174.0,0,61,163 166 165 163 167 171 165 1 2 98 4 5 161 163 164 165 163 169 165 163 170 165 163 172 173 174 175 165 163 165 163 166 165 163 167 171 165 163 170 165 163 164 165 163 164 165 163 164 165 163 169 165 163 170 165 163 164 165 163 164 165,0.3032366633415222,1,2026-06-14 16:22:50+00:00,2026-06-14 16:22:54+00:00
all,verify_checkout_discount_delay_001,356290835,1781454175.0,1781454179.0,0,26,163 164 165 163 164 165 163 165 163 164 165 163 169 165 163 170 165 163 164 165 163 164 165 163 164 165,0.19104954600334167,0,2026-06-14 16:22:55+00:00,2026-06-14 16:22:59+00:00
all,verify_checkout_discount_delay_001,356290836,1781454180.0,1781454183.0,0,88,8 2 99 4 5 161 163 164 165 163 169 165 163 170 165 163 172 173 163 164 174 165 163 169 175 165 165 163 170 165 163 172 173 35 2 100 4 5 13 2 101 4 5 161 161 163 164 163 164 174 165 163 165 169 165 163 170 175 165 165 163 172 173 174 175 165 163 165 163 164 165 163 164 165 163 169 165 163 170 165 163 170 165 163 166 165 163 167,0.3184414505958557,1,2026-06-14 16:23:00+00:00,2026-06-14 16:23:03+00:00
all,verify_checkout_discount_delay_001,356290837,1781454185.0,1781454189.0,0,46,171 165 8 2 102 4 5 161 163 164 163 164 165 165 163 164 165 163 165 163 164 165 163 169 165 163 170 165 163 172 173 174 175 165 163 164 165 163 164 163 164 165 165 163 170 165,0.278148353099823,1,2026-06-14 16:23:05+00:00,2026-06-14 16:23:09+00:00
all,verify_checkout_discount_delay_001,356290838,1781454190.0,1781454194.0,0,39,163 170 165 163 167 171 165 163 170 165 163 165 163 166 165 163 167 163 164 165 171 165 163 170 165 163 164 165 163 164 165 163 170 165 163 166 165 163 167,0.19835205376148224,0,2026-06-14 16:23:10+00:00,2026-06-14 16:23:14+00:00
all,verify_checkout_discount_delay_001,356290839,1781454195.0,1781454197.0,0,19,171 165 163 164 165 163 164 165 163 164 165 163 165 163 164 165 163 164 165,0.167322039604187,0,2026-06-14 16:23:15+00:00,2026-06-14 16:23:17+00:00
all,verify_checkout_discount_delay_001,356290840,1781454200.0,1781454203.0,0,89,35 2 103 4 5 161 163 164 165 163 164 165 163 164 165 163 169 165 163 170 165 163 172 173 174 175 165 163 164 165 163 167 163 166 165 163 167 163 164 163 165 165 163 169 165 163 170 171 165 171 165 165 163 164 165 163 169 165 163 170 35 2 104 4 5 161 165 163 172 173 163 166 165 163 167 174 175 165 171 165 163 164 165 163 164 165 163 164 165,0.32381728291511536,1,2026-06-14 16:23:20+00:00,2026-06-14 16:23:23+00:00
all,verify_checkout_discount_delay_001,356290841,1781454206.0,1781454209.0,0,44,163 165 163 164 163 170 165 165 163 169 165 163 170 163 164 165 165 163 167 171 165 163 170 165 163 164 165 163 169 165 163 170 165 163 164 165 163 164 165 163 164 165 163 164,0.20270462334156036,0,2026-06-14 16:23:26+00:00,2026-06-14 16:23:29+00:00
all,verify_checkout_discount_delay_001,356290842,1781454210.0,1781454214.0,0,38,165 163 164 165 163 164 165 163 169 165 163 170 165 163 165 163 166 165 163 167 171 165 163 166 165 163 167 171 165 163 164 165 163 170 165 163 164 165,0.20585431158542633,1,2026-06-14 16:23:30+00:00,2026-06-14 16:23:34+00:00
all,verify_checkout_discount_delay_001,356290843,1781454215.0,1781454219.0,0,39,163 164 165 163 164 165 163 165 163 164 165 163 164 165 163 166 165 163 167 163 166 165 163 167 171 165 171 165 163 166 165 163 167 171 165 163 167 171 165,0.20511022210121155,1,2026-06-14 16:23:35+00:00,2026-06-14 16:23:39+00:00
all,verify_checkout_discount_delay_001,356290844,1781454220.0,1781454223.0,0,34,163 164 165 163 167 171 165 163 164 165 163 164 165 163 170 165 163 165 163 170 165 163 166 165 163 167 163 164 165 171 165 163 164 165,0.20460346341133118,0,2026-06-14 16:23:40+00:00,2026-06-14 16:23:43+00:00
all,verify_checkout_discount_delay_001,356290845,1781454226.0,1781454229.0,0,37,163 165 163 164 163 170 165 165 163 170 165 163 164 165 163 164 165 163 169 165 163 170 165 163 164 165 163 170 165 163 164 165 163 164 165 163 164,0.20577529072761536,1,2026-06-14 16:23:46+00:00,2026-06-14 16:23:49+00:00
all,verify_checkout_discount_delay_001,356290846,1781454230.0,1781454234.0,0,46,165 163 170 165 163 165 163 164 165 163 169 165 163 170 165 163 164 165 163 164 165 163 164 165 163 167 171 165 163 164 165 163 169 165 163 170 165 163 170 165 163 164 165 163 164 165,0.20311203598976135,0,2026-06-14 16:23:50+00:00,2026-06-14 16:23:54+00:00
all,verify_checkout_discount_delay_001,356290847,1781454235.0,1781454239.0,0,40,163 167 163 167 163 164 165 171 165 163 165 171 165 163 164 165 163 164 165 6 2 105 4 5 161 163 164 165 163 169 165 163 170 165 163 172 173 174 175 165,0.31788626313209534,1,2026-06-14 16:23:55+00:00,2026-06-14 16:23:59+00:00
all,verify_checkout_discount_delay_001,356290848,1781454240.0,1781454244.0,0,75,1 2 106 4 5 161 163 164 165 163 164 165 163 164 165 163 169 165 163 170 165 163 172 173 174 175 165 163 164 165 163 165 163 166 165 163 167 163 164 163 170 165 165 171 165 35 2 107 4 5 161 163 164 165 163 169 165 163 170 163 170 165 163 172 173 174 175 165 165 163 164 165 163 170 165,0.3122689723968506,1,2026-06-14 16:24:00+00:00,2026-06-14 16:24:04+00:00
all,verify_checkout_discount_delay_001,356290849,1781454245.0,1781454249.0,0,47,163 164 165 163 164 165 163 165 163 170 165 1 2 108 4 5 161 163 164 165 163 169 165 163 170 165 163 172 173 174 175 165 163 164 165 163 164 165 163 164 165 163 169 165 163 170 165,0.3323807120323181,1,2026-06-14 16:24:05+00:00,2026-06-14 16:24:09+00:00
all,verify_checkout_discount_delay_001,356290850,1781454250.0,1781454254.0,0,50,1 2 109 4 5 161 163 164 165 163 169 165 163 170 165 163 172 173 174 163 164 175 165 165 163 164 165 163 170 165 163 165 163 170 165 163 170 165 163 164 165 163 164 165 163 170 165 163 164 165,0.2916322648525238,1,2026-06-14 16:24:10+00:00,2026-06-14 16:24:14+00:00
all,verify_checkout_discount_delay_001,356290851,1781454255.0,1781454259.0,0,54,163 164 165 163 165 163 164 165 163 169 165 163 170 165 163 164 165 163 164 165 163 164 165 163 169 165 163 170 165 35 163 164 165 163 164 165 163 169 165 163 170 165 163 164 165 163 169 165 163 170 165 163 172 173,0.21404781937599182,1,2026-06-14 16:24:15+00:00,2026-06-14 16:24:19+00:00
all,verify_checkout_discount_delay_001,356290852,1781454260.0,1781454264.0,0,61,2 110 4 5 161 163 170 165 174 175 165 163 164 165 163 169 165 163 170 165 163 166 165 163 167 163 165 163 164 165 163 164 165 171 165 163 164 165 163 164 165 163 164 165 163 164 165 163 164 165 163 169 165 163 170 165 163 166 165 163 167,0.2850363552570343,1,2026-06-14 16:24:20+00:00,2026-06-14 16:24:24+00:00
all,verify_checkout_discount_delay_001,356290853,1781454265.0,1781454268.0,1,13,171 165 163 165 163 170 165 163 170 165 163 170 165,0.10177762061357498,0,2026-06-14 16:24:25+00:00,2026-06-14 16:24:28+00:00
all,verify_checkout_discount_delay_001,356290854,1781454270.0,1781454274.0,1,42,163 164 165 163 170 165 163 170 165 163 164 165 163 165 163 170 165 163 164 165 163 164 165 163 170 165 163 164 163 166 165 163 167 165 171 165 163 164 165 163 164 165,0.2106758952140808,1,2026-06-14 16:24:30+00:00,2026-06-14 16:24:34+00:00
all,verify_checkout_discount_delay_001,356290855,1781454275.0,1781454279.0,1,34,163 164 165 163 166 165 163 167 171 165 163 165 163 164 165 163 169 165 163 170 165 163 166 165 163 167 163 164 165 171 165 163 164 165,0.21032407879829407,1,2026-06-14 16:24:35+00:00,2026-06-14 16:24:39+00:00
all,verify_checkout_discount_delay_001,356290856,1781454280.0,1781454284.0,1,36,163 167 171 165 163 170 165 163 164 165 163 169 165 163 170 165 163 164 163 165 165 163 169 165 163 170 165 163 170 165 163 164 165 163 170 165,0.211698517203331,1,2026-06-14 16:24:40+00:00,2026-06-14 16:24:44+00:00
all,verify_checkout_discount_delay_001,356290857,1781454285.0,1781454289.0,1,38,163 164 165 163 170 165 163 165 163 164 165 163 164 165 163 164 165 163 164 165 163 164 165 163 164 165 163 164 165 163 169 165 163 170 165 163 164 165,0.20001357793807983,0,2026-06-14 16:24:45+00:00,2026-06-14 16:24:49+00:00
all,verify_checkout_discount_delay_001,356290858,1781454290.0,1781454294.0,1,63,163 166 165 163 167 171 165 163 164 165 163 164 165 163 165 163 164 165 163 164 165 163 169 165 163 170 6 2 111 4 5 161 165 163 164 163 172 173 174 165 175 165 163 170 165 163 167 171 165 163 164 165 163 164 165 163 164 165 163 169 165 163 170,0.3063686192035675,1,2026-06-14 16:24:50+00:00,2026-06-14 16:24:54+00:00
all,verify_checkout_discount_delay_001,356290859,1781454295.0,1781454299.0,1,45,165 163 164 165 163 169 165 163 170 163 165 165 163 164 165 163 166 165 163 167 171 165 163 167 163 170 165 171 165 163 164 165 163 167 163 164 165 163 169 165 163 170 171 165 165,0.19650737941265106,0,2026-06-14 16:24:55+00:00,2026-06-14 16:24:59+00:00
all,verify_checkout_discount_delay_001,356290860,1781454300.0,1781454304.0,1,82,163 164 165 163 164 165 163 164 165 163 169 165 163 170 165 163 164 165 163 165 163 166 165 163 167 163 164 163 167 165 171 165 1 171 165 163 164 163 164 163 164 165 163 169 165 163 170 165 163 169 165 165 163 170 165 163 172 173 2 112 4 5 1 2 113 4 5 161 161 174 175 165 165 163 172 173 174 175 165 163 164 165,0.3209180533885956,1,2026-06-14 16:25:00+00:00,2026-06-14 16:25:04+00:00
all,verify_checkout_discount_delay_001,356290861,1781454306.0,1781454309.0,1,34,163 166 165 163 167 171 165 163 165 163 164 165 163 170 165 163 167 171 165 163 170 165 163 164 165 163 164 165 163 164 165 163 170 165,0.1992480456829071,0,2026-06-14 16:25:06+00:00,2026-06-14 16:25:09+00:00
all,verify_checkout_discount_delay_001,356290862,1781454310.0,1781454314.0,1,87,163 164 165 163 164 165 1 2 114 4 5 161 163 165 163 164 165 163 169 165 163 170 165 163 172 173 174 163 164 175 165 165 163 169 165 163 170 165 163 166 165 163 167 171 165 10 2 115 4 5 161 163 167 171 165 163 166 165 163 167 163 166 165 163 167 171 165 163 164 165 163 169 165 163 170 171 165 165 163 172 173 174 175 165 163 164 165,0.31454896926879883,1,2026-06-14 16:25:10+00:00,2026-06-14 16:25:14+00:00
all,verify_checkout_discount_delay_001,356290863,1781454315.0,1781454319.0,1,26,163 164 165 163 164 165 163 170 165 163 165 163 164 165 163 164 165 163 164 165 163 164 165 163 170 165,0.1924380213022232,0,2026-06-14 16:25:15+00:00,2026-06-14 16:25:19+00:00
all,verify_checkout_discount_delay_001,356290864,1781454320.0,1781454324.0,1,43,163 164 165 163 164 165 10 2 116 4 5 161 163 164 165 163 169 165 163 170 165 163 172 173 174 175 165 163 165 163 164 165 163 164 165 163 170 165 163 164 165 163 164,0.30833280086517334,1,2026-06-14 16:25:20+00:00,2026-06-14 16:25:24+00:00
all,verify_checkout_discount_delay_001,356290865,1781454325.0,1781454329.0,1,54,165 163 164 165 163 170 165 163 165 163 164 165 163 170 163 170 165 165 163 170 165 163 170 165 8 2 117 4 5 161 163 164 165 163 169 165 163 170 165 163 172 173 163 164 165 174 163 170 175 165 165 163 170 165,0.31614893674850464,1,2026-06-14 16:25:25+00:00,2026-06-14 16:25:29+00:00
all,verify_checkout_discount_delay_001,356290866,1781454330.0,1781454334.0,1,27,163 164 165 163 164 165 163 170 165 163 165 163 164 165 163 170 165 163 164 165 163 167 171 165 163 170 165,0.19821186363697052,0,2026-06-14 16:25:30+00:00,2026-06-14 16:25:34+00:00
all,verify_checkout_discount_delay_001,356290867,1781454335.0,1781454339.0,1,64,163 164 165 163 163 170 164 165 163 169 165 163 170 163 167 163 164 165 165 165 163 169 165 163 170 165 171 165 163 165 163 164 165 13 2 118 4 5 161 163 164 165 163 164 165 163 169 165 163 170 165 163 172 173 174 175 165 163 164 165 163 167 171 165,0.2956051826477051,1,2026-06-14 16:25:35+00:00,2026-06-14 16:25:39+00:00
all,verify_checkout_discount_delay_001,356290868,1781454340.0,1781454344.0,1,37,163 164 165 163 170 165 163 170 165 163 170 165 163 165 163 164 165 163 164 165 163 167 171 165 163 166 165 163 167 163 164 171 165 165 163 170 165,0.20521801710128784,1,2026-06-14 16:25:40+00:00,2026-06-14 16:25:44+00:00
all,verify_checkout_discount_delay_001,356290869,1781454345.0,1781454349.0,1,32,163 164 165 163 164 165 163 170 165 163 165 163 170 165 163 164 165 163 164 165 163 164 165 163 170 165 163 170 165 163 164 165,0.20361286401748657,0,2026-06-14 16:25:45+00:00,2026-06-14 16:25:49+00:00
all,verify_checkout_discount_delay_001,356290870,1781454350.0,1781454354.0,1,33,163 164 165 163 164 165 163 164 165 163 165 163 170 165 163 164 165 163 170 165 163 164 165 163 164 165 163 164 165 163 167 171 165,0.2044914960861206,0,2026-06-14 16:25:50+00:00,2026-06-14 16:25:54+00:00
all,verify_checkout_discount_delay_001,356290871,1781454355.0,1781454359.0,1,24,163 164 165 163 164 165 163 165 163 167 171 165 163 164 165 163 164 165 163 164 165 163 164 165,0.19121180474758148,0,2026-06-14 16:25:55+00:00,2026-06-14 16:25:59+00:00
all,verify_checkout_discount_delay_001,356290872,1781454360.0,1781454364.0,1,76,163 164 165 163 164 165 163 164 165 163 164 165 163 169 165 163 170 165 10 2 119 4 5 161 163 165 163 164 165 163 169 165 163 170 165 163 172 173 174 175 165 163 170 165 163 164 165 35 2 120 4 5 161 163 164 165 163 169 165 163 170 165 163 172 173 174 175 165 163 164 163 164 165 165 163 170,0.32265183329582214,1,2026-06-14 16:26:00+00:00,2026-06-14 16:26:04+00:00
all,verify_checkout_discount_delay_001,356290873,1781454365.0,1781454369.0,1,34,165 163 164 165 163 164 165 163 165 163 167 171 165 163 164 165 163 169 165 163 170 10 2 121 4 5 161 165 163 172 173 174 175 165,0.3292081654071808,1,2026-06-14 16:26:05+00:00,2026-06-14 16:26:09+00:00
all,verify_checkout_discount_delay_001,356290874,1781454370.0,1781454374.0,1,65,163 164 165 163 170 163 164 165 165 163 165 163 164 165 163 169 165 163 170 165 163 170 165 163 170 165 163 164 165 163 166 165 163 167 6 2 122 4 5 161 163 164 165 171 165 163 164 165 163 169 165 163 170 165 163 172 173 174 175 165 163 164 163 167 165,0.3010694086551666,1,2026-06-14 16:26:10+00:00,2026-06-14 16:26:14+00:00
all,verify_checkout_discount_delay_001,356290875,1781454375.0,1781454379.0,1,56,163 167 163 164 165 171 171 165 165 163 165 163 164 165 163 170 165 163 164 165 163 164 1 2 123 4 5 161 165 163 169 165 163 170 165 163 164 165 163 164 165 163 169 165 163 170 165 163 172 173 174 175 165 163 164 165,0.32126033306121826,1,2026-06-14 16:26:15+00:00,2026-06-14 16:26:19+00:00
all,verify_checkout_discount_delay_001,356290876,1781454380.0,1781454384.0,1,45,163 167 163 164 163 164 165 165 171 165 163 164 165 163 164 165 163 165 163 166 165 163 167 171 165 163 170 165 163 166 165 163 167 171 165 163 166 165 163 167 171 165 163 164 165,0.2080569863319397,1,2026-06-14 16:26:20+00:00,2026-06-14 16:26:24+00:00
all,verify_checkout_discount_delay_001,356290877,1781454385.0,1781454389.0,1,56,163 166 165 163 167 171 165 163 164 165 163 165 163 164 165 163 164 165 163 164 165 163 169 165 163 170 165 163 166 165 163 167 163 166 165 163 167 163 164 171 165 165 163 169 165 163 170 171 165 165 163 164 165 163 164 165,0.21309129893779755,1,2026-06-14 16:26:25+00:00,2026-06-14 16:26:29+00:00
all,verify_checkout_discount_delay_001,356290878,1781454391.0,1781454394.0,1,48,163 165 163 166 165 163 167 8 2 124 4 5 161 163 164 171 165 165 163 169 165 163 170 165 163 172 173 174 175 165 163 164 165 163 169 165 163 170 165 163 164 165 163 164 165 163 164 165,0.3193201720714569,1,2026-06-14 16:26:31+00:00,2026-06-14 16:26:34+00:00
all,verify_checkout_discount_delay_001,356290879,1781454395.0,1781454399.0,1,51,163 164 165 163 164 165 163 164 165 163 165 163 164 165 163 164 165 163 164 165 163 166 165 163 167 163 164 165 171 165 13 2 125 4 5 161 163 164 165 163 169 165 163 170 165 163 172 173 174 175 165,0.33134597539901733,1,2026-06-14 16:26:35+00:00,2026-06-14 16:26:39+00:00
all,verify_checkout_discount_delay_001,356290880,1781454400.0,1781454404.0,1,24,163 164 165 163 164 165 163 165 163 167 163 164 165 171 165 163 164 165 163 164 165 163 164 165,0.1942894458770752,0,2026-06-14 16:26:40+00:00,2026-06-14 16:26:44+00:00
all,verify_checkout_discount_delay_001,356290881,1781454405.0,1781454408.0,1,51,163 164 165 163 164 165 163 165 163 167 171 165 163 170 165 163 170 165 163 164 165 163 164 35 2 126 4 5 161 165 163 169 165 163 170 165 163 172 173 174 175 165 163 164 165 163 169 165 163 170 165,0.3160047233104706,1,2026-06-14 16:26:45+00:00,2026-06-14 16:26:48+00:00
all,verify_checkout_discount_delay_001,356290882,1781454410.0,1781454414.0,1,63,1 2 161 163 166 165 163 167 163 164 165 163 169 165 163 170 171 165 165 163 172 173 127 4 5 174 175 165 163 165 163 166 165 163 167 171 165 163 170 165 163 164 165 163 164 165 163 166 165 163 167 171 165 163 164 165 163 166 165 163 167 171 165,0.33418700098991394,1,2026-06-14 16:26:50+00:00,2026-06-14 16:26:54+00:00
all,verify_checkout_discount_delay_001,356290883,1781454415.0,1781454419.0,1,63,13 2 128 4 5 161 163 170 165 163 170 165 163 164 165 163 169 165 163 170 165 163 172 173 174 175 165 163 164 165 163 169 165 163 170 165 163 165 163 166 165 163 167 171 165 163 164 165 163 170 165 163 164 165 163 164 165 163 164 165 163 164 165,0.2890506982803345,1,2026-06-14 16:26:55+00:00,2026-06-14 16:26:59+00:00
all,verify_checkout_discount_delay_001,356290884,1781454420.0,1781454424.0,1,30,163 164 165 163 165 163 164 165 163 164 165 163 169 165 163 170 165 163 166 165 163 167 171 165 163 164 163 164 165 165,0.20482037961483002,0,2026-06-14 16:27:00+00:00,2026-06-14 16:27:04+00:00
all,verify_checkout_discount_delay_001,356290885,1781454425.0,1781454428.0,1,37,163 164 165 163 164 165 163 164 165 163 166 165 163 167 163 165 171 165 163 170 165 163 164 165 163 164 165 163 166 165 163 167 163 170 171 165 165,0.21041783690452576,1,2026-06-14 16:27:05+00:00,2026-06-14 16:27:08+00:00
all,verify_checkout_discount_delay_001,356290886,1781454430.0,1781454434.0,1,68,163 164 165 163 164 165 13 2 129 4 5 161 163 170 165 163 170 165 163 164 165 163 169 165 163 170 165 163 164 163 165 165 163 164 165 163 169 165 163 170 165 163 172 173 174 175 165 163 164 163 164 165 163 169 165 163 170 165 165 163 170 165 163 164 165 163 164 165,0.3181232213973999,1,2026-06-14 16:27:10+00:00,2026-06-14 16:27:14+00:00
all,verify_checkout_discount_delay_001,356290887,1781454435.0,1781454439.0,1,32,163 164 165 163 164 165 163 165 163 164 165 163 170 165 163 164 165 163 164 165 163 164 165 163 164 165 163 164 165 163 164 165,0.20789074897766113,1,2026-06-14 16:27:15+00:00,2026-06-14 16:27:19+00:00
all,verify_checkout_discount_delay_001,356290888,1781454440.0,1781454444.0,1,50,163 164 165 163 164 165 163 169 165 163 170 163 170 165 165 163 164 165 163 165 163 164 163 164 165 165 163 170 165 163 164 165 163 164 165 163 169 165 163 170 165 163 164 165 163 164 165 163 164 165,0.20939667522907257,1,2026-06-14 16:27:20+00:00,2026-06-14 16:27:24+00:00
all,verify_checkout_discount_delay_001,356290889,1781454445.0,1781454449.0,1,48,163 164 165 163 164 165 163 169 165 163 170 163 164 165 163 164 165 163 169 165 163 170 163 164 163 165 165 163 167 165 165 171 165 163 170 165 163 164 165 163 164 165 163 169 165 163 170 165,0.2013952136039734,0,2026-06-14 16:27:25+00:00,2026-06-14 16:27:29+00:00
all,verify_checkout_discount_delay_001,356290890,1781454450.0,1781454454.0,1,33,163 164 165 163 164 165 163 164 165 163 165 163 164 165 163 164 165 163 164 165 163 166 165 163 167 171 165 163 164 165 163 164 165,0.2032368928194046,0,2026-06-14 16:27:30+00:00,2026-06-14 16:27:34+00:00
all,verify_checkout_discount_delay_001,356290891,1781454455.0,1781454459.0,1,57,163 166 165 163 167 163 164 165 171 165 163 164 165 163 164 165 163 164 165 163 165 163 164 165 163 164 165 13 2 130 4 5 161 163 164 165 163 169 165 163 170 165 163 172 173 174 175 165 163 164 163 164 165 165 163 170 165,0.3078141212463379,1,2026-06-14 16:27:35+00:00,2026-06-14 16:27:39+00:00
all,verify_checkout_discount_delay_001,356290892,1781454460.0,1781454464.0,1,33,163 164 165 163 170 165 163 164 165 163 164 165 163 165 163 166 165 163 167 171 165 163 164 165 163 170 165 163 164 163 164 165 165,0.2036791443824768,0,2026-06-14 16:27:40+00:00,2026-06-14 16:27:44+00:00
all,verify_checkout_discount_delay_001,356290893,1781454465.0,1781454469.0,1,35,163 164 165 163 164 165 163 165 163 164 165 163 164 165 163 164 165 163 164 165 163 170 165 163 164 165 163 164 165 163 170 163 164 165 165,0.20408804714679718,0,2026-06-14 16:27:45+00:00,2026-06-14 16:27:49+00:00
all,verify_checkout_discount_delay_001,356290894,1781454470.0,1781454474.0,1,37,163 164 165 163 167 171 165 163 165 163 164 165 163 164 165 163 164 163 164 165 165 163 166 165 163 167 163 164 165 163 169 165 163 170 171 165 165,0.20393331348896027,0,2026-06-14 16:27:50+00:00,2026-06-14 16:27:54+00:00
all,verify_checkout_discount_delay_001,356290895,1781454475.0,1781454479.0,1,51,6 2 131 4 5 161 163 164 165 163 169 165 163 170 165 163 172 173 174 175 165 163 164 165 163 165 163 164 165 163 169 165 163 170 165 163 166 165 163 167 171 165 163 164 165 163 164 165 163 164 165,0.2660650610923767,1,2026-06-14 16:27:55+00:00,2026-06-14 16:27:59+00:00
all,verify_checkout_discount_delay_001,356290896,1781454480.0,1781454484.0,1,78,163 167 35 2 132 4 5 10 2 133 4 5 161 161 163 164 165 163 169 165 163 170 171 165 165 163 172 173 163 164 165 163 169 165 163 170 163 165 174 175 165 165 163 164 165 163 169 165 163 170 165 163 172 173 174 175 165 163 170 165 163 164 165 163 164 165 163 164 165 163 169 165 163 170 165 163 164 165,0.3339581787586212,1,2026-06-14 16:28:00+00:00,2026-06-14 16:28:04+00:00
all,verify_checkout_discount_delay_001,356290897,1781454485.0,1781454489.0,1,20,163 164 165 163 165 163 170 165 163 164 165 163 164 165 163 164 165 163 170 165,0.1703818291425705,0,2026-06-14 16:28:05+00:00,2026-06-14 16:28:09+00:00
all,verify_checkout_discount_delay_001,356290898,1781454490.0,1781454494.0,1,35,163 164 165 163 164 165 163 164 165 163 164 165 163 169 165 163 170 163 165 165 163 164 165 163 170 165 163 164 163 164 165 165 163 164 165,0.19523783028125763,0,2026-06-14 16:28:10+00:00,2026-06-14 16:28:14+00:00
all,verify_checkout_discount_delay_001,356290899,1781454495.0,1781454499.0,1,63,163 164 165 163 169 165 163 170 165 163 170 165 163 164 165 163 165 163 164 165 163 169 165 163 170 163 164 165 165 163 170 165 163 166 165 163 167 163 164 165 163 169 165 163 170 171 165 165 163 164 165 163 166 165 163 167 163 166 165 163 167 171 165,0.194654181599617,0,2026-06-14 16:28:15+00:00,2026-06-14 16:28:19+00:00
all,verify_checkout_discount_delay_001,356290900,1781454500.0,1781454504.0,1,75,171 165 163 164 165 163 169 165 163 170 163 166 165 163 167 165 171 165 163 165 163 164 10 2 134 4 5 161 165 163 169 165 163 170 165 163 172 173 174 175 165 163 166 165 163 167 171 165 163 164 165 163 170 165 35 2 135 4 5 161 163 164 165 163 169 165 163 170 165 163 172 173 174 175 165,0.323477566242218,1,2026-06-14 16:28:20+00:00,2026-06-14 16:28:24+00:00
all,verify_checkout_discount_delay_001,356290901,1781454505.0,1781454509.0,1,52,163 164 165 163 170 163 164 165 165 163 165 163 166 165 163 167 163 166 165 163 167 163 164 165 171 165 171 165 163 170 165 163 164 165 163 166 165 163 167 171 165 163 164 165 163 164 165 163 169 165 163 170,0.19335603713989258,0,2026-06-14 16:28:25+00:00,2026-06-14 16:28:29+00:00
all,verify_checkout_discount_delay_001,356290902,1781454510.0,1781454514.0,1,94,35 2 136 4 5 13 2 137 4 5 1 2 138 4 5 161 161 161 165 163 172 173 174 175 165 163 164 165 163 169 165 163 170 165 163 172 173 174 163 164 175 165 165 163 169 165 163 170 165 163 172 173 174 175 165 163 170 165 163 165 163 164 165 163 164 165 163 164 165 163 169 165 163 170 165 163 164 165 163 164 165 163 166 165 163 167 171 165 163 164 165 163 164 165,0.33142244815826416,1,2026-06-14 16:28:30+00:00,2026-06-14 16:28:34+00:00
all,verify_checkout_discount_delay_001,356290903,1781454516.0,1781454519.0,1,49,163 164 165 163 165 163 164 165 163 164 165 163 164 165 35 2 139 4 5 161 163 164 165 163 169 165 163 170 165 163 164 165 163 169 165 163 170 165 163 172 173 174 175 165 163 166 165 163 167,0.30552956461906433,1,2026-06-14 16:28:36+00:00,2026-06-14 16:28:39+00:00
all,verify_checkout_discount_delay_001,356290904,1781454520.0,1781454524.0,1,54,171 165 163 164 165 163 170 165 163 164 165 163 165 35 2 140 4 5 161 163 164 165 163 169 165 163 170 165 163 172 173 174 175 165 163 170 165 163 164 165 163 164 165 163 164 165 163 169 165 163 170 165 163 167,0.317605584859848,1,2026-06-14 16:28:40+00:00,2026-06-14 16:28:44+00:00
all,verify_checkout_discount_delay_001,356290905,1781454525.0,1781454529.0,1,45,163 166 165 163 167 171 165 171 165 163 164 165 163 164 165 163 165 163 164 165 163 164 165 163 164 165 163 169 165 163 170 165 163 166 165 163 167 163 164 165 171 165 163 164 165,0.20099550485610962,0,2026-06-14 16:28:45+00:00,2026-06-14 16:28:49+00:00
all,verify_checkout_discount_delay_001,356290906,1781454530.0,1781454534.0,1,40,163 164 165 163 165 163 170 165 163 170 165 163 164 165 163 164 165 163 164 165 163 169 165 163 170 165 163 164 165 163 169 165 163 170 165 163 164 165 163 164,0.2029450237751007,0,2026-06-14 16:28:50+00:00,2026-06-14 16:28:54+00:00
all,verify_checkout_discount_delay_001,356290907,1781454535.0,1781454539.0,1,57,35 2 141 4 5 161 165 163 169 165 163 170 165 163 172 173 163 164 163 170 165 174 163 169 165 163 170 175 165 165 165 163 164 165 163 164 165 163 165 163 164 165 163 164 165 163 169 165 163 170 165 163 164 165 163 164 165,0.2699299156665802,1,2026-06-14 16:28:55+00:00,2026-06-14 16:28:59+00:00
all,verify_checkout_discount_delay_001,356290908,1781454540.0,1781454544.0,1,43,163 170 165 163 164 165 163 164 165 163 165 163 166 165 163 167 171 165 163 170 165 163 166 165 163 167 163 170 165 171 165 163 164 165 163 169 165 163 170 163 164 165 165,0.20214758813381195,0,2026-06-14 16:29:00+00:00,2026-06-14 16:29:04+00:00
all,verify_checkout_discount_delay_001,356290909,1781454545.0,1781454549.0,1,33,163 164 165 163 164 165 163 164 165 163 165 163 170 165 163 166 165 163 167 171 165 163 164 165 163 164 165 163 164 165 163 164 165,0.20431891083717346,0,2026-06-14 16:29:05+00:00,2026-06-14 16:29:09+00:00
all,verify_checkout_discount_delay_001,356290910,1781454551.0,1781454554.0,1,39,163 165 163 167 171 165 163 164 165 35 2 142 4 5 161 163 164 165 163 169 165 163 170 165 163 172 173 174 175 165 163 164 165 163 164 165 163 170 165,0.3241158425807953,1,2026-06-14 16:29:11+00:00,2026-06-14 16:29:14+00:00
all,verify_checkout_discount_delay_001,356290911,1781454555.0,1781454559.0,1,29,163 164 165 163 169 165 163 170 165 163 164 165 163 164 165 163 165 163 164 165 163 164 165 163 164 165 163 164 165,0.20010104775428772,0,2026-06-14 16:29:15+00:00,2026-06-14 16:29:19+00:00
all,verify_checkout_discount_delay_001,356290912,1781454560.0,1781454564.0,1,77,13 2 143 4 5 161 163 164 165 163 164 165 163 169 165 163 170 165 163 172 173 174 175 165 163 170 165 163 164 165 163 165 163 164 165 163 169 165 163 170 165 163 164 165 163 164 165 163 164 1 2 144 4 5 161 165 163 164 163 164 165 165 163 169 165 163 170 163 164 165 165 163 172 173 174 175 165,0.2964541018009186,1,2026-06-14 16:29:20+00:00,2026-06-14 16:29:24+00:00
all,verify_checkout_discount_delay_001,356290913,1781454565.0,1781454569.0,1,43,163 164 165 163 169 165 163 170 165 163 165 163 164 163 170 165 163 169 165 163 170 165 165 163 164 165 163 167 171 165 1 163 164 165 163 169 165 163 170 165 163 172 173,0.2004566341638565,0,2026-06-14 16:29:25+00:00,2026-06-14 16:29:29+00:00
all,verify_checkout_discount_delay_001,356290914,1781454570.0,1781454574.0,1,77,2 145 4 5 161 174 175 165 163 164 165 163 164 165 163 170 165 163 165 163 164 165 163 164 165 163 164 165 163 169 165 163 170 165 13 2 146 4 5 161 163 164 165 163 169 165 163 170 165 163 172 173 174 175 165 163 164 165 163 164 165 163 169 165 163 170 165 163 167 171 165 163 170 165 163 164 165,0.3136676847934723,1,2026-06-14 16:29:30+00:00,2026-06-14 16:29:34+00:00
all,verify_checkout_discount_delay_001,356290915,1781454575.0,1781454579.0,1,33,163 167 171 165 163 164 165 163 165 163 170 165 163 164 165 163 170 165 163 170 165 163 164 165 163 164 165 163 164 165 163 164 165,0.20362654328346252,0,2026-06-14 16:29:35+00:00,2026-06-14 16:29:39+00:00
all,verify_checkout_discount_delay_001,356290916,1781454580.0,1781454584.0,1,37,163 166 165 163 167 171 165 163 164 165 163 164 165 163 170 165 163 165 163 170 165 163 164 165 163 164 165 163 164 165 163 166 165 163 167 171 165,0.2041541337966919,0,2026-06-14 16:29:40+00:00,2026-06-14 16:29:44+00:00
all,verify_checkout_discount_delay_001,356290917,1781454585.0,1781454589.0,1,35,163 164 165 163 165 163 170 165 163 166 165 163 167 163 164 165 171 165 163 164 165 163 164 165 163 164 165 163 170 165 163 164 165 163 164,0.20464684069156647,0,2026-06-14 16:29:45+00:00,2026-06-14 16:29:49+00:00
all,verify_checkout_discount_delay_001,356290918,1781454590.0,1781454594.0,1,67,165 163 166 165 163 167 163 170 171 165 165 163 170 165 163 165 163 164 165 163 169 165 163 170 165 163 164 165 6 2 147 4 5 161 163 164 165 163 164 165 163 169 165 163 170 165 163 172 173 174 175 165 163 164 165 163 169 165 163 170 165 163 170 165 163 164 165,0.314351350069046,1,2026-06-14 16:29:50+00:00,2026-06-14 16:29:54+00:00
all,verify_checkout_discount_delay_001,356290919,1781454595.0,1781454599.0,1,36,163 164 165 163 165 163 170 165 163 164 165 163 170 165 163 164 165 163 164 165 163 164 163 166 165 163 167 165 171 165 163 164 165 163 164 165,0.20470838248729706,0,2026-06-14 16:29:55+00:00,2026-06-14 16:29:59+00:00
all,verify_checkout_discount_delay_001,356290920,1781454600.0,1781454604.0,1,45,10 2 148 4 5 161 163 164 165 163 169 165 163 170 165 163 172 173 174 175 165 163 167 171 165 163 170 165 163 170 163 165 165 163 170 165 163 164 165 163 169 165 163 170 165,0.2643912136554718,1,2026-06-14 16:30:00+00:00,2026-06-14 16:30:04+00:00
all,verify_checkout_discount_delay_001,356290921,1781454605.0,1781454609.0,1,59,6 2 149 4 5 161 163 164 165 163 169 165 163 170 163 164 165 163 172 173 165 174 175 165 163 164 165 163 164 165 163 169 165 163 170 163 165 165 163 170 165 163 167 171 165 163 166 165 163 167 171 165 163 166 165 163 167 171 165,0.29190772771835327,1,2026-06-14 16:30:05+00:00,2026-06-14 16:30:09+00:00
all,verify_checkout_discount_delay_001,356290922,1781454610.0,1781454614.0,1,44,163 164 165 163 170 165 163 164 165 163 169 165 163 170 165 163 165 163 164 165 163 164 165 163 164 165 163 164 165 163 169 165 163 170 165 163 164 165 163 164 165 163 164 165,0.21207235753536224,1,2026-06-14 16:30:10+00:00,2026-06-14 16:30:14+00:00
all,verify_checkout_discount_delay_001,356290923,1781454615.0,1781454619.0,1,44,163 170 165 163 164 165 163 170 165 163 165 163 164 165 163 167 8 171 165 163 164 165 163 169 165 163 170 165 163 172 173 2 150 4 5 161 174 175 165 163 164 165 163 167,0.32713747024536133,1,2026-06-14 16:30:15+00:00,2026-06-14 16:30:19+00:00
all,verify_checkout_discount_delay_001,356290924,1781454620.0,1781454624.0,1,51,171 165 163 164 165 163 164 165 163 169 165 163 170 165 163 165 163 164 165 163 164 165 163 164 165 163 169 165 163 170 165 163 166 165 163 167 171 165 163 164 165 163 166 165 163 167 163 164 165 171 165,0.21471835672855377,1,2026-06-14 16:30:20+00:00,2026-06-14 16:30:24+00:00
all,verify_checkout_discount_delay_001,356290925,1781454625.0,1781454628.0,1,23,163 170 165 163 165 163 170 165 163 164 163 164 165 165 163 164 165 163 164 165 163 164 165,0.19351747632026672,0,2026-06-14 16:30:25+00:00,2026-06-14 16:30:28+00:00
all,verify_checkout_discount_delay_001,356290926,1781454630.0,1781454634.0,1,59,163 164 165 163 166 165 163 167 171 165 163 165 13 2 151 4 5 161 163 164 163 164 165 163 169 165 163 170 165 163 166 165 163 167 163 164 165 163 172 173 163 164 165 174 165 175 165 171 165 163 164 165 163 167 171 165 163 164 165,0.3522847592830658,1,2026-06-14 16:30:30+00:00,2026-06-14 16:30:34+00:00
all,verify_checkout_discount_delay_001,356290927,1781454635.0,1781454639.0,1,52,13 2 152 4 5 161 163 164 165 163 164 165 163 169 165 163 170 163 164 165 163 172 173 165 174 175 165 163 165 163 164 163 170 165 165 163 164 165 163 169 165 163 170 165 163 164 165 163 164 165 163 170,0.2850272059440613,1,2026-06-14 16:30:35+00:00,2026-06-14 16:30:39+00:00
all,verify_checkout_discount_delay_001,356290928,1781454640.0,1781454644.0,1,52,165 163 170 165 163 166 165 163 167 163 165 171 165 163 164 165 163 164 165 163 169 165 163 170 165 163 170 165 163 164 165 163 164 165 163 164 165 163 166 165 163 167 171 165 163 170 165 163 164 165 163 164,0.21564453840255737,1,2026-06-14 16:30:40+00:00,2026-06-14 16:30:44+00:00
all,verify_checkout_discount_delay_001,356290929,1781454645.0,1781454649.0,1,32,165 163 165 163 170 165 163 164 165 163 169 165 163 170 165 163 164 165 163 164 163 166 165 163 167 165 163 169 165 163 170 165,0.2001221626996994,0,2026-06-14 16:30:45+00:00,2026-06-14 16:30:49+00:00
all,verify_checkout_discount_delay_001,356290930,1781454650.0,1781454654.0,1,35,171 165 163 164 165 163 164 165 163 165 163 164 165 163 164 165 163 164 165 163 170 165 163 164 165 163 164 165 163 166 165 163 167 171 165,0.20148175954818726,0,2026-06-14 16:30:50+00:00,2026-06-14 16:30:54+00:00
all,verify_checkout_discount_delay_001,356290931,1781454655.0,1781454659.0,1,83,13 2 153 4 5 161 163 164 165 163 169 165 163 170 165 163 172 173 174 175 165 163 164 165 163 164 165 163 165 163 166 165 163 167 163 164 163 164 165 165 171 165 6 2 154 4 5 161 163 164 165 163 169 165 163 170 165 163 172 173 163 166 165 163 167 174 175 165 163 164 165 171 165 163 164 165 163 166 165 163 167 171 165,0.31282490491867065,1,2026-06-14 16:30:55+00:00,2026-06-14 16:30:59+00:00
all,verify_checkout_discount_delay_001,356290932,1781454660.0,1781454664.0,1,74,163 170 165 163 165 10 2 155 4 5 161 163 164 165 163 169 165 163 170 165 163 172 173 174 175 165 163 166 165 163 167 163 164 165 163 169 171 165 165 163 170 165 163 166 165 163 167 163 164 10 2 156 4 5 161 165 163 169 165 163 170 165 163 172 173 171 165 174 175 165 163 167 171 165,0.2962638735771179,1,2026-06-14 16:31:00+00:00,2026-06-14 16:31:04+00:00
all,verify_checkout_discount_delay_001,356290933,1781454665.0,1781454669.0,1,34,163 164 165 163 170 165 163 164 165 163 165 163 164 165 163 164 165 163 167 171 165 163 170 165 163 166 165 163 167 171 165 163 164 165,0.2010798305273056,0,2026-06-14 16:31:05+00:00,2026-06-14 16:31:09+00:00
all,verify_checkout_discount_delay_001,356290934,1781454670.0,1781454674.0,1,30,163 166 165 163 167 171 165 163 165 163 164 165 163 164 165 163 164 165 163 170 165 163 164 165 163 164 165 163 170 165,0.1982162892818451,0,2026-06-14 16:31:10+00:00,2026-06-14 16:31:14+00:00
all,verify_checkout_discount_delay_001,356290935,1781454675.0,1781454679.0,1,21,163 164 165 163 165 163 167 163 164 171 165 165 163 170 165 163 170 165 163 170 165,0.17927545309066772,0,2026-06-14 16:31:15+00:00,2026-06-14 16:31:19+00:00
all,verify_checkout_discount_delay_001,356290936,1781454680.0,1781454684.0,1,41,163 164 165 163 164 165 163 165 163 164 165 163 164 165 163 164 163 164 165 165 163 164 165 163 164 165 163 164 165 163 164 165 163 164 165 163 164 165 163 164 165,0.19984576106071472,0,2026-06-14 16:31:20+00:00,2026-06-14 16:31:24+00:00
all,verify_checkout_discount_delay_001,356290937,1781454685.0,1781454689.0,1,39,163 164 165 163 169 165 163 170 163 170 165 165 163 170 165 163 164 165 163 165 163 166 165 163 167 171 165 163 164 165 163 164 163 164 165 165 163 164 165,0.21415193378925323,1,2026-06-14 16:31:25+00:00,2026-06-14 16:31:29+00:00
all,verify_checkout_discount_delay_001,356290938,1781454690.0,1781454694.0,1,52,13 2 157 4 5 161 163 164 165 163 164 165 163 169 165 163 170 165 163 172 173 174 175 165 163 167 163 165 171 165 163 164 165 163 164 165 163 166 165 163 167 163 164 163 170 171 165 165 165 163 164 165,0.2853800058364868,1,2026-06-14 16:31:30+00:00,2026-06-14 16:31:34+00:00
all,verify_checkout_discount_delay_001,356290939,1781454695.0,1781454699.0,0,58,163 164 165 163 164 165 163 165 10 2 158 4 5 161 163 164 165 163 169 165 163 170 165 163 172 173 174 175 165 163 164 163 164 165 163 169 165 163 170 165 165 163 164 165 163 164 165 163 169 165 163 170 165 163 166 165 163 167,0.33025839924812317,1,2026-06-14 16:31:35+00:00,2026-06-14 16:31:39+00:00
all,verify_checkout_discount_delay_001,356290940,1781454700.0,1781454703.0,0,51,163 170 165 171 165 163 164 165 163 164 165 163 164 165 163 165 163 166 165 163 167 171 165 163 164 163 166 165 163 167 165 171 165 163 164 165 163 164 165 163 170 165 163 164 165 163 169 165 163 170 165,0.21668367087841034,1,2026-06-14 16:31:40+00:00,2026-06-14 16:31:43+00:00
all,verify_checkout_discount_delay_001,356290941,1781454705.0,1781454709.0,0,29,163 164 165 163 169 165 163 170 165 163 164 165 163 165 163 164 165 163 164 165 163 164 165 163 164 165 163 164 165,0.2080046534538269,1,2026-06-14 16:31:45+00:00,2026-06-14 16:31:49+00:00
all,verify_checkout_discount_delay_001,356290942,1781454710.0,1781454714.0,0,57,163 170 165 163 170 165 163 164 165 163 165 163 164 165 1 2 159 4 5 161 163 164 163 164 165 165 163 169 165 163 170 165 163 172 173 163 164 174 165 175 165 163 170 165 163 164 165 163 164 165 163 166 165 163 167 171 165,0.3272566795349121,1,2026-06-14 16:31:50+00:00,2026-06-14 16:31:54+00:00
all,verify_checkout_discount_delay_001,356290943,1781454715.0,1781454719.0,0,58,163 164 165 163 164 165 163 165 8 2 160 4 5 161 163 164 165 163 169 165 163 170 165 163 172 173 174 175 165 163 166 165 163 167 171 165 163 166 165 163 167 171 165 163 167 163 164 165 163 169 165 163 166 165 163 170 163 167,0.33026570081710815,1,2026-06-14 16:31:55+00:00,2026-06-14 16:31:59+00:00
all,verify_checkout_discount_delay_001,356290944,1781454720.0,1781454721.0,0,7,171 165 165 171 165 163 165,0.012449881993234158,0,2026-06-14 16:32:00+00:00,2026-06-14 16:32:01+00:00
all,verify_checkout_discount_delay_001,357,,,0,1,168,0.002135146874934435,0,,
all,verify_checkout_discount_delay_001,358,,,0,1,168,0.002135146874934435,0,,
all,verify_checkout_discount_delay_001,359,,,0,1,168,0.002135146874934435,0,,
all,verify_checkout_discount_delay_001,360,,,0,1,168,0.002135146874934435,0,,
all,verify_checkout_discount_delay_001,361,,,0,1,168,0.002135146874934435,0,,
all,verify_checkout_discount_delay_001,363,,,0,1,168,0.002135146874934435,0,,
all,verify_checkout_discount_delay_001,364,,,0,1,168,0.002135146874934435,0,,
all,verify_checkout_discount_delay_001,368,,,0,1,168,0.002135146874934435,0,,
all,verify_checkout_discount_delay_001,369,,,0,1,168,0.002135146874934435,0,,
all,verify_checkout_discount_delay_001,370,,,0,1,168,0.002135146874934435,0,,
all,verify_checkout_discount_delay_001,371,,,0,1,168,0.002135146874934435,0,,
all,verify_checkout_discount_delay_001,373,,,0,1,168,0.002135146874934435,0,,
all,verify_checkout_discount_delay_001,375,,,0,1,168,0.002135146874934435,0,,
all,verify_checkout_discount_delay_001,376,,,0,1,168,0.002135146874934435,0,,
all,verify_checkout_discount_delay_001,378,,,0,1,168,0.002135146874934435,0,,
all,verify_checkout_discount_delay_001,379,,,0,1,168,0.002135146874934435,0,,
all,verify_checkout_discount_delay_001,380,,,0,1,168,0.002135146874934435,0,,
all,verify_checkout_discount_delay_001,382,,,0,1,168,0.002135146874934435,0,,
all,verify_checkout_discount_delay_001,383,,,0,1,168,0.002135146874934435,0,,
all,verify_checkout_discount_delay_001,384,,,0,1,168,0.002135146874934435,0,,
all,verify_checkout_discount_delay_001,385,,,0,1,168,0.002135146874934435,0,,
all,verify_checkout_discount_delay_001,388,,,0,1,168,0.002135146874934435,0,,
all,verify_checkout_discount_delay_001,389,,,0,1,168,0.002135146874934435,0,,
all,verify_checkout_discount_delay_001,391,,,0,1,168,0.002135146874934435,0,,
all,verify_checkout_discount_delay_001,393,,,0,1,168,0.002135146874934435,0,,
all,verify_checkout_discount_delay_001,395,,,0,1,168,0.002135146874934435,0,,
all,verify_checkout_discount_delay_001,397,,,0,1,168,0.002135146874934435,0,,
all,verify_checkout_discount_delay_001,398,,,0,1,168,0.002135146874934435,0,,
all,verify_checkout_discount_delay_001,399,,,0,1,168,0.002135146874934435,0,,
all,verify_checkout_discount_delay_001,401,,,0,1,168,0.002135146874934435,0,,
all,verify_checkout_discount_delay_001,402,,,0,1,168,0.002135146874934435,0,,
all,verify_checkout_discount_delay_001,403,,,0,1,168,0.002135146874934435,0,,
all,verify_checkout_discount_delay_001,404,,,0,1,168,0.002135146874934435,0,,
all,verify_checkout_discount_delay_001,406,,,0,1,168,0.002135146874934435,0,,
all,verify_checkout_discount_delay_001,407,,,0,1,168,0.002135146874934435,0,,
all,verify_checkout_discount_delay_001,408,,,0,1,168,0.002135146874934435,0,,
all,verify_checkout_discount_delay_001,410,,,0,1,168,0.002135146874934435,0,,
all,verify_checkout_discount_delay_001,411,,,0,1,168,0.002135146874934435,0,,
all,verify_checkout_discount_delay_001,412,,,0,1,168,0.002135146874934435,0,,
all,verify_checkout_discount_delay_001,413,,,0,1,168,0.002135146874934435,0,,
all,verify_checkout_discount_delay_001,415,,,0,1,168,0.002135146874934435,0,,
all,verify_checkout_discount_delay_001,416,,,0,1,168,0.002135146874934435,0,,
all,verify_checkout_discount_delay_001,418,,,0,1,168,0.002135146874934435,0,,
all,verify_checkout_discount_delay_001,419,,,0,1,168,0.002135146874934435,0,,
all,verify_checkout_discount_delay_001,420,,,0,1,168,0.002135146874934435,0,,
all,verify_checkout_discount_delay_001,421,,,0,1,168,0.002135146874934435,0,,
all,verify_checkout_discount_delay_001,422,,,0,1,168,0.002135146874934435,0,,
all,verify_checkout_discount_delay_001,424,,,0,1,168,0.002135146874934435,0,,
all,verify_checkout_discount_delay_001,425,,,0,1,168,0.002135146874934435,0,,
all,verify_checkout_discount_delay_001,426,,,0,1,168,0.002135146874934435,0,,
all,verify_checkout_discount_delay_001,427,,,0,1,168,0.002135146874934435,0,,
all,verify_checkout_discount_delay_001,430,,,0,1,168,0.002135146874934435,0,,
all,verify_checkout_discount_delay_001,432,,,0,1,168,0.002135146874934435,0,,
all,verify_checkout_discount_delay_001,433,,,0,1,168,0.002135146874934435,0,,
all,verify_checkout_discount_delay_001,435,,,0,1,168,0.002135146874934435,0,,
all,verify_checkout_discount_delay_001,436,,,0,1,168,0.002135146874934435,0,,
all,verify_checkout_discount_delay_001,437,,,0,1,168,0.002135146874934435,0,,
all,verify_checkout_discount_delay_001,440,,,0,1,168,0.002135146874934435,0,,
all,verify_checkout_discount_delay_001,441,,,0,1,168,0.002135146874934435,0,,
all,verify_checkout_discount_delay_001,443,,,0,1,168,0.002135146874934435,0,,
all,verify_checkout_discount_delay_001,444,,,0,1,168,0.002135146874934435,0,,
all,verify_checkout_discount_delay_001,446,,,0,1,168,0.002135146874934435,0,,
all,verify_checkout_discount_delay_001,448,,,0,1,168,0.002135146874934435,0,,
all,verify_checkout_discount_delay_001,449,,,0,1,168,0.002135146874934435,0,,
all,verify_checkout_discount_delay_001,450,,,0,1,168,0.002135146874934435,0,,
all,verify_checkout_discount_delay_001,452,,,0,1,168,0.002135146874934435,0,,
all,verify_checkout_discount_delay_001,453,,,0,1,168,0.002135146874934435,0,,
all,verify_checkout_discount_delay_001,454,,,0,1,168,0.002135146874934435,0,,
all,verify_checkout_discount_delay_001,455,,,0,1,168,0.002135146874934435,0,,
all,verify_checkout_discount_delay_001,457,,,0,1,168,0.002135146874934435,0,,
all,verify_checkout_discount_delay_001,458,,,0,1,168,0.002135146874934435,0,,
all,verify_checkout_discount_delay_001,460,,,0,1,168,0.002135146874934435,0,,
all,verify_checkout_discount_delay_001,461,,,0,1,168,0.002135146874934435,0,,
all,verify_checkout_discount_delay_001,463,,,0,1,168,0.002135146874934435,0,,
all,verify_checkout_discount_delay_001,464,,,0,1,168,0.002135146874934435,0,,
all,verify_checkout_discount_delay_001,465,,,0,1,168,0.002135146874934435,0,,
all,verify_checkout_discount_delay_001,466,,,0,1,168,0.002135146874934435,0,,
all,verify_checkout_discount_delay_001,468,,,0,1,168,0.002135146874934435,0,,
all,verify_checkout_discount_delay_001,469,,,0,1,168,0.002135146874934435,0,,
all,verify_checkout_discount_delay_001,470,,,0,1,168,0.002135146874934435,0,,
all,verify_checkout_discount_delay_001,471,,,0,1,168,0.002135146874934435,0,,
all,verify_checkout_discount_delay_001,473,,,0,1,168,0.002135146874934435,0,,
all,verify_checkout_discount_delay_001,474,,,0,1,168,0.002135146874934435,0,,
all,verify_checkout_discount_delay_001,475,,,0,1,168,0.002135146874934435,0,,
all,verify_checkout_discount_delay_001,477,,,0,1,168,0.002135146874934435,0,,
all,verify_checkout_discount_delay_001,478,,,0,1,168,0.002135146874934435,0,,
all,verify_checkout_discount_delay_001,479,,,0,1,168,0.002135146874934435,0,,
all,verify_checkout_discount_delay_001,481,,,0,1,168,0.002135146874934435,0,,
all,verify_checkout_discount_delay_001,482,,,0,1,168,0.002135146874934435,0,,
all,verify_checkout_discount_delay_001,483,,,0,1,168,0.002135146874934435,0,,
all,verify_checkout_discount_delay_001,484,,,0,1,168,0.002135146874934435,0,,
all,verify_checkout_discount_delay_001,485,,,0,1,168,0.002135146874934435,0,,
all,verify_checkout_discount_delay_001,487,,,0,1,168,0.002135146874934435,0,,
all,verify_checkout_discount_delay_001,488,,,0,1,168,0.002135146874934435,0,,
all,verify_checkout_discount_delay_001,489,,,0,1,168,0.002135146874934435,0,,
all,verify_checkout_discount_delay_001,491,,,0,1,168,0.002135146874934435,0,,
all,verify_checkout_discount_delay_001,492,,,0,1,168,0.002135146874934435,0,,
all,verify_checkout_discount_delay_001,493,,,0,1,168,0.002135146874934435,0,,
all,verify_checkout_discount_delay_001,494,,,0,1,168,0.002135146874934435,0,,
all,verify_checkout_discount_delay_001,495,,,0,1,168,0.002135146874934435,0,,
all,verify_checkout_discount_delay_001,496,,,0,1,168,0.002135146874934435,0,,
all,verify_checkout_discount_delay_001,497,,,0,1,168,0.002135146874934435,0,,
all,verify_checkout_discount_delay_001,498,,,0,1,168,0.002135146874934435,0,,
all,verify_checkout_discount_delay_001,499,,,0,1,168,0.002135146874934435,0,,
all,verify_checkout_discount_delay_001,500,,,0,1,168,0.002135146874934435,0,,
all,verify_checkout_discount_delay_001,502,,,0,1,168,0.002135146874934435,0,,
all,verify_checkout_discount_delay_001,503,,,0,1,168,0.002135146874934435,0,,
all,verify_checkout_discount_delay_001,504,,,0,1,168,0.002135146874934435,0,,
all,verify_checkout_discount_delay_001,506,,,0,1,168,0.002135146874934435,0,,
all,verify_checkout_discount_delay_001,508,,,0,1,168,0.002135146874934435,0,,
all,verify_checkout_discount_delay_001,510,,,0,1,168,0.002135146874934435,0,,
all,verify_checkout_discount_delay_001,512,,,0,1,168,0.002135146874934435,0,,
all,verify_checkout_discount_delay_001,513,,,0,1,168,0.002135146874934435,0,,
all,verify_checkout_discount_delay_001,515,,,0,1,168,0.002135146874934435,0,,
all,verify_checkout_discount_delay_001,517,,,0,1,168,0.002135146874934435,0,,
all,verify_checkout_discount_delay_001,518,,,0,1,168,0.002135146874934435,0,,
all,verify_checkout_discount_delay_001,519,,,0,1,168,0.002135146874934435,0,,
all,verify_checkout_discount_delay_001,520,,,0,1,168,0.002135146874934435,0,,
all,verify_checkout_discount_delay_001,522,,,0,1,168,0.002135146874934435,0,,
all,verify_checkout_discount_delay_001,523,,,0,1,168,0.002135146874934435,0,,
all,verify_checkout_discount_delay_001,525,,,0,1,168,0.002135146874934435,0,,
all,verify_checkout_discount_delay_001,528,,,0,1,168,0.002135146874934435,0,,
all,verify_checkout_discount_delay_001,529,,,0,1,168,0.002135146874934435,0,,
all,verify_checkout_discount_delay_001,531,,,0,1,168,0.002135146874934435,0,,
all,verify_checkout_discount_delay_001,532,,,0,1,168,0.002135146874934435,0,,
all,verify_checkout_discount_delay_001,533,,,0,1,168,0.002135146874934435,0,,
all,verify_checkout_discount_delay_001,534,,,0,1,168,0.002135146874934435,0,,
all,verify_checkout_discount_delay_001,535,,,0,1,168,0.002135146874934435,0,,
all,verify_checkout_discount_delay_001,537,,,0,1,168,0.002135146874934435,0,,
all,verify_checkout_discount_delay_001,538,,,0,1,168,0.002135146874934435,0,,
all,verify_checkout_discount_delay_001,539,,,0,1,168,0.002135146874934435,0,,
all,verify_checkout_discount_delay_001,541,,,0,1,168,0.002135146874934435,0,,
all,verify_checkout_discount_delay_001,542,,,0,1,168,0.002135146874934435,0,,
all,verify_checkout_discount_delay_001,543,,,0,1,168,0.002135146874934435,0,,
all,verify_checkout_discount_delay_001,544,,,0,1,168,0.002135146874934435,0,,
all,verify_checkout_discount_delay_001,546,,,0,1,168,0.002135146874934435,0,,
all,verify_checkout_discount_delay_001,547,,,0,1,168,0.002135146874934435,0,,
all,verify_checkout_discount_delay_001,548,,,0,1,168,0.002135146874934435,0,,
all,verify_checkout_discount_delay_001,550,,,0,1,168,0.002135146874934435,0,,
all,verify_checkout_discount_delay_001,551,,,0,1,168,0.002135146874934435,0,,
all,verify_checkout_discount_delay_001,553,,,0,1,168,0.002135146874934435,0,,
all,verify_checkout_discount_delay_001,555,,,0,1,168,0.002135146874934435,0,,
all,verify_checkout_discount_delay_001,556,,,0,1,168,0.002135146874934435,0,,
all,verify_checkout_discount_delay_001,557,,,0,1,168,0.002135146874934435,0,,
all,verify_checkout_discount_delay_001,558,,,0,1,168,0.002135146874934435,0,,
all,verify_checkout_discount_delay_001,559,,,0,1,168,0.002135146874934435,0,,
all,verify_checkout_discount_delay_001,560,,,0,1,168,0.002135146874934435,0,,
all,verify_checkout_discount_delay_001,562,,,0,1,168,0.002135146874934435,0,,
all,verify_checkout_discount_delay_001,564,,,0,1,168,0.002135146874934435,0,,
all,verify_checkout_discount_delay_001,565,,,0,1,168,0.002135146874934435,0,,
all,verify_checkout_discount_delay_001,566,,,0,1,168,0.002135146874934435,0,,
all,verify_checkout_discount_delay_001,567,,,0,1,168,0.002135146874934435,0,,
all,verify_checkout_discount_delay_001,569,,,0,1,168,0.002135146874934435,0,,
all,verify_checkout_discount_delay_001,570,,,0,1,168,0.002135146874934435,0,,
all,verify_checkout_discount_delay_001,571,,,0,1,168,0.002135146874934435,0,,
all,verify_checkout_discount_delay_001,573,,,0,1,168,0.002135146874934435,0,,
all,verify_checkout_discount_delay_001,575,,,0,1,168,0.002135146874934435,0,,
all,verify_checkout_discount_delay_001,576,,,0,1,168,0.002135146874934435,0,,
all,verify_checkout_discount_delay_001,577,,,0,1,168,0.002135146874934435,0,,
all,verify_checkout_discount_delay_001,578,,,0,1,168,0.002135146874934435,0,,
all,verify_checkout_discount_delay_001,579,,,0,1,168,0.002135146874934435,0,,
all,verify_checkout_discount_delay_001,580,,,0,1,168,0.002135146874934435,0,,
all,verify_checkout_discount_delay_001,581,,,0,1,168,0.002135146874934435,0,,
all,verify_checkout_discount_delay_001,583,,,0,1,168,0.002135146874934435,0,,
all,verify_checkout_discount_delay_001,584,,,0,1,168,0.002135146874934435,0,,
all,verify_checkout_discount_delay_001,588,,,0,1,168,0.002135146874934435,0,,
all,verify_checkout_discount_delay_001,590,,,0,1,168,0.002135146874934435,0,,
all,verify_checkout_discount_delay_001,591,,,0,1,168,0.002135146874934435,0,,
all,verify_checkout_discount_delay_001,592,,,0,1,168,0.002135146874934435,0,,
all,verify_checkout_discount_delay_001,595,,,0,1,168,0.002135146874934435,0,,
all,verify_checkout_discount_delay_001,598,,,0,1,168,0.002135146874934435,0,,
all,verify_checkout_discount_delay_001,599,,,0,1,168,0.002135146874934435,0,,
all,verify_checkout_discount_delay_001,600,,,0,1,168,0.002135146874934435,0,,
all,verify_checkout_discount_delay_001,602,,,0,1,168,0.002135146874934435,0,,
all,verify_checkout_discount_delay_001,604,,,0,1,168,0.002135146874934435,0,,
all,verify_checkout_discount_delay_001,607,,,0,1,168,0.002135146874934435,0,,
all,verify_checkout_discount_delay_001,608,,,0,1,168,0.002135146874934435,0,,
all,verify_checkout_discount_delay_001,609,,,0,1,168,0.002135146874934435,0,,
all,verify_checkout_discount_delay_001,611,,,0,1,168,0.002135146874934435,0,,
all,verify_checkout_discount_delay_001,612,,,0,1,168,0.002135146874934435,0,,
all,verify_checkout_discount_delay_001,614,,,0,1,168,0.002135146874934435,0,,
all,verify_checkout_discount_delay_001,616,,,0,1,168,0.002135146874934435,0,,
all,verify_checkout_discount_delay_001,617,,,0,1,168,0.002135146874934435,0,,
all,verify_checkout_discount_delay_001,619,,,0,1,168,0.002135146874934435,0,,
all,verify_checkout_discount_delay_001,621,,,0,1,168,0.002135146874934435,0,,
all,verify_checkout_discount_delay_001,622,,,0,1,168,0.002135146874934435,0,,
all,verify_checkout_discount_delay_001,623,,,0,1,168,0.002135146874934435,0,,
all,verify_checkout_discount_delay_001,625,,,0,1,168,0.002135146874934435,0,,
all,verify_checkout_discount_delay_001,626,,,0,1,168,0.002135146874934435,0,,
all,verify_checkout_discount_delay_001,627,,,0,1,168,0.002135146874934435,0,,
all,verify_checkout_discount_delay_001,629,,,0,1,168,0.002135146874934435,0,,
all,verify_checkout_discount_delay_001,631,,,0,1,168,0.002135146874934435,0,,
all,verify_checkout_discount_delay_001,632,,,0,1,168,0.002135146874934435,0,,
all,verify_checkout_discount_delay_001,634,,,0,1,168,0.002135146874934435,0,,
all,verify_checkout_discount_delay_001,635,,,0,1,168,0.002135146874934435,0,,
all,verify_checkout_discount_delay_001,636,,,0,1,168,0.002135146874934435,0,,
all,verify_checkout_discount_delay_001,637,,,0,1,168,0.002135146874934435,0,,
all,verify_checkout_discount_delay_001,639,,,0,1,168,0.002135146874934435,0,,
all,verify_checkout_discount_delay_001,640,,,0,1,168,0.002135146874934435,0,,
all,verify_checkout_discount_delay_001,643,,,0,1,168,0.002135146874934435,0,,
all,verify_checkout_discount_delay_001,644,,,0,1,168,0.002135146874934435,0,,
all,verify_checkout_discount_delay_001,645,,,0,1,168,0.002135146874934435,0,,
all,verify_checkout_discount_delay_001,646,,,0,1,168,0.002135146874934435,0,,
all,verify_checkout_discount_delay_001,647,,,0,1,168,0.002135146874934435,0,,
all,verify_checkout_discount_delay_001,648,,,0,1,168,0.002135146874934435,0,,
all,verify_checkout_discount_delay_001,651,,,0,1,168,0.002135146874934435,0,,
all,verify_checkout_discount_delay_001,653,,,0,1,168,0.002135146874934435,0,,
all,verify_checkout_discount_delay_001,654,,,0,1,168,0.002135146874934435,0,,
all,verify_checkout_discount_delay_001,656,,,0,1,168,0.002135146874934435,0,,
all,verify_checkout_discount_delay_001,658,,,0,1,168,0.002135146874934435,0,,
all,verify_checkout_discount_delay_001,659,,,0,1,168,0.002135146874934435,0,,
all,verify_checkout_discount_delay_001,661,,,0,1,168,0.002135146874934435,0,,
all,verify_checkout_discount_delay_001,662,,,0,1,168,0.002135146874934435,0,,
all,verify_checkout_discount_delay_001,663,,,0,1,168,0.002135146874934435,0,,
all,verify_checkout_discount_delay_001,664,,,0,1,168,0.002135146874934435,0,,
all,verify_checkout_discount_delay_001,665,,,0,1,168,0.002135146874934435,0,,
all,verify_checkout_discount_delay_001,667,,,0,1,168,0.002135146874934435,0,,
all,verify_checkout_discount_delay_001,668,,,0,1,168,0.002135146874934435,0,,
all,verify_checkout_discount_delay_001,669,,,0,1,168,0.002135146874934435,0,,
all,verify_checkout_discount_delay_001,670,,,0,1,168,0.002135146874934435,0,,
all,verify_checkout_discount_delay_001,671,,,0,1,168,0.002135146874934435,0,,
all,verify_checkout_discount_delay_001,672,,,0,1,168,0.002135146874934435,0,,
all,verify_checkout_discount_delay_001,675,,,0,1,168,0.002135146874934435,0,,
all,verify_checkout_discount_delay_001,676,,,0,1,168,0.002135146874934435,0,,
all,verify_checkout_discount_delay_001,677,,,0,1,168,0.002135146874934435,0,,
all,verify_checkout_discount_delay_001,679,,,0,1,168,0.002135146874934435,0,,
all,verify_checkout_discount_delay_001,680,,,0,1,168,0.002135146874934435,0,,
all,verify_checkout_discount_delay_001,683,,,0,1,168,0.002135146874934435,0,,
all,verify_checkout_discount_delay_001,685,,,0,1,168,0.002135146874934435,0,,
all,verify_checkout_discount_delay_001,686,,,0,1,168,0.002135146874934435,0,,
all,verify_checkout_discount_delay_001,687,,,0,1,168,0.002135146874934435,0,,
all,verify_checkout_discount_delay_001,688,,,0,1,168,0.002135146874934435,0,,
all,verify_checkout_discount_delay_001,689,,,0,1,168,0.002135146874934435,0,,
all,verify_checkout_discount_delay_001,691,,,0,1,168,0.002135146874934435,0,,
all,verify_checkout_discount_delay_001,692,,,0,1,168,0.002135146874934435,0,,
all,verify_checkout_discount_delay_001,693,,,0,1,168,0.002135146874934435,0,,
all,verify_checkout_discount_delay_001,694,,,0,1,168,0.002135146874934435,0,,
all,verify_checkout_discount_delay_001,696,,,0,1,168,0.002135146874934435,0,,
all,verify_checkout_discount_delay_001,697,,,0,1,168,0.002135146874934435,0,,
all,verify_checkout_discount_delay_001,698,,,0,1,168,0.002135146874934435,0,,
all,verify_checkout_discount_delay_001,699,,,0,1,168,0.002135146874934435,0,,
all,verify_checkout_discount_delay_001,700,,,0,1,168,0.002135146874934435,0,,
all,verify_checkout_discount_delay_001,702,,,0,1,168,0.002135146874934435,0,,
all,verify_checkout_discount_delay_001,703,,,0,1,168,0.002135146874934435,0,,
all,verify_checkout_discount_delay_001,704,,,0,1,168,0.002135146874934435,0,,
all,verify_checkout_discount_delay_001,705,,,0,1,168,0.002135146874934435,0,,
all,verify_checkout_discount_delay_001,706,,,0,1,168,0.002135146874934435,0,,
all,verify_checkout_discount_delay_001,707,,,0,1,168,0.002135146874934435,0,,
all,verify_checkout_discount_delay_001,708,,,0,1,168,0.002135146874934435,0,,
all,verify_checkout_discount_delay_001,710,,,0,1,168,0.002135146874934435,0,,
all,verify_checkout_discount_delay_001,712,,,0,1,168,0.002135146874934435,0,,
all,verify_checkout_discount_delay_001,713,,,0,1,168,0.002135146874934435,0,,
all,verify_checkout_discount_delay_001,717,,,0,1,168,0.002135146874934435,0,,
all,verify_checkout_discount_delay_001,719,,,0,1,168,0.002135146874934435,0,,
all,verify_checkout_discount_delay_001,720,,,0,1,168,0.002135146874934435,0,,
all,verify_checkout_discount_delay_001,722,,,0,1,168,0.002135146874934435,0,,
all,verify_checkout_discount_delay_001,725,,,0,1,168,0.002135146874934435,0,,
all,verify_checkout_discount_delay_001,726,,,0,1,168,0.002135146874934435,0,,
all,verify_checkout_discount_delay_001,727,,,0,1,168,0.002135146874934435,0,,
all,verify_checkout_discount_delay_001,728,,,0,1,168,0.002135146874934435,0,,
all,verify_checkout_discount_delay_001,732,,,0,1,168,0.002135146874934435,0,,
all,verify_checkout_discount_delay_001,733,,,0,1,168,0.002135146874934435,0,,
all,verify_checkout_discount_delay_001,734,,,0,1,168,0.002135146874934435,0,,
all,verify_checkout_discount_delay_001,735,,,0,1,168,0.002135146874934435,0,,
all,verify_checkout_discount_delay_001,736,,,0,1,168,0.002135146874934435,0,,
all,verify_checkout_discount_delay_001,738,,,0,1,168,0.002135146874934435,0,,
all,verify_checkout_discount_delay_001,739,,,0,1,168,0.002135146874934435,0,,
all,verify_checkout_discount_delay_001,740,,,0,1,168,0.002135146874934435,0,,
all,verify_checkout_discount_delay_001,741,,,0,1,168,0.002135146874934435,0,,
all,verify_checkout_discount_delay_001,742,,,0,1,168,0.002135146874934435,0,,
all,verify_checkout_discount_delay_001,743,,,0,1,168,0.002135146874934435,0,,
all,verify_checkout_discount_delay_001,745,,,0,1,168,0.002135146874934435,0,,
all,verify_checkout_discount_delay_001,746,,,0,1,168,0.002135146874934435,0,,
all,verify_checkout_discount_delay_001,749,,,0,1,168,0.002135146874934435,0,,
all,verify_checkout_discount_delay_001,750,,,0,1,168,0.002135146874934435,0,,
all,verify_checkout_discount_delay_001,752,,,0,1,168,0.002135146874934435,0,,
all,verify_checkout_discount_delay_001,753,,,0,1,168,0.002135146874934435,0,,
all,verify_checkout_discount_delay_001,755,,,0,1,168,0.002135146874934435,0,,
all,verify_checkout_discount_delay_001,756,,,0,1,168,0.002135146874934435,0,,
all,verify_checkout_discount_delay_001,758,,,0,1,168,0.002135146874934435,0,,
all,verify_checkout_discount_delay_001,760,,,0,1,168,0.002135146874934435,0,,
all,verify_checkout_discount_delay_001,761,,,0,1,168,0.002135146874934435,0,,
all,verify_checkout_discount_delay_001,763,,,0,1,168,0.002135146874934435,0,,
all,verify_checkout_discount_delay_001,764,,,0,1,168,0.002135146874934435,0,,
all,verify_checkout_discount_delay_001,766,,,0,1,168,0.002135146874934435,0,,
all,verify_checkout_discount_delay_001,767,,,0,1,168,0.002135146874934435,0,,
all,verify_checkout_discount_delay_001,768,,,0,1,168,0.002135146874934435,0,,
all,verify_checkout_discount_delay_001,769,,,0,1,168,0.002135146874934435,0,,
all,verify_checkout_discount_delay_001,770,,,0,1,168,0.002135146874934435,0,,
all,verify_checkout_discount_delay_001,772,,,0,1,168,0.002135146874934435,0,,
all,verify_checkout_discount_delay_001,773,,,0,1,168,0.002135146874934435,0,,
all,verify_checkout_discount_delay_001,775,,,0,1,168,0.002135146874934435,0,,
all,verify_checkout_discount_delay_001,776,,,0,1,168,0.002135146874934435,0,,
all,verify_checkout_discount_delay_001,778,,,0,1,168,0.002135146874934435,0,,
all,verify_checkout_discount_delay_001,779,,,0,1,168,0.002135146874934435,0,,
all,verify_checkout_discount_delay_001,780,,,0,1,168,0.002135146874934435,0,,
all,verify_checkout_discount_delay_001,782,,,0,1,168,0.002135146874934435,0,,
all,verify_checkout_discount_delay_001,783,,,0,1,168,0.002135146874934435,0,,
all,verify_checkout_discount_delay_001,785,,,0,1,168,0.002135146874934435,0,,
all,verify_checkout_discount_delay_001,787,,,0,1,168,0.002135146874934435,0,,
all,verify_checkout_discount_delay_001,788,,,0,1,168,0.002135146874934435,0,,
all,verify_checkout_discount_delay_001,789,,,0,1,168,0.002135146874934435,0,,
all,verify_checkout_discount_delay_001,790,,,0,1,168,0.002135146874934435,0,,
all,verify_checkout_discount_delay_001,791,,,0,1,168,0.002135146874934435,0,,
all,verify_checkout_discount_delay_001,792,,,0,1,168,0.002135146874934435,0,,
all,verify_checkout_discount_delay_001,793,,,0,1,168,0.002135146874934435,0,,
all,verify_checkout_discount_delay_001,795,,,0,1,168,0.002135146874934435,0,,
all,verify_checkout_discount_delay_001,796,,,0,1,168,0.002135146874934435,0,,
all,verify_checkout_discount_delay_001,798,,,0,1,168,0.002135146874934435,0,,
all,verify_checkout_discount_delay_001,800,,,0,1,168,0.002135146874934435,0,,
all,verify_checkout_discount_delay_001,803,,,0,1,168,0.002135146874934435,0,,
all,verify_checkout_discount_delay_001,804,,,0,1,168,0.002135146874934435,0,,
all,verify_checkout_discount_delay_001,805,,,0,1,168,0.002135146874934435,0,,
all,verify_checkout_discount_delay_001,806,,,0,1,168,0.002135146874934435,0,,
all,verify_checkout_discount_delay_001,808,,,0,1,168,0.002135146874934435,0,,
all,verify_checkout_discount_delay_001,809,,,0,1,168,0.002135146874934435,0,,
all,verify_checkout_discount_delay_001,811,,,0,1,168,0.002135146874934435,0,,
all,verify_checkout_discount_delay_001,812,,,0,1,168,0.002135146874934435,0,,
all,verify_checkout_discount_delay_001,813,,,0,1,168,0.002135146874934435,0,,
all,verify_checkout_discount_delay_001,814,,,0,1,168,0.002135146874934435,0,,
all,verify_checkout_discount_delay_001,816,,,0,1,168,0.002135146874934435,0,,
all,verify_checkout_discount_delay_001,817,,,0,1,182,0.002563569927588105,0,,
all,verify_checkout_pod_kill_001,1001,,,0,1,168,0.002135146874934435,0,,
all,verify_checkout_pod_kill_001,1002,,,0,1,168,0.002135146874934435,0,,
all,verify_checkout_pod_kill_001,1004,,,0,1,168,0.002135146874934435,0,,
all,verify_checkout_pod_kill_001,1006,,,0,1,168,0.002135146874934435,0,,
all,verify_checkout_pod_kill_001,1008,,,0,1,168,0.002135146874934435,0,,
all,verify_checkout_pod_kill_001,1009,,,0,1,168,0.002135146874934435,0,,
all,verify_checkout_pod_kill_001,1010,,,0,1,168,0.002135146874934435,0,,
all,verify_checkout_pod_kill_001,1012,,,0,1,168,0.002135146874934435,0,,
all,verify_checkout_pod_kill_001,1013,,,0,1,168,0.002135146874934435,0,,
all,verify_checkout_pod_kill_001,1016,,,0,1,168,0.002135146874934435,0,,
all,verify_checkout_pod_kill_001,1017,,,0,1,168,0.002135146874934435,0,,
all,verify_checkout_pod_kill_001,1018,,,0,1,168,0.002135146874934435,0,,
all,verify_checkout_pod_kill_001,1020,,,0,1,168,0.002135146874934435,0,,
all,verify_checkout_pod_kill_001,1021,,,0,1,168,0.002135146874934435,0,,
all,verify_checkout_pod_kill_001,1022,,,0,1,168,0.002135146874934435,0,,
all,verify_checkout_pod_kill_001,1023,,,0,1,168,0.002135146874934435,0,,
all,verify_checkout_pod_kill_001,1025,,,0,1,168,0.002135146874934435,0,,
all,verify_checkout_pod_kill_001,1027,,,0,1,168,0.002135146874934435,0,,
all,verify_checkout_pod_kill_001,1028,,,0,1,168,0.002135146874934435,0,,
all,verify_checkout_pod_kill_001,1030,,,0,1,168,0.002135146874934435,0,,
all,verify_checkout_pod_kill_001,1031,,,0,1,168,0.002135146874934435,0,,
all,verify_checkout_pod_kill_001,1033,,,0,1,168,0.002135146874934435,0,,
all,verify_checkout_pod_kill_001,1034,,,0,1,168,0.002135146874934435,0,,
all,verify_checkout_pod_kill_001,1036,,,0,1,168,0.002135146874934435,0,,
all,verify_checkout_pod_kill_001,1037,,,0,1,168,0.002135146874934435,0,,
all,verify_checkout_pod_kill_001,1038,,,0,1,168,0.002135146874934435,0,,
all,verify_checkout_pod_kill_001,1039,,,0,1,168,0.002135146874934435,0,,
all,verify_checkout_pod_kill_001,1041,,,0,1,168,0.002135146874934435,0,,
all,verify_checkout_pod_kill_001,1042,,,0,1,168,0.002135146874934435,0,,
all,verify_checkout_pod_kill_001,1043,,,0,1,168,0.002135146874934435,0,,
all,verify_checkout_pod_kill_001,1045,,,0,1,168,0.002135146874934435,0,,
all,verify_checkout_pod_kill_001,1046,,,0,1,168,0.002135146874934435,0,,
all,verify_checkout_pod_kill_001,1047,,,0,1,168,0.002135146874934435,0,,
all,verify_checkout_pod_kill_001,1048,,,0,1,168,0.002135146874934435,0,,
all,verify_checkout_pod_kill_001,1049,,,0,1,168,0.002135146874934435,0,,
all,verify_checkout_pod_kill_001,1050,,,0,1,168,0.002135146874934435,0,,
all,verify_checkout_pod_kill_001,1051,,,0,1,168,0.002135146874934435,0,,
all,verify_checkout_pod_kill_001,1053,,,0,1,168,0.002135146874934435,0,,
all,verify_checkout_pod_kill_001,1054,,,0,1,168,0.002135146874934435,0,,
all,verify_checkout_pod_kill_001,1056,,,0,1,168,0.002135146874934435,0,,
all,verify_checkout_pod_kill_001,1057,,,0,1,168,0.002135146874934435,0,,
all,verify_checkout_pod_kill_001,1058,,,0,1,168,0.002135146874934435,0,,
all,verify_checkout_pod_kill_001,1059,,,0,1,168,0.002135146874934435,0,,
all,verify_checkout_pod_kill_001,1060,,,0,1,168,0.002135146874934435,0,,
all,verify_checkout_pod_kill_001,1061,,,0,1,168,0.002135146874934435,0,,
all,verify_checkout_pod_kill_001,1062,,,0,1,168,0.002135146874934435,0,,
all,verify_checkout_pod_kill_001,1064,,,0,1,168,0.002135146874934435,0,,
all,verify_checkout_pod_kill_001,1065,,,0,1,168,0.002135146874934435,0,,
all,verify_checkout_pod_kill_001,1067,,,0,1,168,0.002135146874934435,0,,
all,verify_checkout_pod_kill_001,1069,,,0,1,168,0.002135146874934435,0,,
all,verify_checkout_pod_kill_001,1070,,,0,1,168,0.002135146874934435,0,,
all,verify_checkout_pod_kill_001,1071,,,0,1,168,0.002135146874934435,0,,
all,verify_checkout_pod_kill_001,1072,,,0,1,168,0.002135146874934435,0,,
all,verify_checkout_pod_kill_001,1073,,,0,1,168,0.002135146874934435,0,,
all,verify_checkout_pod_kill_001,1076,,,0,1,168,0.002135146874934435,0,,
all,verify_checkout_pod_kill_001,1077,,,0,1,168,0.002135146874934435,0,,
all,verify_checkout_pod_kill_001,1079,,,0,1,168,0.002135146874934435,0,,
all,verify_checkout_pod_kill_001,1080,,,0,1,168,0.002135146874934435,0,,
all,verify_checkout_pod_kill_001,1082,,,0,1,168,0.002135146874934435,0,,
all,verify_checkout_pod_kill_001,1083,,,0,1,168,0.002135146874934435,0,,
all,verify_checkout_pod_kill_001,1084,,,0,1,168,0.002135146874934435,0,,
all,verify_checkout_pod_kill_001,1085,,,0,1,168,0.002135146874934435,0,,
all,verify_checkout_pod_kill_001,1086,,,0,1,168,0.002135146874934435,0,,
all,verify_checkout_pod_kill_001,1088,,,0,1,168,0.002135146874934435,0,,
all,verify_checkout_pod_kill_001,1090,,,0,1,168,0.002135146874934435,0,,
all,verify_checkout_pod_kill_001,1091,,,0,1,168,0.002135146874934435,0,,
all,verify_checkout_pod_kill_001,1093,,,0,1,168,0.002135146874934435,0,,
all,verify_checkout_pod_kill_001,1095,,,0,1,168,0.002135146874934435,0,,
all,verify_checkout_pod_kill_001,1096,,,0,1,168,0.002135146874934435,0,,
all,verify_checkout_pod_kill_001,1097,,,0,1,168,0.002135146874934435,0,,
all,verify_checkout_pod_kill_001,1099,,,0,1,168,0.002135146874934435,0,,
all,verify_checkout_pod_kill_001,1100,,,0,1,168,0.002135146874934435,0,,
all,verify_checkout_pod_kill_001,1102,,,0,1,168,0.002135146874934435,0,,
all,verify_checkout_pod_kill_001,1103,,,0,1,168,0.002135146874934435,0,,
all,verify_checkout_pod_kill_001,1104,,,0,1,168,0.002135146874934435,0,,
all,verify_checkout_pod_kill_001,1106,,,0,1,168,0.002135146874934435,0,,
all,verify_checkout_pod_kill_001,1108,,,0,1,168,0.002135146874934435,0,,
all,verify_checkout_pod_kill_001,1109,,,0,1,168,0.002135146874934435,0,,
all,verify_checkout_pod_kill_001,1112,,,0,1,168,0.002135146874934435,0,,
all,verify_checkout_pod_kill_001,1113,,,0,1,168,0.002135146874934435,0,,
all,verify_checkout_pod_kill_001,1115,,,0,1,168,0.002135146874934435,0,,
all,verify_checkout_pod_kill_001,1117,,,0,1,168,0.002135146874934435,0,,
all,verify_checkout_pod_kill_001,1119,,,0,1,168,0.002135146874934435,0,,
all,verify_checkout_pod_kill_001,1122,,,0,1,168,0.002135146874934435,0,,
all,verify_checkout_pod_kill_001,1124,,,0,1,168,0.002135146874934435,0,,
all,verify_checkout_pod_kill_001,1127,,,0,1,168,0.002135146874934435,0,,
all,verify_checkout_pod_kill_001,1129,,,0,1,168,0.002135146874934435,0,,
all,verify_checkout_pod_kill_001,1130,,,0,1,168,0.002135146874934435,0,,
all,verify_checkout_pod_kill_001,1131,,,0,1,168,0.002135146874934435,0,,
all,verify_checkout_pod_kill_001,1132,,,0,1,168,0.002135146874934435,0,,
all,verify_checkout_pod_kill_001,1133,,,0,1,168,0.002135146874934435,0,,
all,verify_checkout_pod_kill_001,1134,,,0,1,168,0.002135146874934435,0,,
all,verify_checkout_pod_kill_001,1136,,,0,1,168,0.002135146874934435,0,,
all,verify_checkout_pod_kill_001,1137,,,0,1,168,0.002135146874934435,0,,
all,verify_checkout_pod_kill_001,1138,,,0,1,168,0.002135146874934435,0,,
all,verify_checkout_pod_kill_001,1140,,,0,1,168,0.002135146874934435,0,,
all,verify_checkout_pod_kill_001,1142,,,0,1,168,0.002135146874934435,0,,
all,verify_checkout_pod_kill_001,1143,,,0,1,168,0.002135146874934435,0,,
all,verify_checkout_pod_kill_001,1145,,,0,1,168,0.002135146874934435,0,,
all,verify_checkout_pod_kill_001,1148,,,0,1,168,0.002135146874934435,0,,
all,verify_checkout_pod_kill_001,1149,,,0,1,168,0.002135146874934435,0,,
all,verify_checkout_pod_kill_001,1150,,,0,1,168,0.002135146874934435,0,,
all,verify_checkout_pod_kill_001,1151,,,0,1,168,0.002135146874934435,0,,
all,verify_checkout_pod_kill_001,1152,,,0,1,168,0.002135146874934435,0,,
all,verify_checkout_pod_kill_001,1153,,,0,1,168,0.002135146874934435,0,,
all,verify_checkout_pod_kill_001,1155,,,0,1,168,0.002135146874934435,0,,
all,verify_checkout_pod_kill_001,1156,,,0,1,168,0.002135146874934435,0,,
all,verify_checkout_pod_kill_001,1159,,,0,1,168,0.002135146874934435,0,,
all,verify_checkout_pod_kill_001,1160,,,0,1,168,0.002135146874934435,0,,
all,verify_checkout_pod_kill_001,1161,,,0,1,168,0.002135146874934435,0,,
all,verify_checkout_pod_kill_001,1162,,,0,1,168,0.002135146874934435,0,,
all,verify_checkout_pod_kill_001,1163,,,0,1,168,0.002135146874934435,0,,
all,verify_checkout_pod_kill_001,1165,,,0,1,168,0.002135146874934435,0,,
all,verify_checkout_pod_kill_001,1166,,,0,1,168,0.002135146874934435,0,,
all,verify_checkout_pod_kill_001,1168,,,0,1,168,0.002135146874934435,0,,
all,verify_checkout_pod_kill_001,1169,,,0,1,168,0.002135146874934435,0,,
all,verify_checkout_pod_kill_001,1170,,,0,1,168,0.002135146874934435,0,,
all,verify_checkout_pod_kill_001,1171,,,0,1,168,0.002135146874934435,0,,
all,verify_checkout_pod_kill_001,1173,,,0,1,168,0.002135146874934435,0,,
all,verify_checkout_pod_kill_001,1175,,,0,1,168,0.002135146874934435,0,,
all,verify_checkout_pod_kill_001,1178,,,0,1,168,0.002135146874934435,0,,
all,verify_checkout_pod_kill_001,1180,,,0,1,168,0.002135146874934435,0,,
all,verify_checkout_pod_kill_001,1181,,,0,1,168,0.002135146874934435,0,,
all,verify_checkout_pod_kill_001,1183,,,0,1,168,0.002135146874934435,0,,
all,verify_checkout_pod_kill_001,1185,,,0,1,168,0.002135146874934435,0,,
all,verify_checkout_pod_kill_001,1187,,,0,1,168,0.002135146874934435,0,,
all,verify_checkout_pod_kill_001,1188,,,0,1,168,0.002135146874934435,0,,
all,verify_checkout_pod_kill_001,1189,,,0,1,168,0.002135146874934435,0,,
all,verify_checkout_pod_kill_001,1190,,,0,1,168,0.002135146874934435,0,,
all,verify_checkout_pod_kill_001,1192,,,0,1,168,0.002135146874934435,0,,
all,verify_checkout_pod_kill_001,1194,,,0,1,168,0.002135146874934435,0,,
all,verify_checkout_pod_kill_001,1195,,,0,1,168,0.002135146874934435,0,,
all,verify_checkout_pod_kill_001,1197,,,0,1,168,0.002135146874934435,0,,
all,verify_checkout_pod_kill_001,1198,,,0,1,168,0.002135146874934435,0,,
all,verify_checkout_pod_kill_001,1199,,,0,1,168,0.002135146874934435,0,,
all,verify_checkout_pod_kill_001,1201,,,0,1,168,0.002135146874934435,0,,
all,verify_checkout_pod_kill_001,1202,,,0,1,168,0.002135146874934435,0,,
all,verify_checkout_pod_kill_001,1203,,,0,1,168,0.002135146874934435,0,,
all,verify_checkout_pod_kill_001,1205,,,0,1,168,0.002135146874934435,0,,
all,verify_checkout_pod_kill_001,1206,,,0,1,168,0.002135146874934435,0,,
all,verify_checkout_pod_kill_001,1208,,,0,1,168,0.002135146874934435,0,,
all,verify_checkout_pod_kill_001,1209,,,0,1,168,0.002135146874934435,0,,
all,verify_checkout_pod_kill_001,1212,,,0,1,168,0.002135146874934435,0,,
all,verify_checkout_pod_kill_001,1213,,,0,1,168,0.002135146874934435,0,,
all,verify_checkout_pod_kill_001,1216,,,0,1,168,0.002135146874934435,0,,
all,verify_checkout_pod_kill_001,1217,,,0,1,168,0.002135146874934435,0,,
all,verify_checkout_pod_kill_001,1220,,,0,1,168,0.002135146874934435,0,,
all,verify_checkout_pod_kill_001,1221,,,0,1,168,0.002135146874934435,0,,
all,verify_checkout_pod_kill_001,1222,,,0,1,168,0.002135146874934435,0,,
all,verify_checkout_pod_kill_001,1223,,,0,1,168,0.002135146874934435,0,,
all,verify_checkout_pod_kill_001,1224,,,0,1,168,0.002135146874934435,0,,
all,verify_checkout_pod_kill_001,1227,,,0,1,168,0.002135146874934435,0,,
all,verify_checkout_pod_kill_001,1228,,,0,1,168,0.002135146874934435,0,,
all,verify_checkout_pod_kill_001,1230,,,0,1,168,0.002135146874934435,0,,
all,verify_checkout_pod_kill_001,1231,,,0,1,168,0.002135146874934435,0,,
all,verify_checkout_pod_kill_001,1232,,,0,1,168,0.002135146874934435,0,,
all,verify_checkout_pod_kill_001,1233,,,0,1,168,0.002135146874934435,0,,
all,verify_checkout_pod_kill_001,1234,,,0,1,168,0.002135146874934435,0,,
all,verify_checkout_pod_kill_001,1235,,,0,1,168,0.002135146874934435,0,,
all,verify_checkout_pod_kill_001,1237,,,0,1,168,0.002135146874934435,0,,
all,verify_checkout_pod_kill_001,1238,,,0,1,168,0.002135146874934435,0,,
all,verify_checkout_pod_kill_001,1239,,,0,1,168,0.002135146874934435,0,,
all,verify_checkout_pod_kill_001,1240,,,0,1,168,0.002135146874934435,0,,
all,verify_checkout_pod_kill_001,1241,,,0,1,168,0.002135146874934435,0,,
all,verify_checkout_pod_kill_001,1242,,,0,1,168,0.002135146874934435,0,,
all,verify_checkout_pod_kill_001,1243,,,0,1,168,0.002135146874934435,0,,
all,verify_checkout_pod_kill_001,1245,,,0,1,168,0.002135146874934435,0,,
all,verify_checkout_pod_kill_001,1246,,,0,1,168,0.002135146874934435,0,,
all,verify_checkout_pod_kill_001,1248,,,0,1,168,0.002135146874934435,0,,
all,verify_checkout_pod_kill_001,1249,,,0,1,168,0.002135146874934435,0,,
all,verify_checkout_pod_kill_001,1250,,,0,1,168,0.002135146874934435,0,,
all,verify_checkout_pod_kill_001,1254,,,0,1,168,0.002135146874934435,0,,
all,verify_checkout_pod_kill_001,1255,,,0,1,168,0.002135146874934435,0,,
all,verify_checkout_pod_kill_001,1257,,,0,1,168,0.002135146874934435,0,,
all,verify_checkout_pod_kill_001,1258,,,0,1,168,0.002135146874934435,0,,
all,verify_checkout_pod_kill_001,1260,,,0,1,168,0.002135146874934435,0,,
all,verify_checkout_pod_kill_001,1261,,,0,1,168,0.002135146874934435,0,,
all,verify_checkout_pod_kill_001,1263,,,0,1,168,0.002135146874934435,0,,
all,verify_checkout_pod_kill_001,1264,,,0,1,168,0.002135146874934435,0,,
all,verify_checkout_pod_kill_001,1266,,,0,1,168,0.002135146874934435,0,,
all,verify_checkout_pod_kill_001,1267,,,0,1,168,0.002135146874934435,0,,
all,verify_checkout_pod_kill_001,1268,,,0,1,168,0.002135146874934435,0,,
all,verify_checkout_pod_kill_001,1269,,,0,1,168,0.002135146874934435,0,,
all,verify_checkout_pod_kill_001,1270,,,0,1,168,0.002135146874934435,0,,
all,verify_checkout_pod_kill_001,1273,,,0,1,168,0.002135146874934435,0,,
all,verify_checkout_pod_kill_001,1274,,,0,1,168,0.002135146874934435,0,,
all,verify_checkout_pod_kill_001,1277,,,0,1,168,0.002135146874934435,0,,
all,verify_checkout_pod_kill_001,1279,,,0,1,168,0.002135146874934435,0,,
all,verify_checkout_pod_kill_001,1280,,,0,1,168,0.002135146874934435,0,,
all,verify_checkout_pod_kill_001,1281,,,0,1,168,0.002135146874934435,0,,
all,verify_checkout_pod_kill_001,1283,,,0,1,168,0.002135146874934435,0,,
all,verify_checkout_pod_kill_001,1284,,,0,1,168,0.002135146874934435,0,,
all,verify_checkout_pod_kill_001,1285,,,0,1,168,0.002135146874934435,0,,
all,verify_checkout_pod_kill_001,1286,,,0,1,168,0.002135146874934435,0,,
all,verify_checkout_pod_kill_001,1287,,,0,1,168,0.002135146874934435,0,,
all,verify_checkout_pod_kill_001,1290,,,0,1,168,0.002135146874934435,0,,
all,verify_checkout_pod_kill_001,1292,,,0,1,168,0.002135146874934435,0,,
all,verify_checkout_pod_kill_001,1293,,,0,1,168,0.002135146874934435,0,,
all,verify_checkout_pod_kill_001,1296,,,0,1,168,0.002135146874934435,0,,
all,verify_checkout_pod_kill_001,1297,,,0,1,168,0.002135146874934435,0,,
all,verify_checkout_pod_kill_001,1298,,,0,1,168,0.002135146874934435,0,,
all,verify_checkout_pod_kill_001,1299,,,0,1,168,0.002135146874934435,0,,
all,verify_checkout_pod_kill_001,1301,,,0,1,168,0.002135146874934435,0,,
all,verify_checkout_pod_kill_001,1302,,,0,1,168,0.002135146874934435,0,,
all,verify_checkout_pod_kill_001,1304,,,0,1,168,0.002135146874934435,0,,
all,verify_checkout_pod_kill_001,1305,,,0,1,168,0.002135146874934435,0,,
all,verify_checkout_pod_kill_001,1307,,,0,1,168,0.002135146874934435,0,,
all,verify_checkout_pod_kill_001,1312,,,0,1,168,0.002135146874934435,0,,
all,verify_checkout_pod_kill_001,1313,,,0,1,168,0.002135146874934435,0,,
all,verify_checkout_pod_kill_001,1314,,,0,1,168,0.002135146874934435,0,,
all,verify_checkout_pod_kill_001,1315,,,0,1,168,0.002135146874934435,0,,
all,verify_checkout_pod_kill_001,1317,,,0,1,168,0.002135146874934435,0,,
all,verify_checkout_pod_kill_001,1318,,,0,1,168,0.002135146874934435,0,,
all,verify_checkout_pod_kill_001,1319,,,0,1,168,0.002135146874934435,0,,
all,verify_checkout_pod_kill_001,1321,,,0,1,168,0.002135146874934435,0,,
all,verify_checkout_pod_kill_001,1322,,,0,1,168,0.002135146874934435,0,,
all,verify_checkout_pod_kill_001,1324,,,0,1,168,0.002135146874934435,0,,
all,verify_checkout_pod_kill_001,1327,,,0,1,168,0.002135146874934435,0,,
all,verify_checkout_pod_kill_001,1328,,,0,1,168,0.002135146874934435,0,,
all,verify_checkout_pod_kill_001,1330,,,0,1,168,0.002135146874934435,0,,
all,verify_checkout_pod_kill_001,1331,,,0,1,168,0.002135146874934435,0,,
all,verify_checkout_pod_kill_001,1332,,,0,1,168,0.002135146874934435,0,,
all,verify_checkout_pod_kill_001,1333,,,0,1,168,0.002135146874934435,0,,
all,verify_checkout_pod_kill_001,1335,,,0,1,168,0.002135146874934435,0,,
all,verify_checkout_pod_kill_001,1336,,,0,1,168,0.002135146874934435,0,,
all,verify_checkout_pod_kill_001,1337,,,0,1,168,0.002135146874934435,0,,
all,verify_checkout_pod_kill_001,1338,,,0,1,168,0.002135146874934435,0,,
all,verify_checkout_pod_kill_001,1339,,,0,1,168,0.002135146874934435,0,,
all,verify_checkout_pod_kill_001,1342,,,0,1,168,0.002135146874934435,0,,
all,verify_checkout_pod_kill_001,1343,,,0,1,168,0.002135146874934435,0,,
all,verify_checkout_pod_kill_001,1344,,,0,1,168,0.002135146874934435,0,,
all,verify_checkout_pod_kill_001,1345,,,0,1,168,0.002135146874934435,0,,
all,verify_checkout_pod_kill_001,1346,,,0,1,168,0.002135146874934435,0,,
all,verify_checkout_pod_kill_001,1348,,,0,1,168,0.002135146874934435,0,,
all,verify_checkout_pod_kill_001,1349,,,0,1,168,0.002135146874934435,0,,
all,verify_checkout_pod_kill_001,1351,,,0,1,168,0.002135146874934435,0,,
all,verify_checkout_pod_kill_001,1352,,,0,1,168,0.002135146874934435,0,,
all,verify_checkout_pod_kill_001,1354,,,0,1,168,0.002135146874934435,0,,
all,verify_checkout_pod_kill_001,1355,,,0,1,168,0.002135146874934435,0,,
all,verify_checkout_pod_kill_001,1356,,,0,1,168,0.002135146874934435,0,,
all,verify_checkout_pod_kill_001,1358,,,0,1,168,0.002135146874934435,0,,
all,verify_checkout_pod_kill_001,1359,,,0,1,168,0.002135146874934435,0,,
all,verify_checkout_pod_kill_001,1360,,,0,1,168,0.002135146874934435,0,,
all,verify_checkout_pod_kill_001,1362,,,0,1,168,0.002135146874934435,0,,
all,verify_checkout_pod_kill_001,1363,,,0,1,168,0.002135146874934435,0,,
all,verify_checkout_pod_kill_001,1365,,,0,1,168,0.002135146874934435,0,,
all,verify_checkout_pod_kill_001,1367,,,0,1,168,0.002135146874934435,0,,
all,verify_checkout_pod_kill_001,1368,,,0,1,168,0.002135146874934435,0,,
all,verify_checkout_pod_kill_001,1369,,,0,1,168,0.002135146874934435,0,,
all,verify_checkout_pod_kill_001,1370,,,0,1,168,0.002135146874934435,0,,
all,verify_checkout_pod_kill_001,1371,,,0,1,168,0.002135146874934435,0,,
all,verify_checkout_pod_kill_001,1373,,,0,1,168,0.002135146874934435,0,,
all,verify_checkout_pod_kill_001,1374,,,0,1,168,0.002135146874934435,0,,
all,verify_checkout_pod_kill_001,1375,,,0,1,168,0.002135146874934435,0,,
all,verify_checkout_pod_kill_001,1377,,,0,1,168,0.002135146874934435,0,,
all,verify_checkout_pod_kill_001,1378,,,0,1,168,0.002135146874934435,0,,
all,verify_checkout_pod_kill_001,1379,,,0,1,168,0.002135146874934435,0,,
all,verify_checkout_pod_kill_001,1381,,,0,1,168,0.002135146874934435,0,,
all,verify_checkout_pod_kill_001,1382,,,0,1,168,0.002135146874934435,0,,
all,verify_checkout_pod_kill_001,1383,,,0,1,168,0.002135146874934435,0,,
all,verify_checkout_pod_kill_001,1385,,,0,1,168,0.002135146874934435,0,,
all,verify_checkout_pod_kill_001,1386,,,0,1,168,0.002135146874934435,0,,
all,verify_checkout_pod_kill_001,1388,,,0,1,168,0.002135146874934435,0,,
all,verify_checkout_pod_kill_001,1389,,,0,1,168,0.002135146874934435,0,,
all,verify_checkout_pod_kill_001,1391,,,0,1,168,0.002135146874934435,0,,
all,verify_checkout_pod_kill_001,1393,,,0,1,168,0.002135146874934435,0,,
all,verify_checkout_pod_kill_001,1394,,,0,1,168,0.002135146874934435,0,,
all,verify_checkout_pod_kill_001,1395,,,0,1,168,0.002135146874934435,0,,
all,verify_checkout_pod_kill_001,1396,,,0,1,168,0.002135146874934435,0,,
all,verify_checkout_pod_kill_001,1397,,,0,1,168,0.002135146874934435,0,,
all,verify_checkout_pod_kill_001,1398,,,0,1,168,0.002135146874934435,0,,
all,verify_checkout_pod_kill_001,1400,,,0,1,168,0.002135146874934435,0,,
all,verify_checkout_pod_kill_001,1401,,,0,1,168,0.002135146874934435,0,,
all,verify_checkout_pod_kill_001,1402,,,0,1,168,0.002135146874934435,0,,
all,verify_checkout_pod_kill_001,1404,,,0,1,168,0.002135146874934435,0,,
all,verify_checkout_pod_kill_001,1406,,,0,1,168,0.002135146874934435,0,,
all,verify_checkout_pod_kill_001,1408,,,0,1,168,0.002135146874934435,0,,
all,verify_checkout_pod_kill_001,1409,,,0,1,168,0.002135146874934435,0,,
all,verify_checkout_pod_kill_001,1411,,,0,1,168,0.002135146874934435,0,,
all,verify_checkout_pod_kill_001,1414,,,0,1,168,0.002135146874934435,0,,
all,verify_checkout_pod_kill_001,1415,,,0,1,168,0.002135146874934435,0,,
all,verify_checkout_pod_kill_001,1416,,,0,1,168,0.002135146874934435,0,,
all,verify_checkout_pod_kill_001,1418,,,0,1,168,0.002135146874934435,0,,
all,verify_checkout_pod_kill_001,1419,,,0,1,168,0.002135146874934435,0,,
all,verify_checkout_pod_kill_001,1421,,,0,1,168,0.002135146874934435,0,,
all,verify_checkout_pod_kill_001,1423,,,0,1,168,0.002135146874934435,0,,
all,verify_checkout_pod_kill_001,1425,,,0,1,168,0.002135146874934435,0,,
all,verify_checkout_pod_kill_001,1426,,,0,1,168,0.002135146874934435,0,,
all,verify_checkout_pod_kill_001,1428,,,0,1,168,0.002135146874934435,0,,
all,verify_checkout_pod_kill_001,1429,,,0,1,168,0.002135146874934435,0,,
all,verify_checkout_pod_kill_001,1431,,,0,1,168,0.002135146874934435,0,,
all,verify_checkout_pod_kill_001,1432,,,0,1,168,0.002135146874934435,0,,
all,verify_checkout_pod_kill_001,1435,,,0,1,168,0.002135146874934435,0,,
all,verify_checkout_pod_kill_001,1436,,,0,1,168,0.002135146874934435,0,,
all,verify_checkout_pod_kill_001,1440,,,0,1,168,0.002135146874934435,0,,
all,verify_checkout_pod_kill_001,1441,,,0,1,168,0.002135146874934435,0,,
all,verify_checkout_pod_kill_001,1443,,,0,1,168,0.002135146874934435,0,,
all,verify_checkout_pod_kill_001,1446,,,0,1,168,0.002135146874934435,0,,
all,verify_checkout_pod_kill_001,1448,,,0,1,168,0.002135146874934435,0,,
all,verify_checkout_pod_kill_001,1450,,,0,1,168,0.002135146874934435,0,,
all,verify_checkout_pod_kill_001,1451,,,0,1,168,0.002135146874934435,0,,
all,verify_checkout_pod_kill_001,1452,,,0,1,168,0.002135146874934435,0,,
all,verify_checkout_pod_kill_001,1453,,,0,1,168,0.002135146874934435,0,,
all,verify_checkout_pod_kill_001,1454,,,0,1,168,0.002135146874934435,0,,
all,verify_checkout_pod_kill_001,1455,,,0,1,168,0.002135146874934435,0,,
all,verify_checkout_pod_kill_001,1456,,,0,1,168,0.002135146874934435,0,,
all,verify_checkout_pod_kill_001,1458,,,0,1,168,0.002135146874934435,0,,
all,verify_checkout_pod_kill_001,1460,,,0,1,168,0.002135146874934435,0,,
all,verify_checkout_pod_kill_001,1461,,,0,1,168,0.002135146874934435,0,,
all,verify_checkout_pod_kill_001,1463,,,0,1,168,0.002135146874934435,0,,
all,verify_checkout_pod_kill_001,1464,,,0,1,168,0.002135146874934435,0,,
all,verify_checkout_pod_kill_001,1465,,,0,1,168,0.002135146874934435,0,,
all,verify_checkout_pod_kill_001,1466,,,0,1,168,0.002135146874934435,0,,
all,verify_checkout_pod_kill_001,1468,,,0,1,168,0.002135146874934435,0,,
all,verify_checkout_pod_kill_001,1470,,,0,1,168,0.002135146874934435,0,,
all,verify_checkout_pod_kill_001,1471,,,0,1,168,0.002135146874934435,0,,
all,verify_checkout_pod_kill_001,1473,,,0,1,168,0.002135146874934435,0,,
all,verify_checkout_pod_kill_001,1474,,,0,1,168,0.002135146874934435,0,,
all,verify_checkout_pod_kill_001,1475,,,0,1,168,0.002135146874934435,0,,
all,verify_checkout_pod_kill_001,1476,,,0,1,168,0.002135146874934435,0,,
all,verify_checkout_pod_kill_001,1477,,,0,1,168,0.002135146874934435,0,,
all,verify_checkout_pod_kill_001,1479,,,0,1,168,0.002135146874934435,0,,
all,verify_checkout_pod_kill_001,1480,,,0,1,168,0.002135146874934435,0,,
all,verify_checkout_pod_kill_001,1481,,,0,1,168,0.002135146874934435,0,,
all,verify_checkout_pod_kill_001,1482,,,0,1,168,0.002135146874934435,0,,
all,verify_checkout_pod_kill_001,1484,,,0,1,168,0.002135146874934435,0,,
all,verify_checkout_pod_kill_001,1485,,,0,1,168,0.002135146874934435,0,,
all,verify_checkout_pod_kill_001,1486,,,0,1,168,0.002135146874934435,0,,
all,verify_checkout_pod_kill_001,1488,,,0,1,168,0.002135146874934435,0,,
all,verify_checkout_pod_kill_001,1489,,,0,1,168,0.002135146874934435,0,,
all,verify_checkout_pod_kill_001,1490,,,0,1,168,0.002135146874934435,0,,
all,verify_checkout_pod_kill_001,1492,,,0,1,168,0.002135146874934435,0,,
all,verify_checkout_pod_kill_001,1493,,,0,1,168,0.002135146874934435,0,,
all,verify_checkout_pod_kill_001,1494,,,0,1,168,0.002135146874934435,0,,
all,verify_checkout_pod_kill_001,1495,,,0,1,168,0.002135146874934435,0,,
all,verify_checkout_pod_kill_001,1496,,,0,1,168,0.002135146874934435,0,,
all,verify_checkout_pod_kill_001,1498,,,0,1,168,0.002135146874934435,0,,
all,verify_checkout_pod_kill_001,1500,,,0,1,168,0.002135146874934435,0,,
all,verify_checkout_pod_kill_001,1501,,,0,1,168,0.002135146874934435,0,,
all,verify_checkout_pod_kill_001,1503,,,0,1,168,0.002135146874934435,0,,
all,verify_checkout_pod_kill_001,1505,,,0,1,168,0.002135146874934435,0,,
all,verify_checkout_pod_kill_001,1506,,,0,1,168,0.002135146874934435,0,,
all,verify_checkout_pod_kill_001,1507,,,0,1,168,0.002135146874934435,0,,
all,verify_checkout_pod_kill_001,1509,,,0,1,168,0.002135146874934435,0,,
all,verify_checkout_pod_kill_001,1510,,,0,1,168,0.002135146874934435,0,,
all,verify_checkout_pod_kill_001,1511,,,0,1,168,0.002135146874934435,0,,
all,verify_checkout_pod_kill_001,1513,,,0,1,168,0.002135146874934435,0,,
all,verify_checkout_pod_kill_001,1515,,,0,1,168,0.002135146874934435,0,,
all,verify_checkout_pod_kill_001,1516,,,0,1,168,0.002135146874934435,0,,
all,verify_checkout_pod_kill_001,1517,,,0,1,168,0.002135146874934435,0,,
all,verify_checkout_pod_kill_001,1520,,,0,1,168,0.002135146874934435,0,,
all,verify_checkout_pod_kill_001,1521,,,0,1,168,0.002135146874934435,0,,
all,verify_checkout_pod_kill_001,1522,,,0,1,168,0.002135146874934435,0,,
all,verify_checkout_pod_kill_001,1523,,,0,1,168,0.002135146874934435,0,,
all,verify_checkout_pod_kill_001,1524,,,0,1,168,0.002135146874934435,0,,
all,verify_checkout_pod_kill_001,1525,,,0,1,168,0.002135146874934435,0,,
all,verify_checkout_pod_kill_001,1526,,,0,1,168,0.002135146874934435,0,,
all,verify_checkout_pod_kill_001,1527,,,0,1,168,0.002135146874934435,0,,
all,verify_checkout_pod_kill_001,1529,,,0,1,168,0.002135146874934435,0,,
all,verify_checkout_pod_kill_001,1530,,,0,1,168,0.002135146874934435,0,,
all,verify_checkout_pod_kill_001,1533,,,0,1,168,0.002135146874934435,0,,
all,verify_checkout_pod_kill_001,1534,,,0,1,168,0.002135146874934435,0,,
all,verify_checkout_pod_kill_001,1536,,,0,1,168,0.002135146874934435,0,,
all,verify_checkout_pod_kill_001,1537,,,0,1,168,0.002135146874934435,0,,
all,verify_checkout_pod_kill_001,1538,,,0,1,168,0.002135146874934435,0,,
all,verify_checkout_pod_kill_001,1539,,,0,1,168,0.002135146874934435,0,,
all,verify_checkout_pod_kill_001,1541,,,0,1,168,0.002135146874934435,0,,
all,verify_checkout_pod_kill_001,1542,,,0,1,168,0.002135146874934435,0,,
all,verify_checkout_pod_kill_001,1543,,,0,1,168,0.002135146874934435,0,,
all,verify_checkout_pod_kill_001,1544,,,0,1,168,0.002135146874934435,0,,
all,verify_checkout_pod_kill_001,1545,,,0,1,168,0.002135146874934435,0,,
all,verify_checkout_pod_kill_001,1546,,,0,1,168,0.002135146874934435,0,,
all,verify_checkout_pod_kill_001,1547,,,0,1,168,0.002135146874934435,0,,
all,verify_checkout_pod_kill_001,1549,,,0,1,168,0.002135146874934435,0,,
all,verify_checkout_pod_kill_001,1550,,,0,1,168,0.002135146874934435,0,,
all,verify_checkout_pod_kill_001,1552,,,0,1,168,0.002135146874934435,0,,
all,verify_checkout_pod_kill_001,1553,,,0,1,168,0.002135146874934435,0,,
all,verify_checkout_pod_kill_001,1555,,,0,1,168,0.002135146874934435,0,,
all,verify_checkout_pod_kill_001,1556,,,0,1,168,0.002135146874934435,0,,
all,verify_checkout_pod_kill_001,1558,,,0,1,168,0.002135146874934435,0,,
all,verify_checkout_pod_kill_001,1559,,,0,1,168,0.002135146874934435,0,,
all,verify_checkout_pod_kill_001,1561,,,0,1,168,0.002135146874934435,0,,
all,verify_checkout_pod_kill_001,1563,,,0,1,168,0.002135146874934435,0,,
all,verify_checkout_pod_kill_001,1564,,,0,1,168,0.002135146874934435,0,,
all,verify_checkout_pod_kill_001,1565,,,0,1,168,0.002135146874934435,0,,
all,verify_checkout_pod_kill_001,1566,,,0,1,168,0.002135146874934435,0,,
all,verify_checkout_pod_kill_001,1567,,,0,1,168,0.002135146874934435,0,,
all,verify_checkout_pod_kill_001,1569,,,0,1,168,0.002135146874934435,0,,
all,verify_checkout_pod_kill_001,1570,,,0,1,168,0.002135146874934435,0,,
all,verify_checkout_pod_kill_001,1571,,,0,1,168,0.002135146874934435,0,,
all,verify_checkout_pod_kill_001,1573,,,0,1,168,0.002135146874934435,0,,
all,verify_checkout_pod_kill_001,1574,,,0,1,168,0.002135146874934435,0,,
all,verify_checkout_pod_kill_001,1576,,,0,1,168,0.002135146874934435,0,,
all,verify_checkout_pod_kill_001,1577,,,0,1,168,0.002135146874934435,0,,
all,verify_checkout_pod_kill_001,1578,,,0,1,168,0.002135146874934435,0,,
all,verify_checkout_pod_kill_001,1579,,,0,1,168,0.002135146874934435,0,,
all,verify_checkout_pod_kill_001,1581,,,0,1,168,0.002135146874934435,0,,
all,verify_checkout_pod_kill_001,1582,,,0,1,168,0.002135146874934435,0,,
all,verify_checkout_pod_kill_001,1584,,,0,1,168,0.002135146874934435,0,,
all,verify_checkout_pod_kill_001,1586,,,0,1,168,0.002135146874934435,0,,
all,verify_checkout_pod_kill_001,1588,,,0,1,168,0.002135146874934435,0,,
all,verify_checkout_pod_kill_001,1590,,,0,1,168,0.002135146874934435,0,,
all,verify_checkout_pod_kill_001,1591,,,0,1,168,0.002135146874934435,0,,
all,verify_checkout_pod_kill_001,1593,,,0,1,168,0.002135146874934435,0,,
all,verify_checkout_pod_kill_001,1594,,,0,1,168,0.002135146874934435,0,,
all,verify_checkout_pod_kill_001,1595,,,0,1,168,0.002135146874934435,0,,
all,verify_checkout_pod_kill_001,1596,,,0,1,168,0.002135146874934435,0,,
all,verify_checkout_pod_kill_001,1598,,,0,1,168,0.002135146874934435,0,,
all,verify_checkout_pod_kill_001,1600,,,0,1,168,0.002135146874934435,0,,
all,verify_checkout_pod_kill_001,1601,,,0,1,168,0.002135146874934435,0,,
all,verify_checkout_pod_kill_001,1602,,,0,1,168,0.002135146874934435,0,,
all,verify_checkout_pod_kill_001,1604,,,0,1,168,0.002135146874934435,0,,
all,verify_checkout_pod_kill_001,1606,,,0,1,168,0.002135146874934435,0,,
all,verify_checkout_pod_kill_001,1607,,,0,1,168,0.002135146874934435,0,,
all,verify_checkout_pod_kill_001,1608,,,0,1,168,0.002135146874934435,0,,
all,verify_checkout_pod_kill_001,1611,,,0,1,168,0.002135146874934435,0,,
all,verify_checkout_pod_kill_001,1612,,,0,1,168,0.002135146874934435,0,,
all,verify_checkout_pod_kill_001,1614,,,0,1,168,0.002135146874934435,0,,
all,verify_checkout_pod_kill_001,1616,,,0,1,168,0.002135146874934435,0,,
all,verify_checkout_pod_kill_001,1618,,,0,1,168,0.002135146874934435,0,,
all,verify_checkout_pod_kill_001,1619,,,0,1,168,0.002135146874934435,0,,
all,verify_checkout_pod_kill_001,1620,,,0,1,168,0.002135146874934435,0,,
all,verify_checkout_pod_kill_001,1621,,,0,1,168,0.002135146874934435,0,,
all,verify_checkout_pod_kill_001,1623,,,0,1,168,0.002135146874934435,0,,
all,verify_checkout_pod_kill_001,1624,,,0,1,168,0.002135146874934435,0,,
all,verify_checkout_pod_kill_001,1627,,,0,1,168,0.002135146874934435,0,,
all,verify_checkout_pod_kill_001,1628,,,0,1,168,0.002135146874934435,0,,
all,verify_checkout_pod_kill_001,1629,,,0,1,168,0.002135146874934435,0,,
all,verify_checkout_pod_kill_001,1632,,,0,1,168,0.002135146874934435,0,,
all,verify_checkout_pod_kill_001,1633,,,0,1,168,0.002135146874934435,0,,
all,verify_checkout_pod_kill_001,1634,,,0,1,168,0.002135146874934435,0,,
all,verify_checkout_pod_kill_001,1635,,,0,1,168,0.002135146874934435,0,,
all,verify_checkout_pod_kill_001,1639,,,0,1,168,0.002135146874934435,0,,
all,verify_checkout_pod_kill_001,1641,,,0,1,168,0.002135146874934435,0,,
all,verify_checkout_pod_kill_001,1642,,,0,1,168,0.002135146874934435,0,,
all,verify_checkout_pod_kill_001,1644,,,0,1,168,0.002135146874934435,0,,
all,verify_checkout_pod_kill_001,1645,,,0,1,168,0.002135146874934435,0,,
all,verify_checkout_pod_kill_001,1646,,,0,1,168,0.002135146874934435,0,,
all,verify_checkout_pod_kill_001,1647,,,0,1,168,0.002135146874934435,0,,
all,verify_checkout_pod_kill_001,1648,,,0,1,168,0.002135146874934435,0,,
all,verify_checkout_pod_kill_001,1650,,,0,1,168,0.002135146874934435,0,,
all,verify_checkout_pod_kill_001,1651,,,0,1,168,0.002135146874934435,0,,
all,verify_checkout_pod_kill_001,1652,,,0,1,168,0.002135146874934435,0,,
all,verify_checkout_pod_kill_001,1653,,,0,1,168,0.002135146874934435,0,,
all,verify_checkout_pod_kill_001,1655,,,0,1,168,0.002135146874934435,0,,
all,verify_checkout_pod_kill_001,1656,,,0,1,168,0.002135146874934435,0,,
all,verify_checkout_pod_kill_001,1657,,,0,1,168,0.0012097371509298682,0,,
all,verify_checkout_pod_kill_001,1659,,,0,1,168,0.0012097371509298682,0,,
all,verify_checkout_pod_kill_001,1660,,,0,1,168,0.0012097371509298682,0,,
all,verify_checkout_pod_kill_001,1661,,,0,1,168,0.0012097371509298682,0,,
all,verify_checkout_pod_kill_001,356290240,1781451201.0,1781451204.0,0,27,163 164 165 163 165 163 170 165 163 170 165 163 164 165 163 164 165 163 167 171 165 163 164 165 163 164 165,0.20336346328258514,0,2026-06-14 15:33:21+00:00,2026-06-14 15:33:24+00:00
all,verify_checkout_pod_kill_001,356290241,1781451205.0,1781451209.0,0,61,163 164 163 164 165 163 169 165 165 163 170 163 164 165 165 163 164 165 163 165 163 164 165 163 166 165 163 167 171 165 163 170 163 164 165 165 163 164 165 163 169 165 163 170 165 163 172 173 161 163 164 163 164 163 164 165 165 165 174 175 165,0.21864597499370575,1,2026-06-14 15:33:25+00:00,2026-06-14 15:33:29+00:00
all,verify_checkout_pod_kill_001,356290242,1781451210.0,1781451214.0,0,35,163 170 165 163 164 165 163 165 163 164 165 163 164 165 163 167 163 164 165 171 165 163 167 163 164 165 163 167 171 165 163 164 165 171 165,0.21162445843219757,1,2026-06-14 15:33:30+00:00,2026-06-14 15:33:34+00:00
all,verify_checkout_pod_kill_001,356290243,1781451215.0,1781451218.0,0,47,163 166 165 163 167 171 165 163 164 165 163 164 165 163 169 165 163 170 165 163 165 163 164 165 161 163 164 165 163 167 171 165 163 164 165 163 169 165 163 170 165 163 172 173 174 175 165,0.21026889979839325,1,2026-06-14 15:33:35+00:00,2026-06-14 15:33:38+00:00
all,verify_checkout_pod_kill_001,356290244,1781451220.0,1781451224.0,0,38,163 164 165 163 170 165 163 164 165 163 164 165 163 165 163 164 165 163 169 165 163 170 165 163 170 165 163 164 165 163 164 165 163 169 165 163 170 165,0.21572910249233246,1,2026-06-14 15:33:40+00:00,2026-06-14 15:33:44+00:00
all,verify_checkout_pod_kill_001,356290245,1781451225.0,1781451229.0,0,36,163 164 165 163 164 165 163 164 165 163 165 163 167 171 165 163 164 165 161 163 164 165 163 169 165 163 170 165 163 172 173 163 164 165 163 164,0.21590685844421387,1,2026-06-14 15:33:45+00:00,2026-06-14 15:33:49+00:00
all,verify_checkout_pod_kill_001,356290246,1781451230.0,1781451234.0,0,44,165 174 175 165 163 164 165 163 169 165 163 170 165 163 164 165 163 166 165 163 167 163 165 171 165 163 164 165 163 166 165 163 167 171 165 163 164 165 163 164 163 164 165 165,0.2151382714509964,1,2026-06-14 15:33:50+00:00,2026-06-14 15:33:54+00:00
all,verify_checkout_pod_kill_001,356290247,1781451235.0,1781451239.0,0,29,163 164 165 163 165 163 170 165 163 170 165 163 170 165 163 164 163 164 165 163 169 165 163 170 165 165 163 164 165,0.2089402973651886,1,2026-06-14 15:33:55+00:00,2026-06-14 15:33:59+00:00
all,verify_checkout_pod_kill_001,356290248,1781451240.0,1781451244.0,0,39,163 164 165 163 166 165 163 167 163 164 163 164 171 165 165 163 169 165 165 163 170 165 163 165 163 164 165 163 164 165 163 164 165 163 164 165 163 170 165,0.21618564426898956,1,2026-06-14 15:34:00+00:00,2026-06-14 15:34:04+00:00
all,verify_checkout_pod_kill_001,356290249,1781451245.0,1781451248.0,0,55,163 164 165 163 164 165 163 164 165 163 165 163 164 163 164 165 163 169 165 161 163 170 165 165 163 172 173 174 175 165 163 164 165 161 163 164 165 163 164 165 163 169 165 163 170 165 163 172 173 174 175 165 163 164 165,0.21967191994190216,1,2026-06-14 15:34:05+00:00,2026-06-14 15:34:08+00:00
all,verify_checkout_pod_kill_001,356290250,1781451250.0,1781451254.0,0,34,163 164 165 163 164 165 163 165 163 164 165 163 170 165 163 164 165 163 164 165 163 170 165 163 170 165 163 164 165 163 169 165 163 170,0.21362951397895813,1,2026-06-14 15:34:10+00:00,2026-06-14 15:34:14+00:00
all,verify_checkout_pod_kill_001,356290251,1781451255.0,1781451259.0,0,35,161 165 163 172 173 174 175 165 163 170 165 163 164 165 163 164 165 163 164 165 163 165 163 166 165 163 167 171 165 163 170 165 163 164 165,0.21414050459861755,1,2026-06-14 15:34:15+00:00,2026-06-14 15:34:19+00:00
all,verify_checkout_pod_kill_001,356290252,1781451260.0,1781451264.0,0,51,163 164 165 163 164 163 167 165 171 165 163 164 163 165 165 163 164 165 163 164 165 163 170 165 163 164 165 163 164 165 163 164 165 163 170 165 163 164 165 163 164 165 163 169 165 163 170 165 163 172 173,0.21778307855129242,1,2026-06-14 15:34:20+00:00,2026-06-14 15:34:24+00:00
all,verify_checkout_pod_kill_001,356290253,1781451265.0,1781451269.0,0,29,161 174 175 165 163 166 165 163 167 171 165 163 170 165 163 165 163 170 165 163 167 171 165 163 170 165 163 164 165,0.20794200897216797,1,2026-06-14 15:34:25+00:00,2026-06-14 15:34:29+00:00
all,verify_checkout_pod_kill_001,356290254,1781451270.0,1781451274.0,0,51,161 163 164 165 163 169 165 163 170 165 163 172 173 174 175 165 163 167 171 165 163 164 165 163 167 163 164 163 165 165 163 169 165 163 170 171 165 165 163 166 165 163 167 163 164 165 171 165 163 164 165,0.21820394694805145,1,2026-06-14 15:34:30+00:00,2026-06-14 15:34:34+00:00
all,verify_checkout_pod_kill_001,356290255,1781451275.0,1781451279.0,0,50,163 164 165 163 170 165 163 164 165 163 164 165 163 164 163 164 165 165 163 169 165 163 170 165 163 165 163 164 165 163 164 165 163 169 165 163 170 165 163 164 165 163 169 165 163 170 165 163 164 165,0.21706202626228333,1,2026-06-14 15:34:35+00:00,2026-06-14 15:34:39+00:00
all,verify_checkout_pod_kill_001,356290256,1781451280.0,1781451284.0,0,53,163 164 165 163 170 165 163 165 163 164 165 163 164 165 163 164 165 163 164 165 163 169 165 163 170 165 163 164 165 163 164 165 163 170 165 163 164 165 163 169 165 163 170 165 163 164 165 163 169 165 163 170 165,0.2187994122505188,1,2026-06-14 15:34:40+00:00,2026-06-14 15:34:44+00:00
all,verify_checkout_pod_kill_001,356290257,1781451285.0,1781451289.0,0,56,163 164 165 163 169 165 163 170 163 164 165 165 163 165 161 163 164 165 163 164 165 163 169 165 163 164 163 170 165 165 163 172 173 174 175 165 163 164 165 163 166 165 163 167 163 166 165 163 167 171 171 165 165 163 164 165,0.22099681198596954,1,2026-06-14 15:34:45+00:00,2026-06-14 15:34:49+00:00
all,verify_checkout_pod_kill_001,356290258,1781451290.0,1781451294.0,0,36,163 170 165 163 164 165 163 164 165 163 165 163 164 165 163 169 165 163 170 165 163 167 163 164 165 171 165 163 170 165 163 164 163 164 165 165,0.2155209630727768,1,2026-06-14 15:34:50+00:00,2026-06-14 15:34:54+00:00
all,verify_checkout_pod_kill_001,356290259,1781451295.0,1781451299.0,0,27,163 164 165 163 164 165 163 164 165 163 165 163 167 171 165 163 164 165 163 170 165 163 164 165 163 170 165,0.20600979030132294,1,2026-06-14 15:34:55+00:00,2026-06-14 15:34:59+00:00
all,verify_checkout_pod_kill_001,356290260,1781451300.0,1781451304.0,0,51,163 164 165 163 169 163 167 165 163 170 163 164 163 164 165 163 172 173 161 165 165 174 175 165 171 165 163 166 165 163 167 171 165 163 165 163 170 165 163 170 165 163 164 165 163 167 163 164 165 171 165,0.2178751677274704,1,2026-06-14 15:35:00+00:00,2026-06-14 15:35:04+00:00
all,verify_checkout_pod_kill_001,356290261,1781451305.0,1781451309.0,0,36,163 164 165 163 170 165 163 164 165 163 165 163 164 165 163 170 165 163 164 165 163 169 165 163 170 165 163 164 165 163 167 163 164 171 165 165,0.21554885804653168,1,2026-06-14 15:35:05+00:00,2026-06-14 15:35:09+00:00
all,verify_checkout_pod_kill_001,356290262,1781451310.0,1781451314.0,0,57,163 166 165 163 167 163 164 165 171 165 163 164 165 163 165 163 164 165 163 164 165 163 169 165 163 170 161 161 165 163 172 173 174 175 165 163 164 165 163 169 165 163 170 165 163 172 173 174 175 165 163 166 165 163 167 171 165,0.21957212686538696,1,2026-06-14 15:35:10+00:00,2026-06-14 15:35:14+00:00
all,verify_checkout_pod_kill_001,356290263,1781451315.0,1781451319.0,0,48,163 170 163 170 165 165 163 164 165 163 164 165 163 169 165 163 170 165 163 165 163 170 161 165 163 164 165 163 169 165 163 170 165 163 172 173 174 175 165 163 170 165 163 164 165 163 164 165,0.21524636447429657,1,2026-06-14 15:35:15+00:00,2026-06-14 15:35:19+00:00
all,verify_checkout_pod_kill_001,356290264,1781451320.0,1781451324.0,0,43,163 170 165 163 165 163 164 161 165 163 164 165 163 164 165 163 169 165 163 170 165 163 172 173 174 175 163 166 165 165 163 167 163 170 171 165 165 163 164 165 163 164 165,0.2144525945186615,1,2026-06-14 15:35:20+00:00,2026-06-14 15:35:24+00:00
all,verify_checkout_pod_kill_001,356290265,1781451325.0,1781451329.0,0,35,163 166 165 163 167 171 165 163 164 165 163 164 165 163 165 163 167 171 165 163 164 165 163 166 165 163 167 163 164 165 171 165 163 164 165,0.213455468416214,1,2026-06-14 15:35:25+00:00,2026-06-14 15:35:29+00:00
all,verify_checkout_pod_kill_001,356290266,1781451330.0,1781451334.0,0,36,163 164 165 163 164 165 163 169 165 163 170 165 163 170 165 163 164 165 163 165 163 170 165 163 166 165 163 167 171 165 163 164 165 163 170 165,0.2145591527223587,1,2026-06-14 15:35:30+00:00,2026-06-14 15:35:34+00:00
all,verify_checkout_pod_kill_001,356290267,1781451335.0,1781451339.0,0,35,163 164 165 163 165 163 164 165 163 169 165 163 170 165 163 164 165 163 164 165 163 164 165 163 164 165 163 164 165 163 169 165 163 170 165,0.2134939730167389,1,2026-06-14 15:35:35+00:00,2026-06-14 15:35:39+00:00
all,verify_checkout_pod_kill_001,356290268,1781451341.0,1781451344.0,0,38,163 164 165 163 169 165 163 170 163 164 165 163 165 165 163 164 165 163 164 165 163 164 165 163 164 165 163 164 165 163 164 165 163 164 165 163 164 165,0.2129242718219757,1,2026-06-14 15:35:41+00:00,2026-06-14 15:35:44+00:00
all,verify_checkout_pod_kill_001,356290269,1781451345.0,1781451349.0,0,46,163 164 163 164 165 165 163 164 165 163 167 171 165 163 164 165 163 165 163 164 165 163 169 165 163 170 165 163 164 165 163 166 165 163 167 163 164 165 163 169 165 163 170 165 171 165,0.21047082543373108,1,2026-06-14 15:35:45+00:00,2026-06-14 15:35:49+00:00
all,verify_checkout_pod_kill_001,356290270,1781451350.0,1781451354.0,0,24,163 164 165 163 167 163 165 171 165 163 164 165 163 164 165 163 170 165 163 164 165 163 164 165,0.19510537385940552,0,2026-06-14 15:35:50+00:00,2026-06-14 15:35:54+00:00
all,verify_checkout_pod_kill_001,356290271,1781451355.0,1781451359.0,0,23,163 170 165 163 164 163 164 165 165 163 165 163 170 165 163 167 171 165 163 164 165 163 164,0.19245688617229462,0,2026-06-14 15:35:55+00:00,2026-06-14 15:35:59+00:00
all,verify_checkout_pod_kill_001,356290272,1781451360.0,1781451364.0,0,61,165 163 164 165 163 164 165 163 169 165 163 170 163 166 165 163 167 165 171 165 163 164 165 163 165 163 164 165 163 164 163 164 163 164 165 163 169 165 163 170 165 165 165 163 166 165 163 167 163 164 165 171 165 163 164 165 163 166 165 163 167,0.21982771158218384,1,2026-06-14 15:36:00+00:00,2026-06-14 15:36:04+00:00
all,verify_checkout_pod_kill_001,356290273,1781451365.0,1781451369.0,0,35,171 165 163 164 165 163 164 165 163 164 165 163 165 163 164 165 163 166 165 163 167 171 165 163 164 165 163 164 165 163 170 165 163 164 165,0.2115533947944641,1,2026-06-14 15:36:05+00:00,2026-06-14 15:36:09+00:00
all,verify_checkout_pod_kill_001,356290274,1781451371.0,1781451374.0,0,40,163 166 165 163 167 171 165 163 165 163 170 165 161 163 164 165 163 169 165 163 170 165 163 172 173 174 175 165 163 170 163 164 165 165 163 164 165 163 164 165,0.21113890409469604,1,2026-06-14 15:36:11+00:00,2026-06-14 15:36:14+00:00
all,verify_checkout_pod_kill_001,356290275,1781451375.0,1781451379.0,0,35,163 164 165 163 164 165 163 170 165 163 164 165 163 164 165 163 164 165 163 164 163 165 165 163 164 165 163 164 165 163 164 165 163 164 165,0.2117159515619278,1,2026-06-14 15:36:15+00:00,2026-06-14 15:36:19+00:00
all,verify_checkout_pod_kill_001,356290276,1781451380.0,1781451384.0,0,41,163 164 165 163 164 165 163 169 165 163 170 163 165 165 163 164 163 166 165 163 167 165 163 164 165 171 165 163 167 163 164 163 166 165 163 167 165 171 165 171 165,0.20926138758659363,1,2026-06-14 15:36:20+00:00,2026-06-14 15:36:24+00:00
all,verify_checkout_pod_kill_001,356290277,1781451385.0,1781451389.0,0,57,163 166 165 163 167 171 165 163 164 165 163 169 165 163 170 165 163 164 165 163 166 165 163 167 171 165 163 165 163 164 165 163 170 163 170 165 165 163 164 165 163 164 165 163 167 171 165 163 164 165 163 166 165 163 167 163 170,0.21503999829292297,1,2026-06-14 15:36:25+00:00,2026-06-14 15:36:29+00:00
all,verify_checkout_pod_kill_001,356290278,1781451390.0,1781451393.0,0,63,161 171 165 165 163 164 165 163 169 165 163 170 165 163 172 173 174 175 165 163 164 165 163 169 165 163 170 165 163 165 163 164 165 163 169 165 163 170 165 163 164 165 163 164 165 163 164 163 164 165 165 163 169 165 163 170 165 163 164 165 163 164 165,0.2203793227672577,1,2026-06-14 15:36:30+00:00,2026-06-14 15:36:33+00:00
all,verify_checkout_pod_kill_001,356290279,1781451395.0,1781451399.0,0,54,163 164 165 163 169 165 163 170 165 163 164 165 163 169 165 163 170 163 166 165 163 167 165 163 164 165 163 169 165 163 170 171 165 165 163 170 163 165 165 163 164 165 163 164 165 163 164 165 163 164 165 163 164 165,0.21363596618175507,1,2026-06-14 15:36:35+00:00,2026-06-14 15:36:39+00:00
all,verify_checkout_pod_kill_001,356290280,1781451400.0,1781451404.0,0,43,163 164 163 164 165 165 163 164 165 163 166 165 163 167 171 165 163 165 163 170 165 163 164 165 163 164 165 163 164 165 163 170 165 163 166 165 163 167 163 164 165 171 165,0.20936667919158936,1,2026-06-14 15:36:40+00:00,2026-06-14 15:36:44+00:00
all,verify_checkout_pod_kill_001,356290281,1781451405.0,1781451409.0,0,58,163 164 165 163 169 165 163 170 163 164 165 165 163 170 165 163 165 163 166 165 163 167 171 165 163 164 165 163 169 165 163 170 165 163 170 165 163 164 165 163 166 165 163 167 171 165 163 164 165 163 164 165 163 169 165 163 170 165,0.21470476686954498,1,2026-06-14 15:36:45+00:00,2026-06-14 15:36:49+00:00
all,verify_checkout_pod_kill_001,356290282,1781451410.0,1781451414.0,0,40,163 170 165 163 164 165 163 165 163 170 165 163 166 165 163 167 163 170 165 163 164 171 165 165 163 164 163 166 165 163 167 165 163 169 165 163 170 165 171 165,0.21023568511009216,1,2026-06-14 15:36:50+00:00,2026-06-14 15:36:54+00:00
all,verify_checkout_pod_kill_001,356290283,1781451415.0,1781451419.0,0,34,163 164 165 163 164 165 163 164 165 163 165 163 164 165 163 164 165 163 164 165 163 167 163 164 165 171 165 163 164 165 163 167 171 165,0.21041125059127808,1,2026-06-14 15:36:55+00:00,2026-06-14 15:36:59+00:00
all,verify_checkout_pod_kill_001,356290284,1781451420.0,1781451424.0,0,39,163 164 165 163 164 165 163 165 163 164 161 165 163 169 165 163 170 163 164 165 165 163 172 173 174 175 165 163 164 165 163 164 165 163 170 165 163 164 165,0.20405638217926025,0,2026-06-14 15:37:00+00:00,2026-06-14 15:37:04+00:00
all,verify_checkout_pod_kill_001,356290285,1781451426.0,1781451429.0,0,54,163 166 165 163 167 171 165 163 165 161 163 164 165 163 169 165 163 170 165 163 172 173 163 174 164 175 165 165 161 163 164 165 163 169 165 163 170 165 163 172 173 174 175 165 163 166 165 163 167 163 164 165 171 165,0.20227982103824615,0,2026-06-14 15:37:06+00:00,2026-06-14 15:37:09+00:00
all,verify_checkout_pod_kill_001,356290286,1781451430.0,1781451434.0,0,37,163 166 165 163 167 163 170 171 165 165 163 164 165 163 164 163 165 163 164 165 165 163 170 165 163 170 165 163 166 165 163 167 171 165 163 164 165,0.20421408116817474,0,2026-06-14 15:37:10+00:00,2026-06-14 15:37:14+00:00
all,verify_checkout_pod_kill_001,356290287,1781451435.0,1781451438.0,0,42,163 164 165 163 164 165 163 164 165 163 164 165 163 164 161 165 163 169 165 163 170 163 164 165 163 172 173 165 163 169 165 163 170 174 175 165 165 163 165 163 164 165,0.20140373706817627,0,2026-06-14 15:37:15+00:00,2026-06-14 15:37:18+00:00
all,verify_checkout_pod_kill_001,356290288,1781451440.0,1781451444.0,0,52,163 167 163 164 171 165 165 163 170 163 164 165 165 163 164 165 163 169 165 163 170 165 163 165 163 164 165 163 164 165 163 164 165 161 163 164 165 163 169 165 163 170 165 163 172 173 174 175 165 163 164 165,0.2013104110956192,0,2026-06-14 15:37:20+00:00,2026-06-14 15:37:24+00:00
all,verify_checkout_pod_kill_001,356290289,1781451445.0,1781451449.0,0,23,163 166 165 163 167 171 165 163 165 163 167 171 165 163 170 165 163 167 163 164 171 165 165,0.18689627945423126,0,2026-06-14 15:37:25+00:00,2026-06-14 15:37:29+00:00
all,verify_checkout_pod_kill_001,356290290,1781451450.0,1781451454.0,0,49,161 163 164 165 163 169 165 163 170 163 170 165 163 172 173 163 164 165 165 174 175 165 163 166 165 163 167 163 170 165 171 165 163 164 165 163 164 165 163 165 163 170 165 163 170 165 163 164 165,0.20278656482696533,0,2026-06-14 15:37:30+00:00,2026-06-14 15:37:34+00:00
all,verify_checkout_pod_kill_001,356290291,1781451455.0,1781451459.0,0,78,163 164 165 163 164 165 163 166 165 163 167 171 165 163 165 163 167 171 165 161 161 163 164 165 163 169 165 163 170 165 163 172 173 174 175 165 163 166 165 163 167 171 165 163 164 165 163 169 165 163 170 165 163 172 173 174 175 165 163 164 165 163 170 165 163 164 165 163 164 165 163 164 165 163 169 165 163 170,0.21946284174919128,1,2026-06-14 15:37:35+00:00,2026-06-14 15:37:39+00:00
all,verify_checkout_pod_kill_001,356290292,1781451460.0,1781451463.0,0,44,165 163 164 165 163 164 163 165 165 163 164 165 163 164 165 163 164 165 163 169 165 163 170 165 163 166 165 163 167 171 165 163 166 165 163 167 163 164 165 171 165 163 164 165,0.19632869958877563,0,2026-06-14 15:37:40+00:00,2026-06-14 15:37:43+00:00
all,verify_checkout_pod_kill_001,356290293,1781451465.0,1781451469.0,0,49,163 164 165 163 167 171 165 163 170 165 163 165 163 166 165 163 167 163 166 165 163 167 171 165 163 164 165 171 165 163 164 165 163 169 165 163 170 163 164 165 165 163 164 165 163 169 165 163 170,0.19748343527317047,0,2026-06-14 15:37:45+00:00,2026-06-14 15:37:49+00:00
all,verify_checkout_pod_kill_001,356290294,1781451470.0,1781451474.0,0,41,161 165 163 172 173 174 175 165 163 164 165 163 164 165 163 165 163 166 165 163 167 171 165 163 164 165 163 164 165 163 166 165 163 167 171 165 163 170 165 163 164,0.19763514399528503,0,2026-06-14 15:37:50+00:00,2026-06-14 15:37:54+00:00
all,verify_checkout_pod_kill_001,356290295,1781451475.0,1781451479.0,0,54,165 163 164 165 161 163 164 165 163 164 165 163 164 165 163 169 165 163 170 163 165 165 163 172 173 163 164 165 174 175 165 163 164 165 163 166 165 163 167 171 165 163 164 165 163 169 165 163 170 165 163 167 163 170,0.19853413105010986,0,2026-06-14 15:37:55+00:00,2026-06-14 15:37:59+00:00
all,verify_checkout_pod_kill_001,356290296,1781451480.0,1781451484.0,0,33,163 164 171 165 165 165 163 165 163 166 165 163 167 171 165 163 164 165 163 169 165 163 170 165 163 164 165 163 164 165 163 164 165,0.1997820883989334,0,2026-06-14 15:38:00+00:00,2026-06-14 15:38:04+00:00
all,verify_checkout_pod_kill_001,356290297,1781451485.0,1781451489.0,0,40,161 163 164 165 163 164 165 163 167 171 165 163 164 165 163 169 165 163 170 165 163 172 173 174 175 165 163 165 163 164 165 163 164 165 163 164 165 163 164 165,0.1989526003599167,0,2026-06-14 15:38:05+00:00,2026-06-14 15:38:09+00:00
all,verify_checkout_pod_kill_001,356290298,1781451490.0,1781451494.0,0,25,163 164 165 163 164 165 163 165 163 170 165 163 164 165 163 170 165 163 164 165 163 164 165 163 164,0.19013381004333496,0,2026-06-14 15:38:10+00:00,2026-06-14 15:38:14+00:00
all,verify_checkout_pod_kill_001,356290299,1781451495.0,1781451499.0,0,87,165 163 164 165 161 163 170 165 163 164 165 163 164 165 163 169 165 163 170 165 163 172 173 163 165 174 175 165 163 164 165 163 169 163 164 165 163 170 165 165 163 166 165 163 167 171 165 163 164 165 163 169 165 163 170 165 163 164 165 161 163 164 165 163 169 165 163 170 165 163 172 173 174 175 165 163 164 165 163 169 165 163 170 165 163 170 165,0.21787317097187042,1,2026-06-14 15:38:15+00:00,2026-06-14 15:38:19+00:00
all,verify_checkout_pod_kill_001,356290300,1781451500.0,1781451504.0,0,26,163 164 165 163 164 165 163 165 163 164 165 163 164 165 163 164 165 163 167 163 164 171 165 165 163 167,0.20282082259655,0,2026-06-14 15:38:20+00:00,2026-06-14 15:38:24+00:00
all,verify_checkout_pod_kill_001,356290301,1781451505.0,1781451509.0,0,59,171 165 163 164 165 163 166 165 163 167 163 164 165 163 170 171 165 165 163 165 163 166 165 163 167 171 165 163 166 165 163 167 161 171 165 163 164 165 163 164 165 163 169 165 163 170 165 163 172 173 174 175 165 163 164 165 163 164 165,0.21870023012161255,1,2026-06-14 15:38:25+00:00,2026-06-14 15:38:29+00:00
all,verify_checkout_pod_kill_001,356290302,1781451510.0,1781451514.0,0,47,163 164 165 163 164 165 163 169 165 163 170 163 165 165 163 164 165 163 164 165 163 164 165 163 164 165 163 164 165 163 164 165 163 164 165 163 164 165 163 169 165 163 170 165 163 164 165,0.21335983276367188,1,2026-06-14 15:38:30+00:00,2026-06-14 15:38:34+00:00
all,verify_checkout_pod_kill_001,356290303,1781451516.0,1781451519.0,0,25,163 165 163 167 171 165 163 164 165 163 164 165 163 164 165 163 170 165 163 166 165 163 167 171 165,0.19851967692375183,0,2026-06-14 15:38:36+00:00,2026-06-14 15:38:39+00:00
all,verify_checkout_pod_kill_001,356290304,1781451520.0,1781451524.0,0,49,163 170 165 163 167 171 165 163 164 165 163 169 165 163 170 165 163 164 165 163 169 165 163 170 165 163 164 165 163 165 163 164 165 163 164 165 163 164 165 163 166 165 163 167 171 165 163 170 165,0.214043989777565,1,2026-06-14 15:38:40+00:00,2026-06-14 15:38:44+00:00
all,verify_checkout_pod_kill_001,356290305,1781451525.0,1781451529.0,0,38,163 164 165 163 166 165 163 167 163 170 163 165 163 164 165 171 165 165 163 170 165 163 166 165 163 167 171 165 163 167 171 165 163 164 165 163 170 165,0.21360662579536438,1,2026-06-14 15:38:45+00:00,2026-06-14 15:38:49+00:00
all,verify_checkout_pod_kill_001,356290306,1781451531.0,1781451534.0,0,53,163 170 165 163 165 163 164 165 163 164 165 163 164 165 163 170 165 163 164 165 163 169 165 163 170 163 166 165 163 167 165 163 172 173 161 174 175 165 163 166 165 163 167 171 165 171 165 163 164 165 163 164 165,0.21501198410987854,1,2026-06-14 15:38:51+00:00,2026-06-14 15:38:54+00:00
all,verify_checkout_pod_kill_001,356290307,1781451535.0,1781451539.0,0,33,163 164 165 163 169 165 163 170 165 163 164 165 163 170 165 163 164 165 163 165 163 167 171 165 163 164 165 163 164 163 164 165 165,0.21135516464710236,1,2026-06-14 15:38:55+00:00,2026-06-14 15:38:59+00:00
all,verify_checkout_pod_kill_001,356290308,1781451540.0,1781451544.0,0,42,163 170 165 163 164 165 163 165 163 166 165 163 167 171 165 163 170 165 163 164 165 163 164 163 166 165 165 163 167 171 165 163 170 165 163 164 165 163 169 165 163 170,0.2102958858013153,1,2026-06-14 15:39:00+00:00,2026-06-14 15:39:04+00:00
all,verify_checkout_pod_kill_001,356290309,1781451545.0,1781451549.0,0,56,161 165 163 172 173 174 175 165 161 163 164 165 163 164 163 165 165 163 169 165 163 170 165 163 172 173 174 175 165 163 164 165 163 164 165 163 169 165 163 170 163 164 165 165 163 169 165 163 170 165 163 170 165 163 164 165,0.2153981626033783,1,2026-06-14 15:39:05+00:00,2026-06-14 15:39:09+00:00
all,verify_checkout_pod_kill_001,356290310,1781451550.0,1781451553.0,0,33,163 164 165 163 170 165 163 164 165 163 164 165 163 164 165 163 165 163 164 165 163 164 165 163 166 165 163 167 163 170 171 165 165,0.20987112820148468,1,2026-06-14 15:39:10+00:00,2026-06-14 15:39:13+00:00
all,verify_checkout_pod_kill_001,356290311,1781451555.0,1781451559.0,0,57,163 166 165 163 167 171 165 163 164 165 163 169 165 163 170 165 163 164 165 163 165 163 164 165 163 164 165 163 169 165 163 170 165 163 164 165 163 169 165 163 170 165 163 164 165 163 164 165 163 169 165 163 170 165 163 164 165,0.2163781225681305,1,2026-06-14 15:39:15+00:00,2026-06-14 15:39:19+00:00
all,verify_checkout_pod_kill_001,356290312,1781451561.0,1781451564.0,0,59,163 166 165 163 167 163 171 165 164 165 163 165 163 164 165 163 164 165 163 164 165 163 169 165 163 170 165 163 172 173 161 161 163 164 165 163 169 174 165 163 170 175 165 165 163 172 173 163 170 174 165 175 165 163 170 165 163 164 165,0.21595118939876556,1,2026-06-14 15:39:21+00:00,2026-06-14 15:39:24+00:00
all,verify_checkout_pod_kill_001,356290313,1781451565.0,1781451569.0,0,61,163 164 165 163 164 163 170 165 163 169 165 163 170 165 163 164 165 163 165 165 163 164 165 163 169 165 163 170 165 161 163 170 165 163 167 163 164 165 163 169 165 163 170 171 165 165 163 172 173 174 175 165 163 164 165 163 164 165 163 164 165,0.2176247388124466,1,2026-06-14 15:39:25+00:00,2026-06-14 15:39:29+00:00
all,verify_checkout_pod_kill_001,356290314,1781451571.0,1781451574.0,0,52,163 164 165 163 164 165 163 169 165 163 170 165 163 165 163 164 165 163 164 165 163 169 165 163 170 165 163 164 165 163 170 165 163 166 165 163 167 171 165 163 164 165 163 166 165 163 167 163 164 171 165 165,0.21381965279579163,1,2026-06-14 15:39:31+00:00,2026-06-14 15:39:34+00:00
all,verify_checkout_pod_kill_001,356290315,1781451575.0,1781451579.0,0,28,163 164 165 163 164 165 163 165 163 164 165 163 164 165 163 169 165 163 170 165 163 164 165 163 170 165 163 170,0.2044041007757187,0,2026-06-14 15:39:35+00:00,2026-06-14 15:39:39+00:00
all,verify_checkout_pod_kill_001,356290316,1781451580.0,1781451584.0,0,49,165 163 170 165 163 164 165 163 164 165 163 164 165 163 170 163 164 165 165 163 165 163 164 165 163 164 165 163 164 165 163 164 165 161 163 164 165 163 169 165 163 170 165 163 172 173 174 175 165,0.2151520997285843,1,2026-06-14 15:39:40+00:00,2026-06-14 15:39:44+00:00
all,verify_checkout_pod_kill_001,356290317,1781451585.0,1781451589.0,0,57,163 167 163 167 171 165 171 163 166 165 163 167 165 171 165 163 164 165 163 165 163 170 163 164 165 165 163 164 165 161 163 164 165 163 169 165 163 170 165 163 172 173 174 175 165 163 164 165 163 164 163 170 165 163 164 163 164,0.21979622542858124,1,2026-06-14 15:39:45+00:00,2026-06-14 15:39:49+00:00
all,verify_checkout_pod_kill_001,356290318,1781451590.0,1781451594.0,0,42,165 165 165 163 164 165 163 166 165 163 167 163 164 165 163 169 165 163 170 165 171 165 163 165 163 164 165 163 164 165 163 164 165 163 170 165 163 170 165 163 164 165,0.21396580338478088,1,2026-06-14 15:39:50+00:00,2026-06-14 15:39:54+00:00
all,verify_checkout_pod_kill_001,356290319,1781451595.0,1781451599.0,0,40,163 166 165 163 167 163 164 165 163 169 165 163 170 163 164 171 165 165 165 163 164 165 163 165 163 164 165 163 164 165 163 164 165 163 167 171 165 163 164 165,0.21374362707138062,1,2026-06-14 15:39:55+00:00,2026-06-14 15:39:59+00:00
all,verify_checkout_pod_kill_001,356290320,1781451600.0,1781451604.0,0,29,163 164 165 163 170 165 163 164 165 163 164 165 163 164 165 163 165 163 164 165 163 164 165 163 164 165 163 170 165,0.20851264894008636,1,2026-06-14 15:40:00+00:00,2026-06-14 15:40:04+00:00
all,verify_checkout_pod_kill_001,356290321,1781451605.0,1781451609.0,0,46,163 164 165 163 164 165 163 170 165 163 170 165 163 165 163 167 163 166 165 163 167 171 171 165 165 163 164 165 163 164 165 163 164 165 163 164 165 163 169 165 163 170 165 163 164 165,0.21469932794570923,1,2026-06-14 15:40:05+00:00,2026-06-14 15:40:09+00:00
all,verify_checkout_pod_kill_001,356290322,1781451611.0,1781451614.0,0,39,163 164 165 163 165 163 164 165 163 164 165 163 164 165 163 166 165 163 167 171 165 163 170 163 164 165 165 163 169 165 163 170 163 170 163 164 165 165 165,0.21512313187122345,1,2026-06-14 15:40:11+00:00,2026-06-14 15:40:14+00:00
all,verify_checkout_pod_kill_001,356290323,1781451616.0,1781451619.0,0,36,163 165 163 164 165 163 164 165 163 164 165 163 170 163 167 165 163 164 165 171 165 163 164 165 163 169 165 163 170 163 164 165 165 163 164 165,0.21440283954143524,1,2026-06-14 15:40:16+00:00,2026-06-14 15:40:19+00:00
all,verify_checkout_pod_kill_001,356290324,1781451620.0,1781451624.0,0,63,163 164 165 163 169 165 163 170 165 163 164 165 163 169 165 163 170 165 163 165 163 164 165 163 169 165 163 170 165 163 164 165 163 164 165 161 163 164 165 163 169 165 163 170 165 163 164 165 163 169 165 163 170 165 163 172 173 163 164 174 175 165 165,0.2184937298297882,1,2026-06-14 15:40:20+00:00,2026-06-14 15:40:24+00:00
all,verify_checkout_pod_kill_001,356290325,1781451626.0,1781451629.0,0,39,163 164 165 163 167 163 165 171 165 163 164 165 163 169 165 163 170 165 163 170 165 163 164 165 163 164 165 163 169 165 163 170 163 164 165 165 163 170 165,0.21055057644844055,1,2026-06-14 15:40:26+00:00,2026-06-14 15:40:29+00:00
all,verify_checkout_pod_kill_001,356290326,1781451631.0,1781451634.0,0,52,161 163 164 165 163 169 165 163 170 165 163 172 173 174 175 165 163 164 165 163 165 163 170 165 163 164 165 163 169 165 163 170 165 161 163 164 165 163 169 165 163 170 165 163 172 173 174 175 165 163 164 165,0.21168330311775208,1,2026-06-14 15:40:31+00:00,2026-06-14 15:40:34+00:00
all,verify_checkout_pod_kill_001,356290327,1781451635.0,1781451639.0,0,29,163 164 165 163 164 165 163 164 165 163 165 163 164 165 163 170 163 164 165 165 163 164 165 163 164 165 163 164 165,0.20541240274906158,1,2026-06-14 15:40:35+00:00,2026-06-14 15:40:39+00:00
all,verify_checkout_pod_kill_001,356290328,1781451640.0,1781451644.0,0,44,163 170 165 163 166 165 163 167 163 170 165 171 165 163 164 165 163 165 163 164 165 163 164 165 163 164 165 163 169 165 163 170 163 164 165 165 163 164 165 163 169 165 163 170,0.20910446345806122,1,2026-06-14 15:40:40+00:00,2026-06-14 15:40:44+00:00
all,verify_checkout_pod_kill_001,356290329,1781451645.0,1781451649.0,0,38,163 164 165 165 163 164 165 163 165 163 164 165 163 164 165 163 164 165 163 164 165 163 164 165 163 164 165 163 164 165 163 169 165 163 170 165 163 167,0.21124061942100525,1,2026-06-14 15:40:45+00:00,2026-06-14 15:40:49+00:00
all,verify_checkout_pod_kill_001,356290330,1781451650.0,1781451654.0,0,39,171 165 163 164 165 163 164 165 163 165 163 164 165 163 170 165 163 170 165 163 164 165 163 164 165 163 164 165 163 164 165 163 164 165 163 169 165 163 170,0.21064674854278564,1,2026-06-14 15:40:50+00:00,2026-06-14 15:40:54+00:00
all,verify_checkout_pod_kill_001,356290331,1781451655.0,1781451659.0,0,37,165 163 170 165 163 165 163 164 165 163 170 165 163 164 165 163 169 165 163 170 165 163 164 165 163 164 165 163 166 165 163 167 163 164 165 163 167,0.21167318522930145,1,2026-06-14 15:40:55+00:00,2026-06-14 15:40:59+00:00
all,verify_checkout_pod_kill_001,356290332,1781451660.0,1781451664.0,0,46,171 165 163 164 165 163 169 165 163 164 163 170 171 165 165 163 169 165 163 170 165 165 163 164 165 163 165 163 166 165 163 167 171 165 163 164 165 163 164 165 163 170 165 163 164 165,0.2141571342945099,1,2026-06-14 15:41:00+00:00,2026-06-14 15:41:04+00:00
all,verify_checkout_pod_kill_001,356290333,1781451665.0,1781451669.0,0,53,163 166 165 163 167 171 165 163 164 165 163 164 165 163 164 165 163 165 163 164 165 163 169 165 163 170 161 165 163 172 173 174 175 165 163 164 165 163 164 165 163 166 165 163 167 163 164 165 163 169 165 163 170,0.2169685810804367,1,2026-06-14 15:41:05+00:00,2026-06-14 15:41:09+00:00
all,verify_checkout_pod_kill_001,356290334,1781451670.0,1781451674.0,0,58,165 171 165 163 164 165 163 169 165 163 170 165 163 165 163 170 165 161 163 170 163 164 165 163 169 165 163 170 165 165 163 172 173 174 175 165 163 164 165 163 164 165 163 167 163 164 165 171 165 163 164 165 163 169 165 163 170 165,0.2203342318534851,1,2026-06-14 15:41:10+00:00,2026-06-14 15:41:14+00:00
all,verify_checkout_pod_kill_001,356290335,1781451675.0,1781451679.0,0,43,161 163 166 165 163 167 171 165 163 164 165 163 169 165 163 170 165 163 172 173 174 175 165 163 164 165 163 164 165 163 165 163 164 165 163 164 165 163 169 165 163 170 165,0.21264058351516724,1,2026-06-14 15:41:15+00:00,2026-06-14 15:41:19+00:00
all,verify_checkout_pod_kill_001,356290336,1781451680.0,1781451684.0,0,57,163 170 165 163 166 165 163 167 171 165 163 164 165 163 164 165 163 166 165 163 167 171 165 163 164 165 163 164 165 163 165 163 164 165 163 164 165 163 164 163 164 165 165 163 167 163 164 165 163 169 165 163 170 163 164 165 165,0.2209000587463379,1,2026-06-14 15:41:20+00:00,2026-06-14 15:41:24+00:00
all,verify_checkout_pod_kill_001,356290337,1781451685.0,1781451689.0,0,27,163 164 165 163 170 165 163 164 165 163 165 163 164 165 163 170 165 163 164 165 171 165 163 167 163 164 165,0.2051519751548767,1,2026-06-14 15:41:25+00:00,2026-06-14 15:41:29+00:00
all,verify_checkout_pod_kill_001,356290338,1781451690.0,1781451694.0,0,51,163 170 165 163 164 165 163 166 165 163 167 163 165 163 170 163 166 165 163 167 165 171 165 163 170 165 163 164 165 163 164 165 163 164 165 163 164 163 164 165 163 169 165 163 170 165 163 169 165 163 170,0.21660785377025604,1,2026-06-14 15:41:30+00:00,2026-06-14 15:41:34+00:00
all,verify_checkout_pod_kill_001,356290339,1781451695.0,1781451698.0,0,33,163 166 165 163 167 165 165 171 165 171 171 165 165 163 165 163 170 165 163 164 165 163 164 165 163 164 165 163 164 165 163 164 165,0.21186459064483643,1,2026-06-14 15:41:35+00:00,2026-06-14 15:41:38+00:00
all,verify_checkout_pod_kill_001,356290340,1781451700.0,1781451704.0,0,69,163 164 165 163 164 165 161 161 163 164 165 163 169 165 163 170 163 164 165 163 164 165 163 172 173 165 174 175 165 163 164 165 163 169 165 163 170 165 163 172 173 163 165 174 175 165 163 164 165 163 169 165 163 170 163 170 165 165 163 164 165 163 164 165 163 170 165 163 170,0.22042760252952576,1,2026-06-14 15:41:40+00:00,2026-06-14 15:41:44+00:00
all,verify_checkout_pod_kill_001,356290341,1781451705.0,1781451709.0,0,62,165 161 163 164 165 163 169 165 163 170 163 165 165 163 172 173 174 163 164 175 165 165 163 169 165 163 170 165 163 170 165 161 163 164 165 163 169 165 163 170 165 163 172 173 174 175 165 163 164 165 163 164 165 163 164 165 163 169 165 163 170 165,0.21306465566158295,1,2026-06-14 15:41:45+00:00,2026-06-14 15:41:49+00:00
all,verify_checkout_pod_kill_001,356290342,1781451710.0,1781451714.0,0,17,163 164 165 163 164 165 163 165 163 164 165 163 164 165 163 164 165,0.15855440497398376,0,2026-06-14 15:41:50+00:00,2026-06-14 15:41:54+00:00
all,verify_checkout_pod_kill_001,356290343,1781451716.0,1781451719.0,0,33,163 164 165 163 167 163 170 165 163 165 163 170 165 163 164 165 163 166 165 163 167 163 164 165 163 164 165 163 164 165 163 164 165,0.20823366940021515,1,2026-06-14 15:41:56+00:00,2026-06-14 15:41:59+00:00
all,verify_checkout_pod_kill_001,356290344,1781451720.0,1781451724.0,0,54,171 165 163 164 165 163 164 165 171 165 163 165 163 164 165 163 164 165 161 163 164 165 163 169 165 163 170 165 163 172 173 163 164 174 165 163 169 165 163 170 175 165 165 163 166 165 163 167 163 170 165 163 164 165,0.20953738689422607,1,2026-06-14 15:42:00+00:00,2026-06-14 15:42:04+00:00
all,verify_checkout_pod_kill_001,356290345,1781451725.0,1781451729.0,0,56,161 163 164 165 163 164 165 163 169 165 163 170 165 163 172 173 174 175 165 163 165 163 166 165 163 167 163 166 165 163 167 163 166 165 163 167 171 165 163 170 165 171 171 171 165 165 165 163 164 165 163 164 165 163 170 165,0.21178698539733887,1,2026-06-14 15:42:05+00:00,2026-06-14 15:42:09+00:00
all,verify_checkout_pod_kill_001,356290346,1781451730.0,1781451734.0,0,36,163 166 165 163 167 163 164 165 163 170 165 163 164 165 163 169 165 163 170 165 163 165 163 164 165 163 170 165 171 165 163 164 165 163 164 165,0.20868763327598572,1,2026-06-14 15:42:10+00:00,2026-06-14 15:42:14+00:00
all,verify_checkout_pod_kill_001,356290347,1781451735.0,1781451739.0,0,48,163 164 165 163 164 165 163 164 165 163 165 163 164 165 163 164 165 163 164 165 161 163 164 165 163 169 165 163 170 165 163 172 173 174 175 165 163 164 165 163 169 165 163 170 165 163 172 173,0.20741546154022217,1,2026-06-14 15:42:15+00:00,2026-06-14 15:42:19+00:00
all,verify_checkout_pod_kill_001,356290348,1781451740.0,1781451744.0,0,52,161 174 175 165 163 164 165 163 164 163 170 165 165 163 164 165 163 165 163 170 165 163 167 171 165 163 164 165 163 164 165 163 169 165 163 170 165 163 164 165 163 170 165 163 164 165 163 164 165 163 170 165,0.21242256462574005,1,2026-06-14 15:42:20+00:00,2026-06-14 15:42:24+00:00
all,verify_checkout_pod_kill_001,356290349,1781451745.0,1781451749.0,0,26,163 164 165 163 164 165 163 164 165 163 169 165 163 170 165 163 165 163 164 165 163 164 165 163 170 165,0.20042523741722107,0,2026-06-14 15:42:25+00:00,2026-06-14 15:42:29+00:00
all,verify_checkout_pod_kill_001,356290350,1781451750.0,1781451754.0,0,46,163 164 165 163 164 165 163 169 165 163 170 163 164 165 165 163 166 165 163 167 163 165 163 164 165 163 164 165 163 164 165 163 164 165 171 165 163 164 165 163 166 165 163 167 171 165,0.2103094607591629,1,2026-06-14 15:42:30+00:00,2026-06-14 15:42:34+00:00
all,verify_checkout_pod_kill_001,356290351,1781451755.0,1781451759.0,0,53,163 166 165 163 167 171 165 163 164 165 163 164 163 167 165 163 170 165 171 165 163 170 165 163 165 161 163 164 165 163 169 165 163 170 165 163 164 165 163 169 165 163 170 165 163 172 173 174 175 165 163 170 165,0.2122858762741089,1,2026-06-14 15:42:35+00:00,2026-06-14 15:42:39+00:00
all,verify_checkout_pod_kill_001,356290352,1781451760.0,1781451763.0,0,46,163 167 171 165 163 164 165 163 164 165 163 169 165 163 170 165 163 172 173 161 174 175 165 163 164 165 163 165 163 170 165 163 164 165 163 164 165 163 164 165 163 169 165 163 170 165,0.21033135056495667,1,2026-06-14 15:42:40+00:00,2026-06-14 15:42:43+00:00
all,verify_checkout_pod_kill_001,356290353,1781451765.0,1781451769.0,0,28,163 166 165 163 167 163 170 165 163 167 171 165 171 165 163 165 163 164 165 163 164 165 163 170 165 163 170 165,0.20422565937042236,0,2026-06-14 15:42:45+00:00,2026-06-14 15:42:49+00:00
all,verify_checkout_pod_kill_001,356290354,1781451770.0,1781451773.0,0,49,163 164 165 163 169 165 163 170 165 163 164 165 163 166 165 163 167 163 164 165 163 169 165 163 170 165 163 170 171 165 165 163 165 163 167 171 165 163 164 165 163 169 165 163 170 163 164 165 165,0.21240930259227753,1,2026-06-14 15:42:50+00:00,2026-06-14 15:42:53+00:00
all,verify_checkout_pod_kill_001,356290355,1781451775.0,1781451779.0,0,62,161 163 164 165 163 169 165 163 170 165 163 172 173 174 175 165 163 164 165 163 164 165 163 169 165 163 170 165 163 165 163 166 165 163 167 171 165 163 164 165 163 167 163 164 165 163 169 165 163 170 171 165 163 164 165 165 163 164 165 163 164 165,0.21976913511753082,1,2026-06-14 15:42:55+00:00,2026-06-14 15:42:59+00:00
all,verify_checkout_pod_kill_001,356290356,1781451780.0,1781451784.0,0,27,163 164 165 163 164 165 163 165 163 164 165 163 164 165 163 164 165 163 164 165 163 164 165 163 167 171 165,0.2075343132019043,1,2026-06-14 15:43:00+00:00,2026-06-14 15:43:04+00:00
all,verify_checkout_pod_kill_001,356290357,1781451785.0,1781451789.0,0,33,163 170 165 163 164 165 163 164 165 163 165 163 167 171 165 163 164 165 163 169 165 163 170 165 163 164 165 163 164 165 163 164 165,0.21511150896549225,1,2026-06-14 15:43:05+00:00,2026-06-14 15:43:09+00:00
all,verify_checkout_pod_kill_001,356290358,1781451790.0,1781451794.0,0,37,163 164 165 163 164 165 163 164 165 163 165 163 170 165 163 164 163 164 165 165 163 169 165 163 170 165 163 170 165 163 164 165 163 169 165 163 170,0.2173633724451065,1,2026-06-14 15:43:10+00:00,2026-06-14 15:43:14+00:00
all,verify_checkout_pod_kill_001,356290359,1781451795.0,1781451799.0,0,37,165 163 164 165 163 164 165 163 170 163 169 165 163 170 163 165 165 165 163 164 165 163 164 165 163 166 165 163 167 163 164 165 171 165 163 164 165,0.21792490780353546,1,2026-06-14 15:43:15+00:00,2026-06-14 15:43:19+00:00
all,verify_checkout_pod_kill_001,356290360,1781451800.0,1781451804.0,0,43,163 164 165 163 169 165 163 170 165 163 167 171 165 163 164 165 163 170 165 163 165 163 164 165 163 164 165 163 164 165 163 167 171 165 163 164 165 163 164 165 163 164 165,0.21795271337032318,1,2026-06-14 15:43:20+00:00,2026-06-14 15:43:24+00:00
all,verify_checkout_pod_kill_001,356290361,1781451805.0,1781451808.0,0,33,163 166 165 163 167 171 165 163 164 165 163 169 165 163 170 165 163 165 163 164 165 163 169 165 163 170 165 163 164 165 163 164 165,0.2146301567554474,1,2026-06-14 15:43:25+00:00,2026-06-14 15:43:28+00:00
all,verify_checkout_pod_kill_001,356290362,1781451810.0,1781451814.0,0,51,163 164 165 163 164 163 170 165 165 163 164 165 163 164 165 163 165 163 166 165 163 167 163 164 165 163 169 165 163 170 163 164 171 165 165 165 163 164 165 163 164 165 163 169 165 163 170 165 163 164 165,0.221378356218338,1,2026-06-14 15:43:30+00:00,2026-06-14 15:43:34+00:00
all,verify_checkout_pod_kill_001,356290363,1781451815.0,1781451819.0,0,39,161 163 164 165 163 169 165 163 170 165 163 172 173 174 175 165 163 164 165 163 164 165 163 165 163 164 165 163 164 165 163 164 165 163 164 165 163 170 165,0.2189864069223404,1,2026-06-14 15:43:35+00:00,2026-06-14 15:43:39+00:00
all,verify_checkout_pod_kill_001,356290364,1781451821.0,1781451824.0,0,45,163 164 165 163 165 163 164 165 163 164 165 163 166 165 163 167 171 165 163 164 163 164 165 165 163 164 165 163 164 163 170 165 165 163 164 165 163 164 165 163 169 165 163 170 165,0.2165706902742386,1,2026-06-14 15:43:41+00:00,2026-06-14 15:43:44+00:00
all,verify_checkout_pod_kill_001,356290365,1781451825.0,1781451829.0,0,53,163 164 165 163 169 165 163 170 165 161 163 164 165 163 164 165 163 169 165 163 170 165 163 172 173 174 175 165 163 165 163 164 165 163 166 165 163 167 171 165 163 170 165 163 166 165 163 167 171 165 163 164 165,0.2207564264535904,1,2026-06-14 15:43:45+00:00,2026-06-14 15:43:49+00:00
all,verify_checkout_pod_kill_001,356290366,1781451830.0,1781451834.0,0,41,163 169 165 163 170 165 163 164 165 163 165 163 170 165 163 164 165 163 170 165 163 164 165 161 163 164 165 163 169 165 163 170 165 163 172 173 174 175 165 163 167,0.21354049444198608,1,2026-06-14 15:43:50+00:00,2026-06-14 15:43:54+00:00
all,verify_checkout_pod_kill_001,356290367,1781451835.0,1781451838.0,0,29,163 167 171 165 163 164 165 171 165 163 165 163 164 165 163 164 165 163 164 165 163 169 165 163 170 165 163 164 165,0.20906588435173035,1,2026-06-14 15:43:55+00:00,2026-06-14 15:43:58+00:00
all,verify_checkout_pod_kill_001,356290368,1781451840.0,1781451844.0,0,40,163 166 165 163 167 171 165 163 164 165 163 170 165 163 170 165 163 164 165 163 165 163 166 165 163 167 171 165 163 170 165 163 164 165 163 169 165 163 170 165,0.21459901332855225,1,2026-06-14 15:44:00+00:00,2026-06-14 15:44:04+00:00
all,verify_checkout_pod_kill_001,356290369,1781451845.0,1781451849.0,0,34,163 164 165 163 167 171 165 163 164 165 163 165 163 167 163 164 165 171 165 163 164 165 163 170 163 164 165 165 163 164 165 163 164 165,0.2147996872663498,1,2026-06-14 15:44:05+00:00,2026-06-14 15:44:09+00:00
all,verify_checkout_pod_kill_001,356290370,1781451850.0,1781451854.0,0,49,163 164 165 163 169 165 163 170 165 163 164 165 163 165 163 164 163 166 165 163 167 165 163 164 161 165 163 169 165 163 170 165 163 172 173 174 175 165 171 165 163 170 163 170 165 163 164 165 165,0.2182321697473526,1,2026-06-14 15:44:10+00:00,2026-06-14 15:44:14+00:00
all,verify_checkout_pod_kill_001,356290371,1781451855.0,1781451859.0,0,46,163 164 165 163 164 163 166 165 163 167 165 163 165 171 165 163 164 165 163 164 165 163 167 163 164 163 164 163 164 165 163 169 165 163 170 165 165 163 169 171 163 164 165 165 163 170,0.21662892401218414,1,2026-06-14 15:44:15+00:00,2026-06-14 15:44:19+00:00
all,verify_checkout_pod_kill_001,356290372,1781451860.0,1781451863.0,0,49,161 165 165 163 172 173 174 165 175 165 163 164 165 163 165 163 166 165 163 167 163 164 171 163 164 165 165 165 163 164 165 163 169 165 163 163 164 170 163 170 165 165 163 164 165 163 170 165 165,0.21109016239643097,1,2026-06-14 15:44:20+00:00,2026-06-14 15:44:23+00:00
all,verify_checkout_pod_kill_001,356290373,1781451866.0,1781451868.0,0,19,163 164 165 163 165 163 170 165 163 170 165 163 170 163 166 165 163 167 165,0.17735673487186432,0,2026-06-14 15:44:26+00:00,2026-06-14 15:44:28+00:00
all,verify_checkout_pod_kill_001,356290374,1781451870.0,1781451874.0,0,64,171 165 163 164 165 163 164 163 167 165 163 165 171 165 163 170 163 164 163 170 165 165 163 164 163 169 161 165 163 170 165 165 163 169 165 163 170 165 163 172 173 174 163 164 175 165 165 163 164 165 165 163 164 165 163 169 165 163 170 163 166 165 163 167,0.21821260452270508,1,2026-06-14 15:44:30+00:00,2026-06-14 15:44:34+00:00
all,verify_checkout_pod_kill_001,356290375,1781451875.0,1781451879.0,0,30,165 163 164 171 165 165 163 166 165 163 167 171 165 163 165 163 164 165 163 170 165 163 164 163 170 163 164 165 165 165,0.20652011036872864,1,2026-06-14 15:44:35+00:00,2026-06-14 15:44:39+00:00
all,verify_checkout_pod_kill_001,356290376,1781451880.0,1781451884.0,0,23,163 164 165 163 164 165 163 164 165 163 165 163 164 165 163 164 163 164 165 165 163 164 165,0.1918766349554062,0,2026-06-14 15:44:40+00:00,2026-06-14 15:44:44+00:00
all,verify_checkout_pod_kill_001,356290377,1781451885.0,1781451889.0,0,42,163 164 163 167 165 163 170 163 164 163 164 165 163 169 165 165 163 170 165 165 163 165 171 165 163 167 163 164 165 171 165 163 164 165 163 164 163 164 165 165 163 170,0.20851284265518188,1,2026-06-14 15:44:45+00:00,2026-06-14 15:44:49+00:00
all,verify_checkout_pod_kill_001,356290378,1781451890.0,1781451894.0,0,45,163 164 165 163 164 165 165 163 164 165 163 164 163 165 165 163 170 165 163 164 165 161 163 164 165 163 169 165 163 170 165 163 172 173 174 175 165 163 164 163 164 165 165 163 170,0.20862074196338654,1,2026-06-14 15:44:50+00:00,2026-06-14 15:44:54+00:00
all,verify_checkout_pod_kill_001,356290379,1781451895.0,1781451899.0,0,30,165 163 164 165 163 164 165 163 165 163 164 165 163 164 165 163 164 163 170 165 165 163 164 165 163 169 165 163 170 165,0.20539690554141998,1,2026-06-14 15:44:55+00:00,2026-06-14 15:44:59+00:00
all,verify_checkout_pod_kill_001,356290380,1781451900.0,1781451904.0,0,32,163 170 165 163 164 165 163 165 163 170 163 164 165 165 163 164 163 170 165 163 164 165 165 163 166 165 163 167 163 170 171 165,0.20888303220272064,1,2026-06-14 15:45:00+00:00,2026-06-14 15:45:04+00:00
all,verify_checkout_pod_kill_001,356290381,1781451905.0,1781451909.0,0,52,161 165 163 164 165 163 164 165 163 169 165 163 170 165 163 172 173 163 164 174 175 165 163 164 165 165 163 165 163 164 165 163 170 165 163 166 165 163 167 163 164 165 171 165 163 164 165 163 169 165 163 170,0.21346813440322876,1,2026-06-14 15:45:05+00:00,2026-06-14 15:45:09+00:00
all,verify_checkout_pod_kill_001,356290382,1781451910.0,1781451914.0,0,33,165 163 170 163 164 165 165 163 165 163 164 163 164 165 163 169 165 163 170 165 165 163 164 163 164 165 163 169 165 165 163 170 165,0.2091054469347,1,2026-06-14 15:45:10+00:00,2026-06-14 15:45:14+00:00
all,verify_checkout_pod_kill_001,356290383,1781451915.0,1781451919.0,0,43,163 164 165 163 166 165 163 163 167 166 165 163 167 163 167 171 165 171 165 171 165 163 165 163 170 163 167 165 163 164 165 163 166 165 163 167 171 163 170 165 165 171 165,0.20962533354759216,1,2026-06-14 15:45:15+00:00,2026-06-14 15:45:19+00:00
all,verify_checkout_pod_kill_001,356290384,1781451921.0,1781451923.0,0,17,163 165 163 164 165 163 169 165 163 170 163 164 163 164 165 165 165,0.16011057794094086,0,2026-06-14 15:45:21+00:00,2026-06-14 15:45:23+00:00
all,verify_checkout_pod_kill_001,356290385,1781451925.0,1781451929.0,0,40,163 164 163 164 165 163 166 165 163 164 163 167 165 163 169 165 163 170 165 171 165 165 163 164 163 170 163 164 165 163 165 165 165 163 170 165 163 164 163 164,0.21062082052230835,1,2026-06-14 15:45:25+00:00,2026-06-14 15:45:29+00:00
all,verify_checkout_pod_kill_001,356290386,1781451930.0,1781451933.0,0,45,165 163 169 165 165 163 170 165 163 164 163 164 165 163 165 165 161 163 164 163 170 165 163 169 165 163 170 165 163 172 173 174 163 164 175 165 165 165 163 166 165 163 167 171 165,0.20886637270450592,1,2026-06-14 15:45:30+00:00,2026-06-14 15:45:33+00:00
all,verify_checkout_pod_kill_001,356290387,1781451935.0,1781451939.0,0,62,163 164 163 164 165 163 164 165 163 169 163 169 165 165 163 170 163 170 163 166 165 165 163 167 165 165 163 164 171 165 165 163 169 165 163 170 163 165 165 163 166 165 163 167 171 165 163 164 163 167 165 163 166 165 163 167 171 165 171 165 163 167,0.21785958111286163,1,2026-06-14 15:45:35+00:00,2026-06-14 15:45:39+00:00
all,verify_checkout_pod_kill_001,356290388,1781451940.0,1781451944.0,0,44,171 165 163 164 163 164 161 165 165 163 169 165 163 170 163 164 163 170 165 165 163 172 173 163 165 174 175 165 165 163 164 165 163 166 165 163 167 163 164 165 171 165 163 164,0.19938068091869354,0,2026-06-14 15:45:40+00:00,2026-06-14 15:45:44+00:00
all,verify_checkout_pod_kill_001,356290389,1781451945.0,1781451949.0,0,50,165 163 169 165 163 170 163 164 165 163 167 163 164 165 165 171 165 163 165 163 170 165 163 164 163 164 165 163 169 165 165 163 170 163 164 165 165 163 164 165 163 169 165 163 170 163 167 165 171 165,0.19924452900886536,0,2026-06-14 15:45:45+00:00,2026-06-14 15:45:49+00:00
all,verify_checkout_pod_kill_001,356290390,1781451950.0,1781451954.0,0,49,163 170 165 163 164 165 163 169 165 163 170 161 163 164 165 165 163 172 173 163 166 165 174 163 167 175 165 163 165 163 164 171 165 165 163 164 165 163 170 163 164 165 165 163 169 165 163 170 165,0.20034237205982208,0,2026-06-14 15:45:50+00:00,2026-06-14 15:45:54+00:00
all,verify_checkout_pod_kill_001,356290391,1781451955.0,1781451959.0,0,43,163 164 165 163 170 165 163 166 165 163 167 171 165 163 165 163 164 165 163 164 165 163 164 163 164 165 161 163 169 165 165 163 169 163 170 165 163 170 165 165 163 172 173,0.1981949657201767,0,2026-06-14 15:45:55+00:00,2026-06-14 15:45:59+00:00
all,verify_checkout_pod_kill_001,356290392,1781451960.0,1781451964.0,0,60,174 175 165 163 164 165 163 169 165 163 170 163 164 165 165 163 164 163 164 165 163 166 165 163 164 163 169 163 167 165 163 165 163 170 165 165 165 163 164 171 165 165 163 169 165 163 170 163 164 161 165 165 163 172 173 174 175 165 163 164,0.20173008739948273,0,2026-06-14 15:46:00+00:00,2026-06-14 15:46:04+00:00
all,verify_checkout_pod_kill_001,356290393,1781451965.0,1781451969.0,0,82,161 165 163 169 165 163 170 163 164 163 170 165 163 172 173 165 163 169 174 165 163 170 161 165 175 165 165 163 172 173 174 163 164 175 165 163 164 165 163 165 161 163 164 200 165 165 163 169 165 163 170 165 163 172 173 174 175 165 163 167 163 164 165 163 169 165 163 170 163 171 170 163 164 165 165 165 165 163 166 165 163 167,0.2822082042694092,1,2026-06-14 15:46:05+00:00,2026-06-14 15:46:09+00:00
all,verify_checkout_pod_kill_001,356290394,1781451970.0,1781451973.0,0,25,171 163 164 165 165 163 169 163 164 165 163 170 165 165 163 165 163 164 165 163 164 163 164 165 165,0.1913684904575348,0,2026-06-14 15:46:10+00:00,2026-06-14 15:46:13+00:00
all,verify_checkout_pod_kill_001,356290395,1781451975.0,1781451979.0,0,62,163 170 165 163 164 165 163 169 165 163 170 165 163 164 163 165 165 163 164 163 164 165 163 167 165 163 169 165 163 170 163 164 165 165 163 164 163 164 171 165 165 163 169 165 163 170 165 161 165 163 172 173 174 163 166 165 163 167 175 165 171 165,0.20268936455249786,0,2026-06-14 15:46:15+00:00,2026-06-14 15:46:19+00:00
all,verify_checkout_pod_kill_001,356290396,1781451980.0,1781451984.0,0,29,163 164 165 163 164 165 163 165 163 164 165 163 170 165 163 164 165 163 166 165 163 167 163 170 171 165 165 163 164,0.20596887171268463,1,2026-06-14 15:46:20+00:00,2026-06-14 15:46:24+00:00
all,verify_checkout_pod_kill_001,356290397,1781451985.0,1781451989.0,0,61,161 165 163 169 165 163 170 165 163 172 173 163 164 174 175 165 165 163 164 165 163 164 163 169 165 163 164 163 170 163 167 163 165 165 165 165 163 169 165 163 170 171 165 165 163 164 163 164 165 165 163 169 163 169 165 165 163 170 163 170 165,0.2193034589290619,1,2026-06-14 15:46:25+00:00,2026-06-14 15:46:29+00:00
all,verify_checkout_pod_kill_001,356290398,1781451990.0,1781451994.0,0,61,165 163 164 165 163 164 165 163 165 163 164 163 164 163 166 165 163 167 161 163 164 165 163 169 165 163 169 165 163 170 165 163 170 165 165 165 163 172 173 171 174 165 163 164 175 165 165 163 169 165 163 170 165 163 164 165 163 169 165 163 170,0.21852640807628632,1,2026-06-14 15:46:30+00:00,2026-06-14 15:46:34+00:00
all,verify_checkout_pod_kill_001,356290399,1781451995.0,1781451999.0,0,36,165 163 164 165 163 169 165 163 170 163 164 165 163 164 163 164 163 165 165 165 165 163 164 165 163 164 163 164 165 165 163 169 165 163 170 165,0.21155963838100433,1,2026-06-14 15:46:35+00:00,2026-06-14 15:46:39+00:00
all,verify_checkout_pod_kill_001,356290400,1781452000.0,1781452004.0,0,29,163 164 165 163 170 163 170 165 165 163 164 163 165 165 163 164 165 163 170 165 163 164 165 163 164 163 164 165 165,0.20585030317306519,1,2026-06-14 15:46:40+00:00,2026-06-14 15:46:44+00:00
all,verify_checkout_pod_kill_001,356290401,1781452006.0,1781452009.0,0,33,163 164 165 163 164 163 165 165 163 167 163 164 163 166 165 165 163 167 171 163 164 163 170 165 165 171 165 165 163 164 165 163 164,0.21098929643630981,1,2026-06-14 15:46:46+00:00,2026-06-14 15:46:49+00:00
all,verify_checkout_pod_kill_001,356290402,1781452010.0,1781452014.0,0,38,165 163 165 163 164 165 163 164 165 163 169 165 163 170 163 170 165 165 163 164 165 163 169 163 164 165 163 170 163 166 165 163 167 165 165 163 164 165,0.212535098195076,1,2026-06-14 15:46:50+00:00,2026-06-14 15:46:54+00:00
all,verify_checkout_pod_kill_001,356290403,1781452015.0,1781452019.0,0,53,171 165 163 170 163 164 165 165 163 169 165 163 170 163 166 165 163 167 163 164 163 165 163 164 165 163 172 173 161 174 163 164 165 163 164 165 175 165 171 165 165 163 169 165 163 170 165 165 163 164 165 163 164,0.21429120004177094,1,2026-06-14 15:46:55+00:00,2026-06-14 15:46:59+00:00
all,verify_checkout_pod_kill_001,356290404,1781452020.0,1781452024.0,0,47,165 163 169 165 163 170 165 163 164 163 164 165 163 164 165 163 169 165 165 163 170 163 165 163 164 165 165 163 170 163 164 165 165 163 169 165 163 170 165 163 164 163 164 165 165 163 167,0.21528196334838867,1,2026-06-14 15:47:00+00:00,2026-06-14 15:47:04+00:00
all,verify_checkout_pod_kill_001,356290405,1781452025.0,1781452029.0,0,48,171 165 163 164 165 163 164 165 163 170 163 165 165 163 164 165 163 170 165 163 164 163 164 165 163 169 165 163 170 165 161 165 163 172 173 163 164 174 163 166 165 163 167 175 165 163 170 165,0.21453611552715302,1,2026-06-14 15:47:05+00:00,2026-06-14 15:47:09+00:00
all,verify_checkout_pod_kill_001,356290406,1781452030.0,1781452034.0,0,36,171 165 165 163 166 165 163 167 171 165 163 165 163 164 165 163 164 163 164 163 170 163 164 165 165 163 170 165 165 163 167 165 171 165 163 164,0.2162594348192215,1,2026-06-14 15:47:10+00:00,2026-06-14 15:47:14+00:00
all,verify_checkout_pod_kill_001,356290407,1781452035.0,1781452039.0,0,50,165 163 169 165 163 170 163 164 163 164 200 165 165 165 163 172 173 161 174 175 165 163 165 163 164 165 163 164 163 164 165 163 169 165 163 170 165 163 169 165 163 170 165 165 163 164 163 164 165 165,0.3046687841415405,1,2026-06-14 15:47:15+00:00,2026-06-14 15:47:19+00:00
all,verify_checkout_pod_kill_001,356290408,1781452040.0,1781452044.0,0,39,163 164 165 163 165 163 167 163 164 165 163 170 171 165 163 164 165 163 164 165 163 170 165 165 163 164 165 163 166 165 163 167 163 166 165 163 167 171 165,0.21549098193645477,1,2026-06-14 15:47:20+00:00,2026-06-14 15:47:24+00:00
all,verify_checkout_pod_kill_001,356290409,1781452045.0,1781452048.0,0,29,171 165 163 164 165 163 165 163 164 165 163 169 165 163 170 163 164 161 165 165 163 172 173 174 175 165 163 170 165,0.2088722139596939,1,2026-06-14 15:47:25+00:00,2026-06-14 15:47:28+00:00
all,verify_checkout_pod_kill_001,356290410,1781452050.0,1781452054.0,0,46,163 164 163 166 165 163 167 165 171 163 167 165 171 165 163 164 163 164 163 164 163 165 163 164 165 165 165 165 161 163 164 165 163 169 165 163 170 163 164 165 163 164 163 172 173 165,0.21477501094341278,1,2026-06-14 15:47:30+00:00,2026-06-14 15:47:34+00:00
all,verify_checkout_pod_kill_001,356290411,1781452055.0,1781452059.0,0,56,174 175 165 165 163 164 165 163 164 163 165 165 163 164 165 163 169 165 163 170 163 164 163 164 165 165 165 163 164 163 164 165 163 169 165 163 170 163 166 165 165 163 167 163 169 165 163 170 163 164 163 164 165 163 167 165,0.22010967135429382,1,2026-06-14 15:47:35+00:00,2026-06-14 15:47:39+00:00
all,verify_checkout_pod_kill_001,356290412,1781452060.0,1781452062.0,0,23,165 165 163 169 165 163 170 171 165 163 164 165 165 171 165 163 165 163 170 163 164 165 165,0.1904069483280182,0,2026-06-14 15:47:40+00:00,2026-06-14 15:47:42+00:00
all,verify_checkout_pod_kill_001,356290413,1781452065.0,1781452069.0,0,63,163 164 165 163 164 163 164 165 163 169 165 163 170 161 165 165 163 172 173 163 164 174 175 165 163 164 165 163 165 165 163 169 165 163 170 165 163 164 165 163 164 165 163 169 165 163 170 161 165 163 172 173 174 163 164 175 163 164 163 164 165 163 164,0.21803312003612518,1,2026-06-14 15:47:45+00:00,2026-06-14 15:47:49+00:00
all,verify_checkout_pod_kill_001,356290414,1781452070.0,1781452073.0,0,15,165 165 165 165 163 165 163 164 165 163 170 165 163 164 165,0.13453233242034912,0,2026-06-14 15:47:50+00:00,2026-06-14 15:47:53+00:00
all,verify_checkout_pod_kill_001,356290415,1781452075.0,1781452079.0,0,33,163 164 163 164 165 163 167 165 163 164 163 164 163 164 165 165 171 165 163 164 163 165 165 165 163 164 165 163 170 165 163 164 165,0.20907436311244965,1,2026-06-14 15:47:55+00:00,2026-06-14 15:47:59+00:00
all,verify_checkout_pod_kill_001,356290416,1781452080.0,1781452084.0,0,64,163 164 163 164 163 170 165 165 165 163 164 165 163 165 163 164 163 164 163 164 165 163 169 165 161 163 170 165 163 169 165 165 163 170 165 165 163 172 173 174 175 165 163 164 163 164 165 163 169 161 165 163 170 165 163 164 165 163 172 173 174 165 175 165,0.21853047609329224,1,2026-06-14 15:48:00+00:00,2026-06-14 15:48:04+00:00
all,verify_checkout_pod_kill_001,356290417,1781452085.0,1781452089.0,0,27,163 164 165 163 164 163 164 165 165 163 165 163 164 165 163 164 165 163 164 165 163 164 165 163 170 163 167,0.20304526388645172,0,2026-06-14 15:48:05+00:00,2026-06-14 15:48:09+00:00
all,verify_checkout_pod_kill_001,356290418,1781452090.0,1781452094.0,0,41,165 163 167 171 165 171 163 164 165 161 163 164 165 165 163 169 165 163 170 163 165 165 163 172 173 174 163 164 163 170 175 165 165 165 163 167 171 165 163 164 165,0.20872962474822998,1,2026-06-14 15:48:10+00:00,2026-06-14 15:48:14+00:00
all,verify_checkout_pod_kill_001,356290419,1781452095.0,1781452099.0,0,39,163 164 165 163 164 163 164 163 164 165 163 169 165 163 170 165 163 169 165 163 170 165 163 165 165 165 163 170 165 163 167 163 167 171 165 163 164 171 165,0.21061983704566956,1,2026-06-14 15:48:15+00:00,2026-06-14 15:48:19+00:00
all,verify_checkout_pod_kill_001,356290420,1781452100.0,1781452104.0,0,59,165 163 164 165 163 164 165 163 169 165 161 163 164 163 170 165 165 163 172 173 174 175 165 163 165 163 166 165 163 167 163 164 171 165 163 167 165 171 165 163 164 165 163 169 163 166 165 163 167 163 164 165 163 170 163 164 165 165 165,0.22063200175762177,1,2026-06-14 15:48:20+00:00,2026-06-14 15:48:24+00:00
all,verify_checkout_pod_kill_001,356290421,1781452105.0,1781452109.0,0,46,171 165 163 164 165 163 164 163 165 165 163 164 165 163 169 165 163 170 163 164 163 164 165 163 170 165 165 163 169 165 165 163 170 163 164 165 163 164 165 165 163 169 165 163 170 165,0.2123868465423584,1,2026-06-14 15:48:25+00:00,2026-06-14 15:48:29+00:00
all,verify_checkout_pod_kill_001,356290422,1781452110.0,1781452114.0,0,27,163 164 163 164 165 163 169 165 163 170 165 163 164 165 165 163 165 163 170 165 163 164 165 163 167 171 165,0.2041654735803604,0,2026-06-14 15:48:30+00:00,2026-06-14 15:48:34+00:00
all,verify_checkout_pod_kill_001,356290423,1781452115.0,1781452119.0,0,45,163 164 163 164 165 165 163 169 165 163 170 163 170 165 163 167 165 163 164 165 171 165 163 165 163 164 165 163 166 165 163 167 163 164 171 163 164 165 165 163 169 165 163 170 165,0.2124308943748474,1,2026-06-14 15:48:35+00:00,2026-06-14 15:48:39+00:00
all,verify_checkout_pod_kill_001,356290424,1781452120.0,1781452124.0,0,40,161 165 163 172 173 174 175 165 163 164 165 163 164 163 165 163 170 165 165 163 170 163 164 165 165 163 169 165 163 170 163 164 163 164 165 165 165 163 170 165,0.21237602829933167,1,2026-06-14 15:48:40+00:00,2026-06-14 15:48:44+00:00
all,verify_checkout_pod_kill_001,356290425,1781452125.0,1781452129.0,0,41,163 164 165 163 164 163 164 163 164 165 163 164 165 165 163 169 163 169 165 165 163 170 163 170 165 163 165 165 165 163 164 165 163 164 165 163 169 165 163 170 165,0.21132470667362213,1,2026-06-14 15:48:45+00:00,2026-06-14 15:48:49+00:00
all,verify_checkout_pod_kill_001,356290426,1781452130.0,1781452134.0,0,39,163 164 163 164 163 164 165 165 165 163 164 163 164 165 165 163 164 165 163 165 163 164 165 163 164 163 164 165 163 169 165 163 169 165 165 163 170 163 170,0.21246185898780823,1,2026-06-14 15:48:50+00:00,2026-06-14 15:48:54+00:00
all,verify_checkout_pod_kill_001,356290427,1781452135.0,1781452139.0,0,45,161 163 164 165 163 172 173 174 165 163 164 165 163 164 175 165 165 165 163 165 163 167 171 165 163 166 165 163 167 163 164 163 164 171 165 163 164 163 164 165 165 163 164 165 165,0.21324850618839264,1,2026-06-14 15:48:55+00:00,2026-06-14 15:48:59+00:00
all,verify_checkout_pod_kill_001,356290428,1781452140.0,1781452144.0,0,46,165 163 164 163 164 161 163 164 165 163 169 165 163 170 165 163 169 165 163 170 165 163 165 165 163 163 164 172 173 161 174 165 163 172 173 175 174 165 165 175 165 163 164 165 163 170,0.2093014419078827,1,2026-06-14 15:49:00+00:00,2026-06-14 15:49:04+00:00
all,verify_checkout_pod_kill_001,356290429,1781452145.0,1781452149.0,0,57,165 163 164 165 163 164 165 163 165 163 163 164 164 163 164 163 164 161 165 165 163 169 165 165 165 163 170 165 163 172 173 174 175 165 163 166 165 163 167 171 165 163 166 165 163 167 163 164 171 165 165 163 164 163 164 165 165,0.21645618975162506,1,2026-06-14 15:49:05+00:00,2026-06-14 15:49:09+00:00
all,verify_checkout_pod_kill_001,356290430,1781452150.0,1781452154.0,0,62,163 164 165 163 169 165 163 170 165 163 164 165 163 169 165 163 170 165 163 164 165 163 165 163 164 165 163 169 165 163 170 165 163 164 165 161 163 164 165 163 169 165 163 170 163 164 165 165 163 172 173 174 175 165 163 164 163 166 165 163 167 165,0.21794091165065765,1,2026-06-14 15:49:10+00:00,2026-06-14 15:49:14+00:00
all,verify_checkout_pod_kill_001,356290431,1781452155.0,1781452159.0,0,29,163 166 165 163 167 163 170 165 171 171 165 165 163 164 165 163 169 165 163 170 165 163 165 163 164 165 163 164 165,0.20453399419784546,0,2026-06-14 15:49:15+00:00,2026-06-14 15:49:19+00:00
all,verify_checkout_pod_kill_001,356290432,1781452160.0,1781452164.0,0,49,163 164 165 163 164 165 163 166 165 163 167 163 165 171 165 163 164 165 163 164 165 163 164 165 163 164 165 163 164 165 163 164 165 163 164 165 163 164 165 163 166 165 163 167 163 164 165 171 165,0.212198868393898,1,2026-06-14 15:49:20+00:00,2026-06-14 15:49:24+00:00
all,verify_checkout_pod_kill_001,356290433,1781452166.0,1781452169.0,0,24,163 164 165 163 166 165 163 167 163 165 171 165 163 164 165 163 169 165 163 170 163 164 165 165,0.19435836374759674,0,2026-06-14 15:49:26+00:00,2026-06-14 15:49:29+00:00
all,verify_checkout_pod_kill_001,356290434,1781452170.0,1781452174.0,0,29,163 170 165 163 170 165 163 164 165 163 164 163 165 165 163 164 165 163 170 165 163 164 165 163 164 165 163 164 165,0.20574402809143066,1,2026-06-14 15:49:30+00:00,2026-06-14 15:49:34+00:00
all,verify_checkout_pod_kill_001,356290435,1781452175.0,1781452179.0,0,20,163 164 165 163 165 163 164 165 163 164 165 163 164 165 163 164 165 163 164 165,0.1819099336862564,0,2026-06-14 15:49:35+00:00,2026-06-14 15:49:39+00:00
all,verify_checkout_pod_kill_001,356290436,1781452180.0,1781452184.0,0,55,163 170 163 164 165 165 163 169 165 163 170 165 163 164 165 163 164 165 163 164 165 163 164 165 163 164 165 163 165 163 164 165 163 164 165 163 169 165 163 170 165 163 164 165 163 164 165 163 164 165 163 169 165 163 170,0.21137171983718872,1,2026-06-14 15:49:40+00:00,2026-06-14 15:49:44+00:00
all,verify_checkout_pod_kill_001,356290437,1781452185.0,1781452189.0,0,29,165 163 170 165 163 170 165 163 164 165 163 165 163 167 171 165 163 170 165 163 166 165 163 167 163 166 165 163 167,0.20380334556102753,0,2026-06-14 15:49:45+00:00,2026-06-14 15:49:49+00:00
all,verify_checkout_pod_kill_001,356290438,1781452190.0,1781452194.0,0,53,161 163 164 171 171 165 165 165 163 164 165 163 169 165 163 170 165 163 172 173 174 175 165 163 164 165 163 164 165 163 164 165 163 165 163 164 165 163 170 165 163 164 165 163 166 165 163 167 163 164 165 171 165,0.21033236384391785,1,2026-06-14 15:49:50+00:00,2026-06-14 15:49:54+00:00
all,verify_checkout_pod_kill_001,356290439,1781452195.0,1781452199.0,0,68,163 164 165 163 170 165 163 170 165 163 164 165 163 169 165 163 170 163 170 163 164 165 163 165 165 165 163 164 165 163 169 165 163 170 165 163 170 165 163 166 165 163 167 163 164 165 163 167 171 165 171 165 163 164 165 163 164 163 164 165 163 166 165 163 167 165 171 165,0.22081167995929718,1,2026-06-14 15:49:55+00:00,2026-06-14 15:49:59+00:00
all,verify_checkout_pod_kill_001,356290440,1781452200.0,1781452201.0,0,26,163 164 165 163 170 165 163 170 165 163 164 163 164 165 165 163 165 163 164 165 163 169 165 163 170 165,0.19938868284225464,0,2026-06-14 15:50:00+00:00,2026-06-14 15:50:01+00:00
all,verify_checkout_pod_kill_001,356290441,1781452205.0,1781452209.0,0,53,163 164 165 161 163 166 165 163 167 171 165 163 170 163 165 164 165 163 169 165 163 170 163 165 165 163 172 173 174 175 165 163 164 163 164 165 163 169 165 163 170 165 165 163 164 165 163 167 171 165 163 164 165,0.20988939702510834,1,2026-06-14 15:50:05+00:00,2026-06-14 15:50:09+00:00
all,verify_checkout_pod_kill_001,356290442,1781452210.0,1781452214.0,0,42,163 170 165 163 164 165 163 164 165 163 164 165 163 169 165 163 170 165 163 165 163 166 165 163 167 171 165 163 170 165 163 164 165 163 169 165 163 170 165 163 164 165,0.20684681832790375,1,2026-06-14 15:50:10+00:00,2026-06-14 15:50:14+00:00
all,verify_checkout_pod_kill_001,356290443,1781452215.0,1781452219.0,0,49,163 164 165 163 164 165 163 164 165 163 164 165 163 165 163 164 165 163 164 165 163 169 165 163 170 165 163 170 165 163 164 165 163 164 165 163 169 165 163 170 165 163 164 165 163 169 165 163 170,0.2084437906742096,1,2026-06-14 15:50:15+00:00,2026-06-14 15:50:19+00:00
all,verify_checkout_pod_kill_001,356290444,1781452220.0,1781452224.0,0,31,165 163 166 165 163 167 163 164 165 163 169 165 163 170 165 171 165 163 165 163 164 165 163 164 165 163 164 165 163 164 165,0.20448128879070282,0,2026-06-14 15:50:20+00:00,2026-06-14 15:50:24+00:00
all,verify_checkout_pod_kill_001,356290445,1781452225.0,1781452229.0,0,55,163 166 165 163 167 171 165 163 164 165 163 169 165 163 170 165 163 170 165 163 164 165 163 165 163 164 161 165 163 169 165 163 170 165 163 172 173 174 175 165 163 170 165 163 170 165 163 170 165 163 170 165 163 164 165,0.20751319825649261,1,2026-06-14 15:50:25+00:00,2026-06-14 15:50:29+00:00
all,verify_checkout_pod_kill_001,356290446,1781452230.0,1781452234.0,0,48,163 170 165 163 166 165 163 167 171 165 163 164 165 163 165 163 166 165 163 167 171 165 163 164 165 163 169 165 163 170 165 163 166 165 163 167 163 164 165 171 165 163 166 165 163 167 171 165,0.2056114375591278,1,2026-06-14 15:50:30+00:00,2026-06-14 15:50:34+00:00
all,verify_checkout_pod_kill_001,356290447,1781452235.0,1781452239.0,0,40,163 166 165 163 167 171 165 163 167 171 165 163 165 163 167 171 165 163 166 165 163 167 171 165 163 166 165 163 167 171 165 163 164 165 163 164 165 163 164 165,0.20634685456752777,1,2026-06-14 15:50:35+00:00,2026-06-14 15:50:39+00:00
all,verify_checkout_pod_kill_001,356290448,1781452241.0,1781452244.0,0,26,163 164 165 163 170 165 163 164 165 163 165 163 164 165 163 164 165 163 164 165 163 170 165 163 164 165,0.19819378852844238,0,2026-06-14 15:50:41+00:00,2026-06-14 15:50:44+00:00
all,verify_checkout_pod_kill_001,356290449,1781452245.0,1781452248.0,0,41,163 170 165 163 164 165 163 169 165 163 170 165 163 164 165 163 165 163 164 165 163 164 165 163 169 165 163 170 165 163 164 165 163 169 165 163 170 165 163 164 165,0.20506756007671356,1,2026-06-14 15:50:45+00:00,2026-06-14 15:50:48+00:00
all,verify_checkout_pod_kill_001,356290450,1781452250.0,1781452254.0,0,72,163 166 165 163 167 171 165 163 167 171 165 163 166 165 163 167 171 165 163 167 163 165 163 164 165 163 169 165 171 163 170 165 165 161 163 164 165 163 169 165 163 170 165 163 164 163 172 173 174 165 163 169 165 163 170 175 165 165 163 164 165 163 170 165 163 170 165 163 166 165 163 167,0.2202729433774948,1,2026-06-14 15:50:50+00:00,2026-06-14 15:50:54+00:00
all,verify_checkout_pod_kill_001,356290451,1781452255.0,1781452259.0,0,33,171 165 163 164 165 163 165 163 164 165 163 170 165 163 164 163 164 165 165 163 166 165 163 167 163 167 171 165 171 165 163 164 165,0.20629215240478516,1,2026-06-14 15:50:55+00:00,2026-06-14 15:50:59+00:00
all,verify_checkout_pod_kill_001,356290452,1781452260.0,1781452264.0,0,36,163 170 165 163 166 165 163 167 163 166 165 163 167 171 165 171 165 163 170 165 163 165 163 164 165 163 164 165 163 164 165 163 164 165 163 164,0.21257668733596802,1,2026-06-14 15:51:00+00:00,2026-06-14 15:51:04+00:00
all,verify_checkout_pod_kill_001,356290453,1781452265.0,1781452269.0,0,48,165 163 166 165 163 167 171 165 163 167 171 165 163 165 163 164 165 163 164 165 163 164 165 163 169 165 163 170 165 163 164 165 163 164 165 163 164 165 163 170 165 163 164 165 163 167 171 165,0.2122357189655304,1,2026-06-14 15:51:05+00:00,2026-06-14 15:51:09+00:00
all,verify_checkout_pod_kill_001,356290454,1781452270.0,1781452274.0,0,34,163 166 165 163 167 171 165 163 165 163 164 165 163 170 165 163 164 165 163 166 165 163 167 163 164 165 163 164 171 165 165 163 164 165,0.21041977405548096,1,2026-06-14 15:51:10+00:00,2026-06-14 15:51:14+00:00
all,verify_checkout_pod_kill_001,356290455,1781452275.0,1781452279.0,0,61,161 163 164 165 163 164 165 163 169 165 163 170 165 163 172 173 163 166 165 163 167 174 175 165 163 164 165 163 164 165 171 165 163 165 163 164 165 163 164 165 163 164 165 163 169 165 163 170 165 163 164 165 163 164 165 163 169 165 163 170 165,0.21936558187007904,1,2026-06-14 15:51:15+00:00,2026-06-14 15:51:19+00:00
all,verify_checkout_pod_kill_001,356290456,1781452280.0,1781452284.0,0,43,163 164 163 166 165 163 167 165 163 164 165 171 165 163 170 163 165 165 163 164 165 163 164 165 163 164 165 163 164 165 163 166 165 163 167 171 165 163 164 165 163 164 165,0.21065789461135864,1,2026-06-14 15:51:20+00:00,2026-06-14 15:51:24+00:00
all,verify_checkout_pod_kill_001,356290457,1781452285.0,1781452289.0,0,36,163 164 165 163 164 165 163 166 165 163 167 171 165 163 165 163 164 165 163 170 165 163 164 165 163 164 165 163 169 165 163 170 165 163 164 165,0.21215718984603882,1,2026-06-14 15:51:25+00:00,2026-06-14 15:51:29+00:00
all,verify_checkout_pod_kill_001,356290458,1781452290.0,1781452294.0,0,35,163 166 165 163 167 171 165 163 165 163 164 165 163 166 165 163 167 171 165 163 164 165 163 166 165 163 167 171 165 163 164 163 164 165 165,0.2116250991821289,1,2026-06-14 15:51:30+00:00,2026-06-14 15:51:34+00:00
all,verify_checkout_pod_kill_001,356290459,1781452295.0,1781452298.0,0,50,163 170 165 163 166 165 163 167 171 165 163 165 163 170 161 165 163 164 165 163 164 165 163 169 165 163 170 165 163 172 173 174 175 165 163 164 165 163 170 165 163 166 165 163 167 163 164 165 171 165,0.21369506418704987,1,2026-06-14 15:51:35+00:00,2026-06-14 15:51:38+00:00
all,verify_checkout_pod_kill_001,356290460,1781452300.0,1781452304.0,0,52,163 164 165 163 164 165 163 164 165 163 164 165 163 165 163 164 165 163 164 165 163 169 165 163 170 165 163 166 165 163 167 171 165 163 164 165 163 164 165 163 169 165 163 170 163 166 165 163 167 165 163 164,0.21683962643146515,1,2026-06-14 15:51:40+00:00,2026-06-14 15:51:44+00:00
all,verify_checkout_pod_kill_001,356290461,1781452305.0,1781452309.0,0,58,165 163 169 165 163 170 171 165 165 163 170 165 163 165 163 164 163 164 165 163 169 165 165 163 166 165 163 170 163 167 163 170 165 165 171 165 163 164 165 161 163 170 165 163 164 165 163 169 165 163 170 165 163 172 173 174 175 165,0.2191505879163742,1,2026-06-14 15:51:45+00:00,2026-06-14 15:51:49+00:00
all,verify_checkout_pod_kill_001,356290462,1781452310.0,1781452313.0,0,43,163 164 165 163 169 165 163 170 163 164 165 165 163 164 165 163 164 165 163 170 165 163 165 163 166 165 163 167 171 165 163 164 165 163 166 165 163 167 171 165 163 164 165,0.21266083419322968,1,2026-06-14 15:51:50+00:00,2026-06-14 15:51:53+00:00
all,verify_checkout_pod_kill_001,356290463,1781452315.0,1781452319.0,0,52,163 164 165 163 170 165 163 164 165 163 165 161 163 164 165 163 169 165 163 170 165 163 164 165 163 169 165 163 170 165 163 172 173 174 175 165 163 164 165 163 164 165 163 170 165 163 164 165 163 167 171 165,0.2172517031431198,1,2026-06-14 15:51:55+00:00,2026-06-14 15:51:59+00:00
all,verify_checkout_pod_kill_001,356290464,1781452320.0,1781452324.0,0,38,163 166 165 163 167 163 167 163 164 165 163 164 171 171 165 165 165 163 170 165 163 165 163 166 165 163 167 171 165 163 170 165 163 164 165 163 164 165,0.2147248387336731,1,2026-06-14 15:52:00+00:00,2026-06-14 15:52:04+00:00
all,verify_checkout_pod_kill_001,356290465,1781452325.0,1781452329.0,0,46,163 164 165 163 170 165 163 165 163 164 165 163 164 165 163 166 165 163 167 171 165 163 164 165 163 164 165 163 164 165 163 169 165 163 167 163 170 165 171 165 163 170 165 163 164 165,0.21393592655658722,1,2026-06-14 15:52:05+00:00,2026-06-14 15:52:09+00:00
all,verify_checkout_pod_kill_001,356290466,1781452331.0,1781452334.0,0,37,163 170 165 163 164 165 163 169 165 163 170 165 163 165 163 170 165 163 166 165 163 167 163 167 171 165 171 165 163 164 165 163 169 165 163 170 165,0.2140001505613327,1,2026-06-14 15:52:11+00:00,2026-06-14 15:52:14+00:00
all,verify_checkout_pod_kill_001,356290467,1781452335.0,1781452339.0,0,33,163 164 165 163 166 165 163 167 163 170 165 171 165 163 165 163 164 165 163 164 165 163 164 165 163 164 165 163 170 165 163 170 165,0.2127966433763504,1,2026-06-14 15:52:15+00:00,2026-06-14 15:52:19+00:00
all,verify_checkout_pod_kill_001,356290468,1781452340.0,1781452344.0,0,49,163 164 165 163 166 165 163 167 171 165 163 165 163 164 165 163 164 165 163 169 165 163 170 165 163 166 165 163 167 171 165 163 164 165 163 164 165 163 164 165 163 169 165 163 170 165 163 170 165,0.21262477338314056,1,2026-06-14 15:52:20+00:00,2026-06-14 15:52:24+00:00
all,verify_checkout_pod_kill_001,356290469,1781452345.0,1781452349.0,0,51,163 167 171 165 163 170 165 163 170 165 163 164 165 163 165 163 164 165 163 164 165 163 170 163 164 165 165 163 164 161 165 163 164 165 163 169 165 163 170 165 163 172 173 174 175 165 163 166 165 163 167,0.2118167132139206,1,2026-06-14 15:52:25+00:00,2026-06-14 15:52:29+00:00
all,verify_checkout_pod_kill_001,356290470,1781452350.0,1781452354.0,0,56,171 165 163 164 165 163 164 165 163 165 163 164 165 163 170 165 163 164 165 163 169 165 163 170 165 163 164 165 161 163 164 165 163 169 165 163 170 165 163 172 173 174 175 165 163 166 165 163 167 171 165 163 166 165 163 167,0.21434153616428375,1,2026-06-14 15:52:30+00:00,2026-06-14 15:52:34+00:00
all,verify_checkout_pod_kill_001,356290471,1781452355.0,1781452359.0,0,55,171 165 163 164 165 163 164 165 163 164 165 163 170 165 163 165 163 164 165 163 164 165 163 167 171 165 163 164 165 163 164 165 163 169 165 163 170 165 163 164 165 163 166 165 163 167 163 167 171 165 171 165 163 164 165,0.21517153084278107,1,2026-06-14 15:52:35+00:00,2026-06-14 15:52:39+00:00
all,verify_checkout_pod_kill_001,356290472,1781452360.0,1781452364.0,0,24,163 166 165 163 167 171 165 163 170 165 163 165 163 164 165 163 164 165 163 164 165 163 164 165,0.19498498737812042,0,2026-06-14 15:52:40+00:00,2026-06-14 15:52:44+00:00
all,verify_checkout_pod_kill_001,356290473,1781452365.0,1781452369.0,0,45,163 164 165 163 164 165 163 165 163 164 165 163 163 164 164 165 165 163 169 165 163 170 165 163 164 165 163 166 165 163 167 163 170 171 165 165 163 170 165 163 170 165 163 164 165,0.21123142540454865,1,2026-06-14 15:52:45+00:00,2026-06-14 15:52:49+00:00
all,verify_checkout_pod_kill_001,356290474,1781452370.0,1781452374.0,0,52,163 164 165 163 164 165 163 169 165 163 170 165 163 164 165 163 170 163 164 165 165 163 165 163 166 165 163 167 171 165 163 164 165 163 166 165 163 167 163 164 165 163 169 165 163 170 165 171 165 163 164 165,0.21366311609745026,1,2026-06-14 15:52:50+00:00,2026-06-14 15:52:54+00:00
all,verify_checkout_pod_kill_001,356290475,1781452375.0,1781452379.0,0,61,163 164 165 163 169 165 163 170 163 164 161 161 163 170 163 164 165 165 163 169 163 172 173 165 165 163 170 165 174 163 165 175 165 165 163 172 173 174 175 165 163 164 165 163 164 165 163 164 165 163 164 165 163 170 165 163 164 165 163 164 165,0.2203737497329712,1,2026-06-14 15:52:55+00:00,2026-06-14 15:52:59+00:00
all,verify_checkout_pod_kill_001,356290476,1781452380.0,1781452384.0,0,36,163 164 165 163 165 163 170 165 163 166 165 163 167 163 164 165 163 164 171 165 165 163 169 165 163 170 165 163 164 165 163 170 165 163 164 165,0.21277502179145813,1,2026-06-14 15:53:00+00:00,2026-06-14 15:53:04+00:00
all,verify_checkout_pod_kill_001,356290477,1781452385.0,1781452389.0,0,23,163 164 165 163 169 165 163 170 165 163 165 163 164 165 163 164 165 163 164 165 163 170 165,0.19239938259124756,0,2026-06-14 15:53:05+00:00,2026-06-14 15:53:09+00:00
all,verify_checkout_pod_kill_001,356290478,1781452390.0,1781452394.0,0,58,163 164 165 163 164 165 163 165 163 164 163 164 165 165 163 164 165 163 164 165 161 163 164 165 163 169 165 163 170 165 163 172 173 174 175 165 163 164 165 163 169 161 165 163 170 165 163 172 173 174 175 165 163 164 163 164 165 165,0.21721163392066956,1,2026-06-14 15:53:10+00:00,2026-06-14 15:53:14+00:00
all,verify_checkout_pod_kill_001,356290479,1781452395.0,1781452399.0,0,46,163 170 165 163 164 165 163 170 165 163 164 163 166 165 163 167 165 163 167 171 165 163 165 171 165 163 164 165 163 164 163 170 165 163 169 165 163 170 165 165 163 170 165 163 164 165,0.21254561841487885,1,2026-06-14 15:53:15+00:00,2026-06-14 15:53:19+00:00
all,verify_checkout_pod_kill_001,356290480,1781452400.0,1781452404.0,0,52,163 164 165 163 164 165 163 164 165 163 166 165 163 167 171 165 163 165 163 164 163 164 165 165 163 170 165 161 163 164 165 163 169 163 170 165 163 170 165 165 163 172 173 174 175 165 163 164 163 164 165 165,0.21379350125789642,1,2026-06-14 15:53:20+00:00,2026-06-14 15:53:24+00:00
all,verify_checkout_pod_kill_001,356290481,1781452405.0,1781452409.0,0,60,163 164 165 163 164 165 161 163 164 165 163 169 165 163 170 165 163 172 173 174 175 165 163 164 165 163 165 163 164 165 163 169 165 163 170 165 163 164 165 163 164 165 163 169 165 163 170 165 163 164 165 163 169 165 163 170 165 163 170 165,0.21920597553253174,1,2026-06-14 15:53:25+00:00,2026-06-14 15:53:29+00:00
all,verify_checkout_pod_kill_001,356290482,1781452410.0,1781452413.0,0,34,163 164 165 163 169 165 163 170 165 163 167 171 165 163 167 171 165 163 165 163 164 165 163 164 165 163 169 165 163 170 165 163 164 165,0.2109164297580719,1,2026-06-14 15:53:30+00:00,2026-06-14 15:53:33+00:00
all,verify_checkout_pod_kill_001,356290483,1781452415.0,1781452418.0,0,45,163 164 165 163 164 165 163 169 165 163 170 165 163 170 165 163 170 165 163 164 165 163 169 165 163 170 165 163 165 163 164 165 163 166 165 163 167 163 164 165 171 165 163 170 165,0.21131497621536255,1,2026-06-14 15:53:35+00:00,2026-06-14 15:53:38+00:00
all,verify_checkout_pod_kill_001,356290484,1781452420.0,1781452424.0,0,45,163 164 165 163 164 165 163 165 163 164 165 163 166 165 163 167 163 164 171 165 165 163 164 165 163 170 165 163 164 165 163 164 165 163 170 163 164 165 163 169 165 163 170 165 165,0.21737927198410034,1,2026-06-14 15:53:40+00:00,2026-06-14 15:53:44+00:00
all,verify_checkout_pod_kill_001,356290485,1781452425.0,1781452429.0,0,46,163 164 165 163 169 165 163 170 165 163 164 165 163 164 165 163 165 163 170 165 163 166 165 163 167 171 165 163 166 165 163 167 163 164 165 171 165 163 164 165 163 169 165 163 170 165,0.2171584963798523,1,2026-06-14 15:53:45+00:00,2026-06-14 15:53:49+00:00
all,verify_checkout_pod_kill_001,356290486,1781452430.0,1781452434.0,0,52,163 166 165 163 167 163 166 165 163 167 163 164 165 163 164 171 171 165 165 165 163 170 163 165 165 163 164 165 163 164 165 163 169 165 163 170 165 163 164 165 163 169 165 163 170 165 163 164 165 163 164 165,0.2202758491039276,1,2026-06-14 15:53:50+00:00,2026-06-14 15:53:54+00:00
all,verify_checkout_pod_kill_001,356290487,1781452435.0,1781452439.0,0,23,163 164 165 163 170 165 163 165 163 164 165 163 167 163 164 165 171 165 163 164 165 163 167,0.19592250883579254,0,2026-06-14 15:53:55+00:00,2026-06-14 15:53:59+00:00
all,verify_checkout_pod_kill_001,356290488,1781452440.0,1781452444.0,0,46,171 165 163 164 165 163 164 163 164 165 165 163 164 165 163 169 165 163 170 165 163 165 163 164 165 163 164 163 164 165 165 163 169 163 169 165 165 163 170 163 170 165 165 163 164 165,0.21733996272087097,1,2026-06-14 15:54:00+00:00,2026-06-14 15:54:04+00:00
all,verify_checkout_pod_kill_001,356290489,1781452446.0,1781452449.0,0,43,163 166 165 163 167 171 165 163 166 165 163 167 163 164 163 165 165 171 165 163 164 165 163 164 165 163 170 165 163 164 165 163 169 165 163 170 165 163 164 165 163 164 165,0.21598856151103973,1,2026-06-14 15:54:06+00:00,2026-06-14 15:54:09+00:00
all,verify_checkout_pod_kill_001,356290490,1781452450.0,1781452454.0,0,50,163 164 165 163 169 165 163 170 165 163 165 163 164 165 163 164 165 163 164 165 163 164 163 164 165 165 163 164 165 163 169 165 163 170 165 163 164 163 164 165 165 163 169 165 163 170 165 163 164 165,0.2196161299943924,1,2026-06-14 15:54:10+00:00,2026-06-14 15:54:14+00:00
all,verify_checkout_pod_kill_001,356290491,1781452455.0,1781452459.0,0,41,163 164 165 163 169 165 163 170 165 163 165 163 164 165 163 169 165 163 170 165 163 164 163 164 165 165 163 164 165 163 164 165 163 169 165 163 170 165 163 170 165,0.21561311185359955,1,2026-06-14 15:54:15+00:00,2026-06-14 15:54:19+00:00
all,verify_checkout_pod_kill_001,356290492,1781452460.0,1781452464.0,0,40,163 164 165 163 164 165 163 165 163 170 163 164 165 165 163 164 165 163 169 165 163 170 165 163 170 165 163 164 165 163 164 165 163 164 165 163 169 165 163 170,0.20475494861602783,0,2026-06-14 15:54:20+00:00,2026-06-14 15:54:24+00:00
all,verify_checkout_pod_kill_001,356290493,1781452465.0,1781452469.0,0,61,161 165 163 164 165 163 169 165 163 170 163 164 165 165 163 172 173 174 175 165 163 165 163 164 165 163 164 165 163 164 165 163 164 165 163 164 165 163 164 165 163 169 165 163 170 165 163 170 163 170 163 164 165 165 165 163 164 165 163 164 165,0.21069027483463287,1,2026-06-14 15:54:25+00:00,2026-06-14 15:54:29+00:00
all,verify_checkout_pod_kill_001,356290494,1781452470.0,1781452474.0,0,53,163 166 165 163 167 171 165 163 164 165 163 164 165 163 165 163 164 161 165 163 169 165 163 170 165 163 172 173 174 175 165 163 164 163 164 165 165 163 170 165 163 166 165 163 167 171 165 163 164 165 163 164 165,0.20631206035614014,1,2026-06-14 15:54:30+00:00,2026-06-14 15:54:34+00:00
all,verify_checkout_pod_kill_001,356290495,1781452476.0,1781452479.0,0,54,163 164 165 163 169 165 163 170 165 163 164 165 163 166 165 163 167 163 165 171 165 163 164 165 163 169 165 163 170 163 164 165 165 163 164 165 163 164 165 163 169 165 163 170 165 163 164 165 163 164 165 163 170 165,0.2072664052248001,1,2026-06-14 15:54:36+00:00,2026-06-14 15:54:39+00:00
all,verify_checkout_pod_kill_001,356290496,1781452481.0,1781452484.0,0,41,163 164 165 163 165 163 164 165 163 170 165 163 170 165 163 164 165 163 164 165 163 169 165 163 170 165 163 164 165 163 164 165 163 164 165 163 164 165 163 164 165,0.205093652009964,1,2026-06-14 15:54:41+00:00,2026-06-14 15:54:44+00:00
all,verify_checkout_pod_kill_001,356290497,1781452485.0,1781452489.0,0,30,163 164 165 163 169 165 163 170 165 163 164 163 165 165 163 170 163 164 165 165 163 166 165 163 167 171 165 163 170 165,0.2022431641817093,0,2026-06-14 15:54:45+00:00,2026-06-14 15:54:49+00:00
all,verify_checkout_pod_kill_001,356290498,1781452490.0,1781452494.0,0,32,163 164 163 170 165 165 163 170 163 164 165 165 163 164 165 163 164 165 163 164 165 163 165 163 164 165 163 164 165 163 170 165,0.20552222430706024,1,2026-06-14 15:54:50+00:00,2026-06-14 15:54:54+00:00
all,verify_checkout_pod_kill_001,356290499,1781452495.0,1781452499.0,0,73,163 164 165 163 169 165 163 170 165 163 164 165 163 164 165 163 164 165 163 164 165 161 163 165 163 164 165 163 169 165 163 170 165 163 172 173 174 175 165 163 164 163 164 165 163 169 165 163 170 165 163 169 165 163 170 165 165 163 170 165 163 166 165 163 167 163 164 165 171 165 163 170 165,0.21981702744960785,1,2026-06-14 15:54:55+00:00,2026-06-14 15:54:59+00:00
all,verify_checkout_pod_kill_001,356290500,1781452500.0,1781452504.0,0,48,163 167 163 167 163 164 171 165 165 163 164 165 163 169 165 163 170 171 165 165 163 164 165 163 165 163 170 165 163 164 165 163 169 165 163 170 165 163 164 165 163 169 165 163 170 163 167 165,0.2125106006860733,1,2026-06-14 15:55:00+00:00,2026-06-14 15:55:04+00:00
all,verify_checkout_pod_kill_001,356290501,1781452505.0,1781452509.0,0,59,171 165 163 164 165 163 166 165 163 167 163 164 163 167 165 163 165 171 165 171 165 163 164 165 163 164 165 163 164 165 161 163 164 165 163 169 165 163 170 165 163 172 173 174 175 165 163 170 163 164 165 163 166 165 163 167 165 171 165,0.2183007448911667,1,2026-06-14 15:55:05+00:00,2026-06-14 15:55:09+00:00
all,verify_checkout_pod_kill_001,356290502,1781452510.0,1781452514.0,0,49,163 170 165 163 166 165 163 167 163 165 171 165 163 164 165 163 164 165 163 164 165 161 163 164 165 163 169 165 163 170 165 163 172 173 174 175 165 163 164 165 163 169 163 164 165 163 170 165 165,0.21400319039821625,1,2026-06-14 15:55:10+00:00,2026-06-14 15:55:14+00:00
all,verify_checkout_pod_kill_001,356290503,1781452515.0,1781452519.0,0,41,163 170 165 163 164 165 163 165 163 170 165 163 164 165 163 166 165 163 167 171 165 163 170 163 170 165 165 163 164 165 163 164 165 163 164 165 163 164 165 163 164,0.21293751895427704,1,2026-06-14 15:55:15+00:00,2026-06-14 15:55:19+00:00
all,verify_checkout_pod_kill_001,356290504,1781452520.0,1781452524.0,0,37,165 163 169 165 163 170 165 163 164 165 163 165 163 164 165 163 164 163 167 165 171 165 163 164 165 163 169 165 163 170 163 164 163 164 165 163 164,0.2140456587076187,1,2026-06-14 15:55:20+00:00,2026-06-14 15:55:24+00:00
all,verify_checkout_pod_kill_001,356290505,1781452525.0,1781452528.0,0,46,161 165 163 170 165 163 172 173 165 163 169 163 164 165 163 170 165 165 174 175 165 165 163 164 165 163 165 163 170 165 163 164 165 163 164 165 163 164 165 163 166 165 163 167 171 165,0.21240700781345367,1,2026-06-14 15:55:25+00:00,2026-06-14 15:55:28+00:00
all,verify_checkout_pod_kill_001,356290506,1781452531.0,1781452534.0,0,34,163 164 165 163 169 165 163 170 165 163 170 163 165 163 170 165 165 163 167 171 165 163 166 165 163 167 163 170 171 165 165 163 164 165,0.2111194133758545,1,2026-06-14 15:55:31+00:00,2026-06-14 15:55:34+00:00
all,verify_checkout_pod_kill_001,356290507,1781452535.0,1781452539.0,0,53,163 164 165 163 170 165 163 170 163 170 165 165 163 165 163 164 165 163 166 165 163 167 171 165 163 164 165 161 163 164 165 163 169 165 163 170 165 163 172 173 163 166 165 163 167 174 175 165 163 164 165 171 165,0.21481113135814667,1,2026-06-14 15:55:35+00:00,2026-06-14 15:55:39+00:00
all,verify_checkout_pod_kill_001,356290508,1781452540.0,1781452544.0,0,41,163 164 165 163 169 165 163 170 165 161 163 165 163 164 165 163 169 165 163 170 165 163 172 173 174 175 165 163 164 165 163 164 165 163 164 165 163 170 163 164 165,0.21626527607440948,1,2026-06-14 15:55:40+00:00,2026-06-14 15:55:44+00:00
all,verify_checkout_pod_kill_001,356290509,1781452545.0,1781452549.0,0,34,165 163 164 165 163 164 165 163 164 165 163 165 163 164 165 163 164 165 163 169 165 163 170 165 163 166 165 163 167 171 165 163 170 165,0.21455878019332886,1,2026-06-14 15:55:45+00:00,2026-06-14 15:55:49+00:00
all,verify_checkout_pod_kill_001,356290510,1781452550.0,1781452554.0,0,46,163 164 165 163 165 163 170 165 163 164 165 163 166 165 163 167 171 165 163 164 165 163 166 165 163 167 171 165 163 164 165 163 164 165 163 164 165 163 169 165 163 170 165 163 164 165,0.21767747402191162,1,2026-06-14 15:55:50+00:00,2026-06-14 15:55:54+00:00
all,verify_checkout_pod_kill_001,356290511,1781452556.0,1781452559.0,0,36,163 164 165 163 165 163 164 165 163 169 165 163 170 165 163 164 165 163 164 165 161 163 164 165 163 169 165 163 170 165 163 172 173 174 175 165,0.21575020253658295,1,2026-06-14 15:55:56+00:00,2026-06-14 15:55:59+00:00
all,verify_checkout_pod_kill_001,356290512,1781452561.0,1781452564.0,0,39,163 164 165 163 164 165 163 165 163 166 165 163 167 163 164 165 171 165 163 166 165 163 167 163 164 165 171 165 163 170 165 163 164 165 163 166 165 163 167,0.21690301597118378,1,2026-06-14 15:56:01+00:00,2026-06-14 15:56:04+00:00
all,verify_checkout_pod_kill_001,356290513,1781452565.0,1781452569.0,0,45,171 165 163 166 165 163 167 163 170 165 171 165 163 164 165 163 165 163 164 165 163 164 165 163 170 165 163 164 165 163 164 165 163 169 165 163 170 161 165 163 172 173 174 175 165,0.21497677266597748,1,2026-06-14 15:56:05+00:00,2026-06-14 15:56:09+00:00
all,verify_checkout_pod_kill_001,356290514,1781452570.0,1781452574.0,0,52,163 166 165 163 167 171 165 163 170 165 163 164 165 163 170 165 163 164 165 163 165 161 163 164 165 163 169 165 163 170 165 163 172 173 174 175 165 163 164 165 163 164 165 163 164 165 163 164 163 164 165 165,0.22075006365776062,1,2026-06-14 15:56:10+00:00,2026-06-14 15:56:14+00:00
all,verify_checkout_pod_kill_001,356290515,1781452575.0,1781452579.0,0,37,163 166 165 163 167 171 165 163 164 163 166 165 163 167 165 163 164 165 163 165 171 165 163 166 165 163 167 171 165 163 164 163 164 165 165 163 167,0.21725714206695557,1,2026-06-14 15:56:15+00:00,2026-06-14 15:56:19+00:00
all,verify_checkout_pod_kill_001,356290516,1781452580.0,1781452583.0,0,40,171 165 163 170 165 163 164 165 163 169 165 163 170 165 163 170 165 163 167 171 165 163 165 163 166 165 163 167 171 165 163 167 171 165 163 164 165 163 164 165,0.21585579216480255,1,2026-06-14 15:56:20+00:00,2026-06-14 15:56:23+00:00
all,verify_checkout_pod_kill_001,356290517,1781452585.0,1781452589.0,0,48,163 166 165 163 167 171 165 163 165 163 164 165 163 164 165 163 169 165 163 170 165 163 164 165 163 164 165 163 169 165 163 170 165 163 164 165 163 164 163 164 165 165 163 169 165 163 170 165,0.2172161340713501,1,2026-06-14 15:56:25+00:00,2026-06-14 15:56:29+00:00
all,verify_checkout_pod_kill_001,356290518,1781452590.0,1781452594.0,0,53,163 164 165 163 164 165 163 169 165 163 170 165 163 165 163 164 165 163 169 165 163 170 161 165 163 172 173 174 175 165 163 166 165 163 167 163 164 165 171 165 163 164 165 163 166 165 163 167 163 164 165 171 165,0.22043146193027496,1,2026-06-14 15:56:30+00:00,2026-06-14 15:56:34+00:00
all,verify_checkout_pod_kill_001,356290519,1781452595.0,1781452598.0,0,40,163 166 165 163 167 171 165 163 166 165 163 167 171 165 163 167 171 165 163 165 163 164 165 163 169 165 163 170 165 163 170 165 163 167 171 165 163 167 171 165,0.21518026292324066,1,2026-06-14 15:56:35+00:00,2026-06-14 15:56:38+00:00
all,verify_checkout_pod_kill_001,356290520,1781452601.0,1781452604.0,0,33,163 164 165 163 165 163 164 165 163 167 171 165 163 164 165 163 169 165 163 170 165 163 164 165 163 164 163 170 165 165 163 164 165,0.21400052309036255,1,2026-06-14 15:56:41+00:00,2026-06-14 15:56:44+00:00
all,verify_checkout_pod_kill_001,356290521,1781452606.0,1781452609.0,0,42,163 164 165 163 165 163 164 165 163 164 161 165 163 169 165 163 170 165 163 172 173 174 175 165 163 164 165 163 169 165 163 170 163 164 165 165 163 164 165 163 164 165,0.2161194533109665,1,2026-06-14 15:56:46+00:00,2026-06-14 15:56:49+00:00
all,verify_checkout_pod_kill_001,356290522,1781452610.0,1781452614.0,0,46,163 170 165 163 170 163 164 165 165 163 170 165 163 167 163 165 171 165 163 164 165 163 169 165 163 166 165 163 170 163 167 165 171 165 163 164 165 163 169 165 163 170 165 163 164 165,0.21665214002132416,1,2026-06-14 15:56:50+00:00,2026-06-14 15:56:54+00:00
all,verify_checkout_pod_kill_001,356290523,1781452615.0,1781452618.0,0,27,163 164 165 163 165 163 164 165 163 164 165 163 166 165 163 167 171 165 163 164 165 163 164 165 163 170 165,0.20709247887134552,1,2026-06-14 15:56:55+00:00,2026-06-14 15:56:58+00:00
all,verify_checkout_pod_kill_001,356290524,1781452620.0,1781452624.0,0,37,163 170 165 163 164 165 163 169 165 163 170 165 163 165 163 166 165 163 167 163 166 165 163 167 171 165 171 165 163 164 165 163 164 165 163 170 165,0.20938590168952942,1,2026-06-14 15:57:00+00:00,2026-06-14 15:57:04+00:00
all,verify_checkout_pod_kill_001,356290525,1781452625.0,1781452629.0,0,55,163 164 165 163 166 165 163 167 171 165 163 165 163 164 165 163 169 165 163 170 161 165 163 164 165 163 164 165 163 169 165 163 170 165 163 170 163 172 173 165 174 175 165 163 170 165 163 164 165 163 170 165 163 164 165,0.20944781601428986,1,2026-06-14 15:57:05+00:00,2026-06-14 15:57:09+00:00
all,verify_checkout_pod_kill_001,356290526,1781452630.0,1781452634.0,0,26,163 164 165 163 165 163 164 165 163 164 165 163 170 165 163 166 165 163 167 171 165 163 164 165 163 164,0.1996580958366394,0,2026-06-14 15:57:10+00:00,2026-06-14 15:57:14+00:00
all,verify_checkout_pod_kill_001,356290527,1781452635.0,1781452639.0,0,70,165 163 164 165 163 169 165 163 170 165 163 166 165 163 167 171 165 163 170 165 163 165 163 170 165 163 170 165 163 164 165 163 169 165 163 170 165 163 164 165 163 164 165 163 169 165 163 170 165 161 163 164 165 163 169 165 163 170 165 163 172 173 174 175 165 163 166 165 163 167,0.22053837776184082,1,2026-06-14 15:57:15+00:00,2026-06-14 15:57:19+00:00
all,verify_checkout_pod_kill_001,356290528,1781452640.0,1781452644.0,0,47,171 165 163 164 165 163 164 165 163 164 165 163 164 163 169 165 163 170 165 163 165 165 163 164 165 163 166 165 163 167 163 164 165 171 165 163 164 165 163 169 165 163 170 165 163 164 165,0.20706915855407715,1,2026-06-14 15:57:20+00:00,2026-06-14 15:57:24+00:00
all,verify_checkout_pod_kill_001,356290529,1781452645.0,1781452649.0,0,26,163 164 165 163 167 171 165 163 165 163 164 165 163 167 171 165 163 164 165 163 166 165 163 167 171 165,0.19835758209228516,0,2026-06-14 15:57:25+00:00,2026-06-14 15:57:29+00:00
all,verify_checkout_pod_kill_001,356290530,1781452650.0,1781452654.0,0,59,163 164 165 163 164 163 170 165 163 169 165 163 170 163 164 165 165 165 163 169 165 163 170 165 163 164 165 163 169 165 163 170 163 165 165 163 164 165 163 164 165 163 170 165 163 164 165 163 169 165 163 170 165 163 164 165 163 170 165,0.2111024260520935,1,2026-06-14 15:57:30+00:00,2026-06-14 15:57:34+00:00
all,verify_checkout_pod_kill_001,356290531,1781452656.0,1781452658.0,0,23,163 165 163 164 165 163 170 165 163 164 165 163 164 165 163 170 165 163 164 165 163 170 165,0.1903001070022583,0,2026-06-14 15:57:36+00:00,2026-06-14 15:57:38+00:00
all,verify_checkout_pod_kill_001,356290532,1781452660.0,1781452664.0,0,43,163 170 165 161 163 164 165 163 164 165 163 169 165 163 170 163 165 163 164 165 163 172 173 165 174 175 165 163 164 165 163 169 165 163 170 165 163 164 165 163 167 171 165,0.2100571244955063,1,2026-06-14 15:57:40+00:00,2026-06-14 15:57:44+00:00
all,verify_checkout_pod_kill_001,356290533,1781452665.0,1781452668.0,0,58,163 166 165 163 167 171 165 163 164 165 161 163 164 165 163 169 165 163 170 163 165 165 163 172 173 174 175 165 163 166 165 163 167 163 166 165 163 167 163 166 165 163 167 163 170 163 170 165 163 170 171 165 165 171 171 165 165 165,0.2173471599817276,1,2026-06-14 15:57:45+00:00,2026-06-14 15:57:48+00:00
all,verify_checkout_pod_kill_001,356290534,1781452671.0,1781452673.0,0,40,161 163 166 165 163 167 171 165 163 164 165 163 169 165 163 170 165 163 172 173 163 165 174 175 165 163 164 165 163 170 165 163 170 165 163 164 165 163 164 165,0.21098574995994568,1,2026-06-14 15:57:51+00:00,2026-06-14 15:57:53+00:00
all,verify_checkout_pod_kill_001,356290535,1781452675.0,1781452679.0,0,56,163 164 165 163 165 163 166 165 163 167 171 165 163 167 171 163 164 165 165 163 164 165 163 169 165 163 170 161 165 163 164 165 163 169 165 163 170 165 163 172 173 174 175 165 163 164 165 163 164 165 163 164 165 163 164 165,0.21551768481731415,1,2026-06-14 15:57:55+00:00,2026-06-14 15:57:59+00:00
all,verify_checkout_pod_kill_001,356290536,1781452680.0,1781452684.0,0,58,163 164 165 163 164 165 163 164 165 163 164 165 163 165 163 164 165 163 164 165 163 166 165 163 167 163 166 165 163 167 171 171 165 165 163 164 165 163 170 165 163 164 165 163 169 165 163 170 165 163 164 165 163 169 165 163 170 165,0.217015340924263,1,2026-06-14 15:58:00+00:00,2026-06-14 15:58:04+00:00
all,verify_checkout_pod_kill_001,356290537,1781452685.0,1781452689.0,0,35,163 164 165 163 164 165 163 169 165 163 170 163 170 165 165 163 165 163 170 165 163 164 165 163 164 165 163 164 165 163 164 165 163 164 165,0.21140755712985992,1,2026-06-14 15:58:05+00:00,2026-06-14 15:58:09+00:00
all,verify_checkout_pod_kill_001,356290538,1781452690.0,1781452694.0,0,61,163 164 165 163 169 165 163 170 165 163 166 165 163 167 171 165 163 164 163 164 163 164 165 165 165 163 164 165 163 165 163 170 165 163 164 165 163 169 165 163 170 165 163 164 165 163 170 165 163 164 163 166 165 163 167 165 171 165 163 170 165,0.21936438977718353,1,2026-06-14 15:58:10+00:00,2026-06-14 15:58:14+00:00
all,verify_checkout_pod_kill_001,356290539,1781452695.0,1781452699.0,0,30,163 164 165 163 164 165 163 169 165 163 170 165 163 165 163 170 165 163 170 165 163 170 165 163 164 165 163 164 163 164,0.20757818222045898,1,2026-06-14 15:58:15+00:00,2026-06-14 15:58:19+00:00
all,verify_checkout_pod_kill_001,356290540,1781452700.0,1781452704.0,0,64,165 165 163 169 165 163 170 165 163 170 165 163 166 165 163 167 171 165 163 164 165 163 165 163 164 165 161 163 164 165 163 169 165 163 170 163 164 165 163 169 165 163 170 165 165 163 172 173 174 175 165 163 164 165 163 164 165 163 166 165 163 167 163 167,0.21908193826675415,1,2026-06-14 15:58:20+00:00,2026-06-14 15:58:24+00:00
all,verify_checkout_pod_kill_001,356290541,1781452705.0,1781452709.0,0,38,171 165 171 165 163 165 163 170 165 163 164 165 163 169 165 163 170 165 163 172 173 161 163 166 165 163 167 174 175 165 171 165 163 164 165 163 164 165,0.21095378696918488,1,2026-06-14 15:58:25+00:00,2026-06-14 15:58:29+00:00
all,verify_checkout_pod_kill_001,356290542,1781452710.0,1781452714.0,0,48,163 164 165 163 164 165 163 164 165 163 164 165 163 165 163 164 165 163 169 165 163 170 165 163 170 165 163 164 165 163 164 165 163 164 165 163 169 165 163 170 165 163 166 165 163 167 171 165,0.20966652035713196,1,2026-06-14 15:58:30+00:00,2026-06-14 15:58:34+00:00
all,verify_checkout_pod_kill_001,356290543,1781452715.0,1781452719.0,0,43,163 164 161 165 163 169 165 163 170 165 163 172 173 163 164 174 175 165 165 163 164 163 165 165 163 164 165 163 164 165 163 166 165 163 167 171 165 163 164 165 163 164 165,0.2100110501050949,1,2026-06-14 15:58:35+00:00,2026-06-14 15:58:39+00:00
all,verify_checkout_pod_kill_001,356290544,1781452720.0,1781452724.0,0,45,163 164 165 163 164 165 163 164 165 163 164 165 163 166 165 163 167 171 165 163 165 163 164 165 163 164 165 163 170 165 163 166 165 163 167 171 165 163 164 165 183 184 163 164 165,0.20887166261672974,1,2026-06-14 15:58:40+00:00,2026-06-14 15:58:44+00:00
all,verify_checkout_pod_kill_001,356290545,1781452725.0,1781452729.0,0,40,185 186 163 164 165 163 164 165 163 164 165 163 165 163 166 165 163 167 171 165 163 166 165 163 167 171 165 163 166 165 163 167 163 164 165 171 165 163 170 165,0.20989030599594116,1,2026-06-14 15:58:45+00:00,2026-06-14 15:58:49+00:00
all,verify_checkout_pod_kill_001,356290546,1781452730.0,1781452734.0,0,55,163 166 165 163 167 171 165 163 170 163 164 165 165 163 164 165 163 164 165 163 169 165 163 170 165 163 165 163 164 165 163 166 165 163 167 171 165 163 170 165 163 164 165 163 169 165 163 170 165 163 164 165 163 164 165,0.2126249223947525,1,2026-06-14 15:58:50+00:00,2026-06-14 15:58:54+00:00
all,verify_checkout_pod_kill_001,356290547,1781452735.0,1781452739.0,0,53,13 2 187 4 5 161 163 164 165 163 164 165 163 169 165 163 170 165 163 172 173 174 175 165 163 170 165 163 164 165 163 165 163 164 165 163 164 165 163 170 165 163 164 165 163 169 165 163 170 165 163 164 165,0.29096534848213196,1,2026-06-14 15:58:55+00:00,2026-06-14 15:58:59+00:00
all,verify_checkout_pod_kill_001,356290548,1781452740.0,1781452744.0,0,40,163 167 171 165 163 164 165 163 164 165 163 169 165 163 170 165 163 165 163 164 165 163 169 165 163 170 165 163 164 165 163 164 165 163 167 171 165 163 170 165,0.20607347786426544,1,2026-06-14 15:59:00+00:00,2026-06-14 15:59:04+00:00
all,verify_checkout_pod_kill_001,356290549,1781452745.0,1781452749.0,0,35,163 167 171 165 163 164 165 163 164 165 163 170 165 163 164 165 163 165 163 164 165 163 169 165 163 170 165 163 164 165 163 170 165 163 164,0.2070602923631668,1,2026-06-14 15:59:05+00:00,2026-06-14 15:59:09+00:00
all,verify_checkout_pod_kill_001,356290550,1781452750.0,1781452754.0,0,53,35 2 188 4 5 161 165 163 164 165 163 169 165 163 170 165 163 172 173 174 175 165 163 164 165 163 165 163 164 165 163 170 165 163 164 165 163 164 165 163 164 165 163 164 165 163 169 165 163 170 165 163 170,0.28373709321022034,1,2026-06-14 15:59:10+00:00,2026-06-14 15:59:14+00:00
all,verify_checkout_pod_kill_001,356290551,1781452755.0,1781452759.0,1,36,165 163 164 165 163 164 165 163 165 163 164 165 6 2 189 4 5 161 163 164 165 163 169 165 163 170 165 163 172 173 174 175 165 163 164 165,0.32234492897987366,1,2026-06-14 15:59:15+00:00,2026-06-14 15:59:19+00:00
all,verify_checkout_pod_kill_001,356290552,1781452760.0,1781452764.0,1,72,163 164 165 163 164 165 163 165 163 170 165 163 164 165 163 164 165 163 164 165 163 166 165 163 167 171 165 13 2 190 4 5 35 2 191 4 5 161 161 163 164 165 163 169 165 163 170 165 163 172 173 163 164 174 163 164 165 163 169 165 163 170 175 165 165 165 163 172 173 174 175 165,0.3323039710521698,1,2026-06-14 15:59:20+00:00,2026-06-14 15:59:24+00:00
all,verify_checkout_pod_kill_001,356290553,1781452765.0,1781452769.0,1,49,163 166 165 163 167 163 164 163 164 165 165 163 169 165 163 164 163 170 171 165 165 163 169 163 170 165 163 170 165 165 165 163 165 163 166 165 163 167 171 165 163 164 165 163 164 165 163 164 165,0.206407368183136,1,2026-06-14 15:59:25+00:00,2026-06-14 15:59:29+00:00
all,verify_checkout_pod_kill_001,356290554,1781452770.0,1781452774.0,1,30,163 166 165 163 167 171 163 164 165 165 163 164 165 163 165 163 164 165 163 164 165 163 164 165 163 164 165 163 164 165,0.20385392010211945,0,2026-06-14 15:59:30+00:00,2026-06-14 15:59:34+00:00
all,verify_checkout_pod_kill_001,356290555,1781452775.0,1781452779.0,1,43,163 164 165 163 166 165 163 167 163 164 165 171 165 163 164 165 163 169 165 163 170 165 163 165 163 164 165 163 167 171 165 163 164 165 163 164 163 170 165 165 163 170 165,0.20527072250843048,1,2026-06-14 15:59:35+00:00,2026-06-14 15:59:39+00:00
all,verify_checkout_pod_kill_001,356290556,1781452781.0,1781452784.0,1,62,163 164 165 163 164 165 163 165 1 2 192 4 5 161 163 167 163 164 165 163 169 165 163 170 171 165 165 163 172 173 163 164 165 174 175 165 163 164 165 163 169 165 163 170 163 166 165 163 167 165 163 164 165 171 165 163 164 165 163 167 171 165,0.3183527886867523,1,2026-06-14 15:59:41+00:00,2026-06-14 15:59:44+00:00
all,verify_checkout_pod_kill_001,356290557,1781452785.0,1781452789.0,1,51,163 170 165 163 164 165 163 165 163 170 165 163 164 165 163 166 165 163 167 163 164 165 163 169 165 163 170 165 171 165 163 170 165 163 164 165 163 164 165 163 164 165 163 169 165 163 170 165 163 164 165,0.20548900961875916,1,2026-06-14 15:59:45+00:00,2026-06-14 15:59:49+00:00
all,verify_checkout_pod_kill_001,356290558,1781452790.0,1781452794.0,1,74,163 164 165 163 164 165 163 169 165 163 170 165 163 165 10 2 193 4 5 161 163 164 165 163 164 165 163 169 165 163 170 165 163 172 173 174 175 165 163 170 165 10 2 194 4 5 161 163 164 165 163 169 165 163 170 165 163 172 173 174 175 165 163 167 163 166 165 171 163 167 165 163 164 165,0.3284973204135895,1,2026-06-14 15:59:50+00:00,2026-06-14 15:59:54+00:00
all,verify_checkout_pod_kill_001,356290559,1781452795.0,1781452799.0,1,36,171 165 163 164 165 163 170 165 163 167 163 164 165 171 165 163 165 163 164 165 163 166 165 163 167 171 165 163 164 165 163 164 165 163 170 165,0.20609024167060852,1,2026-06-14 15:59:55+00:00,2026-06-14 15:59:59+00:00
all,verify_checkout_pod_kill_001,356290560,1781452800.0,1781452804.0,1,39,163 166 165 163 167 171 165 163 165 163 166 165 163 167 163 167 163 164 165 163 169 165 163 170 163 166 165 163 167 165 163 164 165 163 164 165 163 164 165,0.2068580687046051,1,2026-06-14 16:00:00+00:00,2026-06-14 16:00:04+00:00
all,verify_checkout_pod_kill_001,356290561,1781452805.0,1781452809.0,1,37,163 167 163 164 165 163 169 165 163 170 163 170 171 165 165 165 163 165 171 165 163 164 165 171 165 163 170 165 163 164 165 163 167 171 171 165 165,0.20576578378677368,1,2026-06-14 16:00:05+00:00,2026-06-14 16:00:09+00:00
all,verify_checkout_pod_kill_001,356290562,1781452810.0,1781452814.0,1,39,163 164 165 163 169 165 163 170 165 163 170 165 163 164 165 163 164 165 163 165 163 166 165 163 167 163 164 165 171 165 163 164 165 163 170 165 163 164 165,0.20550072193145752,1,2026-06-14 16:00:10+00:00,2026-06-14 16:00:14+00:00
all,verify_checkout_pod_kill_001,356290563,1781452815.0,1781452819.0,1,27,163 166 165 163 167 171 165 163 164 165 163 165 163 164 165 163 164 165 163 164 165 163 164 165 163 170 165,0.1991456151008606,0,2026-06-14 16:00:15+00:00,2026-06-14 16:00:19+00:00
all,verify_checkout_pod_kill_001,356290564,1781452820.0,1781452824.0,1,47,163 164 165 163 164 165 163 164 165 163 164 165 163 164 165 163 165 163 164 165 163 164 165 163 164 165 163 170 165 163 164 165 163 169 165 163 170 163 170 165 165 163 164 165 163 164 165,0.21352186799049377,1,2026-06-14 16:00:20+00:00,2026-06-14 16:00:24+00:00
all,verify_checkout_pod_kill_001,356290565,1781452825.0,1781452829.0,1,52,1 2 195 4 5 161 163 164 165 163 169 165 163 170 165 163 172 173 174 175 165 163 164 165 163 169 165 163 170 165 163 164 165 163 165 163 164 165 163 164 165 163 164 165 163 170 165 163 166 165 163 167,0.2960319221019745,1,2026-06-14 16:00:25+00:00,2026-06-14 16:00:29+00:00
all,verify_checkout_pod_kill_001,356290566,1781452830.0,1781452834.0,1,43,163 164 165 163 169 165 163 170 171 165 165 163 165 163 164 165 163 170 165 163 166 165 163 167 163 167 171 171 165 165 163 164 165 163 169 163 166 165 163 167 165 163 170,0.21088802814483643,1,2026-06-14 16:00:30+00:00,2026-06-14 16:00:34+00:00
all,verify_checkout_pod_kill_001,356290567,1781452835.0,1781452839.0,1,38,163 164 165 165 163 164 165 163 164 165 171 165 163 170 165 163 165 163 170 165 163 164 165 163 164 165 163 164 165 163 169 165 163 170 165 163 170 165,0.21345441043376923,1,2026-06-14 16:00:35+00:00,2026-06-14 16:00:39+00:00
all,verify_checkout_pod_kill_001,356290568,1781452840.0,1781452844.0,1,59,163 164 165 163 164 165 163 164 165 163 166 165 163 167 163 165 171 165 163 166 165 163 167 171 165 10 2 196 4 5 161 163 164 165 163 169 165 163 170 165 163 172 173 174 175 165 163 166 165 163 167 171 165 163 170 165 163 164 165,0.32400810718536377,1,2026-06-14 16:00:40+00:00,2026-06-14 16:00:44+00:00
all,verify_checkout_pod_kill_001,356290569,1781452845.0,1781452849.0,1,45,163 170 165 163 164 165 163 165 163 170 165 163 164 165 163 164 165 163 164 165 163 170 165 163 167 171 165 163 164 165 163 169 165 163 170 165 163 164 165 163 169 165 163 170 165,0.21150492131710052,1,2026-06-14 16:00:45+00:00,2026-06-14 16:00:49+00:00
all,verify_checkout_pod_kill_001,356290570,1781452850.0,1781452854.0,1,41,163 170 163 164 163 170 165 165 165 163 164 165 163 169 165 163 170 165 163 165 163 164 165 163 164 165 163 170 165 163 164 165 163 169 165 163 170 163 164 165 165,0.21139949560165405,1,2026-06-14 16:00:50+00:00,2026-06-14 16:00:54+00:00
all,verify_checkout_pod_kill_001,356290571,1781452855.0,1781452859.0,1,53,163 164 163 164 165 165 163 165 163 164 165 163 166 165 163 167 163 167 171 165 171 165 13 163 167 163 164 165 171 165 163 164 165 163 169 165 163 170 165 163 172 173 2 197 4 5 161 174 175 165 163 164 165,0.30452069640159607,1,2026-06-14 16:00:55+00:00,2026-06-14 16:00:59+00:00
all,verify_checkout_pod_kill_001,356290572,1781452860.0,1781452864.0,1,27,163 164 165 163 164 165 163 170 165 163 165 163 164 165 163 164 165 163 170 165 163 167 163 164 165 171 165,0.19434846937656403,0,2026-06-14 16:01:00+00:00,2026-06-14 16:01:04+00:00
all,verify_checkout_pod_kill_001,356290573,1781452865.0,1781452869.0,1,44,163 166 165 163 167 171 165 163 166 165 163 167 163 164 165 171 165 163 164 165 163 165 163 164 165 163 166 165 163 167 163 164 165 171 165 163 164 165 163 170 165 163 164 165,0.19710275530815125,0,2026-06-14 16:01:05+00:00,2026-06-14 16:01:09+00:00
all,verify_checkout_pod_kill_001,356290574,1781452870.0,1781452874.0,1,28,163 170 165 163 164 165 163 165 163 164 165 163 164 165 163 169 165 163 170 163 164 165 165 163 169 165 163 170,0.1945115327835083,0,2026-06-14 16:01:10+00:00,2026-06-14 16:01:14+00:00
all,verify_checkout_pod_kill_001,356290575,1781452875.0,1781452879.0,1,52,165 163 164 165 163 169 165 163 170 165 163 164 165 163 164 165 163 164 165 163 165 163 166 165 163 167 171 165 163 166 165 163 167 163 170 165 171 165 163 164 165 163 164 165 163 164 165 163 170 165 163 164,0.19788256287574768,0,2026-06-14 16:01:15+00:00,2026-06-14 16:01:19+00:00
all,verify_checkout_pod_kill_001,356290576,1781452880.0,1781452884.0,1,28,165 163 165 163 164 165 163 169 165 163 170 165 163 167 171 165 163 164 165 163 164 165 163 170 165 163 170 165,0.19509798288345337,0,2026-06-14 16:01:20+00:00,2026-06-14 16:01:24+00:00
all,verify_checkout_pod_kill_001,356290577,1781452885.0,1781452889.0,1,30,163 164 165 163 164 165 163 165 163 164 165 163 166 165 163 167 171 165 163 164 165 163 164 165 163 170 165 163 164 165,0.19791638851165771,0,2026-06-14 16:01:25+00:00,2026-06-14 16:01:29+00:00
all,verify_checkout_pod_kill_001,356290578,1781452890.0,1781452894.0,1,50,163 164 165 163 164 165 163 169 165 163 170 165 163 166 165 163 167 171 165 163 165 163 164 165 163 164 165 163 164 165 163 166 165 163 167 171 165 163 166 165 163 167 171 165 163 164 165 163 164 165,0.19766773283481598,0,2026-06-14 16:01:30+00:00,2026-06-14 16:01:34+00:00
all,verify_checkout_pod_kill_001,356290579,1781452895.0,1781452899.0,1,87,163 164 165 163 169 165 163 170 165 163 164 165 163 165 163 170 165 163 164 165 163 164 165 163 164 163 164 165 165 163 169 165 163 170 165 163 166 165 163 167 1 6 2 198 4 5 2 199 4 5 161 161 163 164 163 164 165 163 169 165 163 170 165 163 169 165 163 170 171 165 165 163 172 173 163 170 165 163 172 173 174 175 165 174 165 175 165,0.30416789650917053,1,2026-06-14 16:01:35+00:00,2026-06-14 16:01:39+00:00
all,verify_checkout_pod_kill_001,356290580,1781452900.0,1781452903.0,1,37,163 164 165 163 169 165 163 170 165 163 164 165 163 167 171 165 163 170 165 163 165 163 170 163 164 165 165 163 164 165 163 166 165 163 167 171 165,0.19978949427604675,0,2026-06-14 16:01:40+00:00,2026-06-14 16:01:43+00:00
all,verify_checkout_pod_kill_001,356290581,1781452905.0,1781452909.0,1,53,163 164 165 163 164 165 163 164 165 163 165 163 164 165 163 164 165 163 169 165 163 170 165 163 164 165 163 164 165 163 169 165 163 170 163 170 165 165 163 164 165 163 164 165 163 164 165 163 169 165 163 170 165,0.19756264984607697,0,2026-06-14 16:01:45+00:00,2026-06-14 16:01:49+00:00
all,verify_checkout_pod_kill_001,356290582,1781452910.0,1781452914.0,1,41,163 164 165 163 166 165 163 164 163 167 165 171 165 163 165 163 167 171 165 163 164 165 163 169 165 163 170 165 163 164 165 163 164 165 163 166 165 163 167 171 165,0.19760653376579285,0,2026-06-14 16:01:50+00:00,2026-06-14 16:01:54+00:00
all,verify_checkout_pod_kill_001,356290583,1781452915.0,1781452919.0,1,41,163 164 165 163 164 165 163 164 165 163 165 163 164 165 163 164 165 163 164 165 163 164 165 163 164 165 163 169 165 163 170 165 163 170 165 163 164 165 163 164 165,0.19732598960399628,0,2026-06-14 16:01:55+00:00,2026-06-14 16:01:59+00:00
all,verify_checkout_pod_kill_001,356290584,1781452920.0,1781452923.0,1,61,163 164 165 163 166 165 163 167 163 164 165 163 169 165 163 170 163 164 171 165 165 165 163 164 165 163 165 163 164 165 163 169 165 163 170 165 163 167 171 165 163 170 163 164 165 165 163 164 163 164 165 165 163 164 165 163 169 165 163 170 165,0.2000247985124588,0,2026-06-14 16:02:00+00:00,2026-06-14 16:02:03+00:00
all,verify_checkout_pod_kill_001,356290585,1781452925.0,1781452929.0,1,87,163 164 165 163 169 165 163 170 165 163 165 163 164 165 163 166 165 163 167 171 165 163 170 165 163 164 165 163 164 165 163 169 165 163 170 1 2 3 4 5 6 2 7 4 5 161 161 165 163 172 173 163 164 165 163 169 165 163 170 163 164 163 164 163 164 174 165 165 163 169 175 165 165 163 170 165 165 163 164 165 163 172 173 165 174 175 165,0.30075231194496155,1,2026-06-14 16:02:05+00:00,2026-06-14 16:02:09+00:00
all,verify_checkout_pod_kill_001,356290586,1781452931.0,1781452934.0,1,61,163 165 163 164 165 163 169 163 164 165 163 170 165 163 169 165 163 170 165 163 164 163 170 165 165 163 164 165 165 163 164 165 163 170 165 8 2 9 4 5 161 163 166 165 163 167 171 165 163 164 165 163 169 165 163 170 165 163 172 173 174,0.26615771651268005,1,2026-06-14 16:02:11+00:00,2026-06-14 16:02:14+00:00
all,verify_checkout_pod_kill_001,356290587,1781452935.0,1781452939.0,1,40,175 165 163 164 165 163 165 163 170 165 163 164 165 163 164 165 163 169 165 163 170 165 163 170 165 163 170 165 163 164 165 163 170 165 163 170 165 163 164 165,0.19763043522834778,0,2026-06-14 16:02:15+00:00,2026-06-14 16:02:19+00:00
all,verify_checkout_pod_kill_001,356290588,1781452940.0,1781452944.0,1,36,163 170 165 163 164 165 163 164 165 163 165 163 164 165 163 164 165 163 164 165 163 164 165 163 164 165 163 164 165 163 169 165 163 170 163 164,0.20034055411815643,0,2026-06-14 16:02:20+00:00,2026-06-14 16:02:24+00:00
all,verify_checkout_pod_kill_001,356290589,1781452945.0,1781452949.0,1,37,165 163 169 165 163 170 163 170 163 164 165 165 165 165 163 165 163 167 171 165 163 164 165 163 170 165 163 164 165 163 164 165 163 164 165 163 169,0.19936135411262512,0,2026-06-14 16:02:25+00:00,2026-06-14 16:02:29+00:00
all,verify_checkout_pod_kill_001,356290590,1781452950.0,1781452954.0,1,41,165 163 170 163 167 165 171 165 163 170 165 163 164 165 163 170 165 163 165 163 166 165 163 167 163 164 165 171 165 163 164 165 163 164 165 163 169 165 163 170 165,0.1966879963874817,0,2026-06-14 16:02:30+00:00,2026-06-14 16:02:34+00:00
all,verify_checkout_pod_kill_001,356290591,1781452955.0,1781452958.0,1,35,163 164 165 163 164 165 163 164 165 163 164 165 163 164 165 163 169 165 163 170 165 163 165 163 164 165 163 169 165 163 170 165 163 164 165,0.19927801191806793,0,2026-06-14 16:02:35+00:00,2026-06-14 16:02:38+00:00
all,verify_checkout_pod_kill_001,356290592,1781452960.0,1781452964.0,1,81,163 164 165 163 164 165 163 169 165 163 164 163 170 165 165 10 2 11 4 5 161 163 164 165 163 169 165 163 170 165 163 172 173 163 165 174 175 165 163 164 165 163 166 165 163 167 171 165 163 164 165 163 164 165 163 164 165 163 166 165 163 167 163 164 163 164 165 163 169 165 163 170 165 165 163 166 165 163 167 171 165,0.3063127100467682,1,2026-06-14 16:02:40+00:00,2026-06-14 16:02:44+00:00
all,verify_checkout_pod_kill_001,356290593,1781452965.0,1781452968.0,1,42,171 165 163 167 171 165 163 165 10 2 12 4 5 161 163 166 165 163 167 171 165 163 164 165 163 169 165 163 170 165 163 172 173 174 175 165 163 164 165 163 170 165,0.3068964183330536,1,2026-06-14 16:02:45+00:00,2026-06-14 16:02:48+00:00
all,verify_checkout_pod_kill_001,356290594,1781452970.0,1781452974.0,1,53,163 164 165 163 170 165 163 166 165 163 167 171 165 163 167 171 165 163 165 163 170 165 163 166 165 163 167 171 165 163 164 165 163 164 165 163 164 165 163 170 165 163 164 165 163 164 165 163 169 165 163 170 165,0.19827069342136383,0,2026-06-14 16:02:50+00:00,2026-06-14 16:02:54+00:00
all,verify_checkout_pod_kill_001,356290595,1781452975.0,1781452979.0,1,87,13 2 14 4 5 161 163 170 165 163 164 165 163 169 165 163 170 165 163 164 165 163 169 165 163 170 165 163 172 173 174 175 165 163 166 165 163 167 163 164 165 171 165 163 165 10 2 15 4 5 161 163 170 165 163 164 165 163 169 165 163 170 165 163 172 173 163 164 174 165 175 165 163 164 165 163 164 165 163 164 165 163 169 165 163 170 165,0.30731308460235596,1,2026-06-14 16:02:55+00:00,2026-06-14 16:02:59+00:00
all,verify_checkout_pod_kill_001,356290596,1781452980.0,1781452984.0,0,29,163 164 163 164 165 165 163 169 165 163 170 165 163 165 163 164 165 163 164 165 163 164 165 163 164 165 163 164 165,0.2018038034439087,0,2026-06-14 16:03:00+00:00,2026-06-14 16:03:04+00:00
all,verify_checkout_pod_kill_001,356290597,1781452985.0,1781452989.0,0,74,163 164 165 163 164 163 170 163 170 165 163 164 165 165 165 163 164 165 163 165 163 164 165 163 169 165 163 170 165 10 2 16 4 5 161 163 166 165 163 167 171 165 163 164 165 163 164 165 163 169 165 163 170 165 163 172 173 163 170 174 175 165 163 170 165 165 163 164 165 163 169 165 163 170,0.3135671317577362,1,2026-06-14 16:03:05+00:00,2026-06-14 16:03:09+00:00
all,verify_checkout_pod_kill_001,356290598,1781452990.0,1781452994.0,0,44,165 163 165 163 164 165 163 164 165 163 166 165 163 167 163 164 165 163 169 6 2 17 4 5 161 165 163 170 163 167 171 165 163 164 165 163 172 173 165 174 175 165 171 165,0.316981703042984,1,2026-06-14 16:03:10+00:00,2026-06-14 16:03:14+00:00
all,verify_checkout_pod_kill_001,356290599,1781452995.0,1781452999.0,0,52,163 166 165 163 167 163 170 171 165 165 163 170 165 163 170 163 164 165 165 163 170 165 163 165 163 170 165 163 164 165 163 164 165 163 166 165 163 167 163 164 165 163 169 165 163 170 165 171 165 163 170 165,0.20481939613819122,0,2026-06-14 16:03:15+00:00,2026-06-14 16:03:19+00:00
all,verify_checkout_pod_kill_001,356290600,1781453001.0,1781453003.0,0,48,163 164 165 163 165 163 170 165 163 164 165 163 169 165 163 170 165 163 166 165 163 167 171 165 163 170 165 6 2 18 4 5 161 163 164 165 163 169 165 163 170 165 163 172 173 174 175 165,0.30553358793258667,1,2026-06-14 16:03:21+00:00,2026-06-14 16:03:23+00:00
all,verify_checkout_pod_kill_001,951,,,0,1,168,0.0012160949409008026,0,,
all,verify_checkout_pod_kill_001,952,,,0,1,168,0.0012160949409008026,0,,
all,verify_checkout_pod_kill_001,954,,,0,1,168,0.0012160949409008026,0,,
all,verify_checkout_pod_kill_001,955,,,0,1,168,0.002135146874934435,0,,
all,verify_checkout_pod_kill_001,956,,,0,1,168,0.002135146874934435,0,,
all,verify_checkout_pod_kill_001,957,,,0,1,168,0.002135146874934435,0,,
all,verify_checkout_pod_kill_001,958,,,0,1,168,0.002135146874934435,0,,
all,verify_checkout_pod_kill_001,960,,,0,1,168,0.002135146874934435,0,,
all,verify_checkout_pod_kill_001,962,,,0,1,168,0.002135146874934435,0,,
all,verify_checkout_pod_kill_001,963,,,0,1,168,0.002135146874934435,0,,
all,verify_checkout_pod_kill_001,966,,,0,1,168,0.002135146874934435,0,,
all,verify_checkout_pod_kill_001,968,,,0,1,168,0.002135146874934435,0,,
all,verify_checkout_pod_kill_001,970,,,0,1,168,0.002135146874934435,0,,
all,verify_checkout_pod_kill_001,971,,,0,1,168,0.002135146874934435,0,,
all,verify_checkout_pod_kill_001,972,,,0,1,168,0.002135146874934435,0,,
all,verify_checkout_pod_kill_001,973,,,0,1,168,0.002135146874934435,0,,
all,verify_checkout_pod_kill_001,974,,,0,1,168,0.002135146874934435,0,,
all,verify_checkout_pod_kill_001,975,,,0,1,168,0.002135146874934435,0,,
all,verify_checkout_pod_kill_001,978,,,0,1,168,0.002135146874934435,0,,
all,verify_checkout_pod_kill_001,979,,,0,1,168,0.002135146874934435,0,,
all,verify_checkout_pod_kill_001,981,,,0,1,168,0.002135146874934435,0,,
all,verify_checkout_pod_kill_001,983,,,0,1,168,0.002135146874934435,0,,
all,verify_checkout_pod_kill_001,984,,,0,1,168,0.002135146874934435,0,,
all,verify_checkout_pod_kill_001,985,,,0,1,168,0.002135146874934435,0,,
all,verify_checkout_pod_kill_001,986,,,0,1,168,0.002135146874934435,0,,
all,verify_checkout_pod_kill_001,988,,,0,1,168,0.002135146874934435,0,,
all,verify_checkout_pod_kill_001,989,,,0,1,168,0.002135146874934435,0,,
all,verify_checkout_pod_kill_001,990,,,0,1,168,0.002135146874934435,0,,
all,verify_checkout_pod_kill_001,991,,,0,1,168,0.002135146874934435,0,,
all,verify_checkout_pod_kill_001,993,,,0,1,168,0.002135146874934435,0,,
all,verify_checkout_pod_kill_001,994,,,0,1,168,0.002135146874934435,0,,
all,verify_checkout_pod_kill_001,995,,,0,1,168,0.002135146874934435,0,,
all,verify_checkout_pod_kill_001,997,,,0,1,168,0.002135146874934435,0,,
all,verify_frontend_cpu_001,1800,,,0,1,168,0.002135146874934435,0,,
all,verify_frontend_cpu_001,1802,,,0,1,168,0.002135146874934435,0,,
all,verify_frontend_cpu_001,1803,,,0,1,168,0.002135146874934435,0,,
all,verify_frontend_cpu_001,1804,,,0,1,168,0.002135146874934435,0,,
all,verify_frontend_cpu_001,1805,,,0,1,168,0.002135146874934435,0,,
all,verify_frontend_cpu_001,1806,,,0,1,168,0.002135146874934435,0,,
all,verify_frontend_cpu_001,1807,,,0,1,168,0.002135146874934435,0,,
all,verify_frontend_cpu_001,1808,,,0,1,168,0.002135146874934435,0,,
all,verify_frontend_cpu_001,1809,,,0,1,168,0.002135146874934435,0,,
all,verify_frontend_cpu_001,1811,,,0,1,168,0.002135146874934435,0,,
all,verify_frontend_cpu_001,1812,,,0,1,168,0.002135146874934435,0,,
all,verify_frontend_cpu_001,1813,,,0,1,168,0.002135146874934435,0,,
all,verify_frontend_cpu_001,1814,,,0,1,168,0.002135146874934435,0,,
all,verify_frontend_cpu_001,1815,,,0,1,168,0.002135146874934435,0,,
all,verify_frontend_cpu_001,1816,,,0,1,168,0.002135146874934435,0,,
all,verify_frontend_cpu_001,1818,,,0,1,168,0.002135146874934435,0,,
all,verify_frontend_cpu_001,1821,,,0,1,168,0.002135146874934435,0,,
all,verify_frontend_cpu_001,1822,,,0,1,168,0.002135146874934435,0,,
all,verify_frontend_cpu_001,1823,,,0,1,168,0.002135146874934435,0,,
all,verify_frontend_cpu_001,1825,,,0,1,168,0.002135146874934435,0,,
all,verify_frontend_cpu_001,1826,,,0,1,168,0.002135146874934435,0,,
all,verify_frontend_cpu_001,1827,,,0,1,168,0.002135146874934435,0,,
all,verify_frontend_cpu_001,1828,,,0,1,168,0.002135146874934435,0,,
all,verify_frontend_cpu_001,1831,,,0,1,168,0.002135146874934435,0,,
all,verify_frontend_cpu_001,1832,,,0,1,168,0.002135146874934435,0,,
all,verify_frontend_cpu_001,1834,,,0,1,168,0.002135146874934435,0,,
all,verify_frontend_cpu_001,1836,,,0,1,168,0.002135146874934435,0,,
all,verify_frontend_cpu_001,1837,,,0,1,168,0.002135146874934435,0,,
all,verify_frontend_cpu_001,1838,,,0,1,168,0.002135146874934435,0,,
all,verify_frontend_cpu_001,1840,,,0,1,168,0.002135146874934435,0,,
all,verify_frontend_cpu_001,1841,,,0,1,168,0.002135146874934435,0,,
all,verify_frontend_cpu_001,1843,,,0,1,168,0.002135146874934435,0,,
all,verify_frontend_cpu_001,1844,,,0,1,168,0.002135146874934435,0,,
all,verify_frontend_cpu_001,1846,,,0,1,168,0.002135146874934435,0,,
all,verify_frontend_cpu_001,1848,,,0,1,168,0.002135146874934435,0,,
all,verify_frontend_cpu_001,1849,,,0,1,168,0.002135146874934435,0,,
all,verify_frontend_cpu_001,1851,,,0,1,168,0.002135146874934435,0,,
all,verify_frontend_cpu_001,1853,,,0,1,168,0.002135146874934435,0,,
all,verify_frontend_cpu_001,1854,,,0,1,168,0.002135146874934435,0,,
all,verify_frontend_cpu_001,1855,,,0,1,168,0.002135146874934435,0,,
all,verify_frontend_cpu_001,1856,,,0,1,168,0.002135146874934435,0,,
all,verify_frontend_cpu_001,1857,,,0,1,168,0.002135146874934435,0,,
all,verify_frontend_cpu_001,1859,,,0,1,168,0.002135146874934435,0,,
all,verify_frontend_cpu_001,1861,,,0,1,168,0.002135146874934435,0,,
all,verify_frontend_cpu_001,1862,,,0,1,168,0.002135146874934435,0,,
all,verify_frontend_cpu_001,1863,,,0,1,168,0.002135146874934435,0,,
all,verify_frontend_cpu_001,1864,,,0,1,168,0.002135146874934435,0,,
all,verify_frontend_cpu_001,1865,,,0,1,168,0.002135146874934435,0,,
all,verify_frontend_cpu_001,1867,,,0,1,168,0.002135146874934435,0,,
all,verify_frontend_cpu_001,1868,,,0,1,168,0.002135146874934435,0,,
all,verify_frontend_cpu_001,1870,,,0,1,168,0.002135146874934435,0,,
all,verify_frontend_cpu_001,1871,,,0,1,168,0.002135146874934435,0,,
all,verify_frontend_cpu_001,1872,,,0,1,168,0.002135146874934435,0,,
all,verify_frontend_cpu_001,1874,,,0,1,168,0.002135146874934435,0,,
all,verify_frontend_cpu_001,1875,,,0,1,168,0.002135146874934435,0,,
all,verify_frontend_cpu_001,1876,,,0,1,168,0.002135146874934435,0,,
all,verify_frontend_cpu_001,1877,,,0,1,168,0.002135146874934435,0,,
all,verify_frontend_cpu_001,1879,,,0,1,168,0.002135146874934435,0,,
all,verify_frontend_cpu_001,1880,,,0,1,168,0.002135146874934435,0,,
all,verify_frontend_cpu_001,1882,,,0,1,168,0.002135146874934435,0,,
all,verify_frontend_cpu_001,1884,,,0,1,168,0.002135146874934435,0,,
all,verify_frontend_cpu_001,1885,,,0,1,168,0.002135146874934435,0,,
all,verify_frontend_cpu_001,1886,,,0,1,168,0.002135146874934435,0,,
all,verify_frontend_cpu_001,1888,,,0,1,168,0.002135146874934435,0,,
all,verify_frontend_cpu_001,1889,,,0,1,168,0.002135146874934435,0,,
all,verify_frontend_cpu_001,1891,,,0,1,168,0.002135146874934435,0,,
all,verify_frontend_cpu_001,1893,,,0,1,168,0.002135146874934435,0,,
all,verify_frontend_cpu_001,1895,,,0,1,168,0.002135146874934435,0,,
all,verify_frontend_cpu_001,1896,,,0,1,168,0.002135146874934435,0,,
all,verify_frontend_cpu_001,1898,,,0,1,168,0.002135146874934435,0,,
all,verify_frontend_cpu_001,1899,,,0,1,168,0.002135146874934435,0,,
all,verify_frontend_cpu_001,1901,,,0,1,168,0.002135146874934435,0,,
all,verify_frontend_cpu_001,1903,,,0,1,168,0.002135146874934435,0,,
all,verify_frontend_cpu_001,1904,,,0,1,168,0.002135146874934435,0,,
all,verify_frontend_cpu_001,1905,,,0,1,168,0.002135146874934435,0,,
all,verify_frontend_cpu_001,1906,,,0,1,168,0.002135146874934435,0,,
all,verify_frontend_cpu_001,1907,,,0,1,168,0.002135146874934435,0,,
all,verify_frontend_cpu_001,1909,,,0,1,168,0.002135146874934435,0,,
all,verify_frontend_cpu_001,1910,,,0,1,168,0.002135146874934435,0,,
all,verify_frontend_cpu_001,1911,,,0,1,168,0.002135146874934435,0,,
all,verify_frontend_cpu_001,1912,,,0,1,168,0.002135146874934435,0,,
all,verify_frontend_cpu_001,1914,,,0,1,168,0.002135146874934435,0,,
all,verify_frontend_cpu_001,1916,,,0,1,168,0.002135146874934435,0,,
all,verify_frontend_cpu_001,1917,,,0,1,168,0.002135146874934435,0,,
all,verify_frontend_cpu_001,1919,,,0,1,168,0.002135146874934435,0,,
all,verify_frontend_cpu_001,1920,,,0,1,168,0.002135146874934435,0,,
all,verify_frontend_cpu_001,1921,,,0,1,168,0.002135146874934435,0,,
all,verify_frontend_cpu_001,1922,,,0,1,168,0.002135146874934435,0,,
all,verify_frontend_cpu_001,1924,,,0,1,168,0.002135146874934435,0,,
all,verify_frontend_cpu_001,1925,,,0,1,168,0.002135146874934435,0,,
all,verify_frontend_cpu_001,1926,,,0,1,168,0.002135146874934435,0,,
all,verify_frontend_cpu_001,1927,,,0,1,168,0.002135146874934435,0,,
all,verify_frontend_cpu_001,1928,,,0,1,168,0.002135146874934435,0,,
all,verify_frontend_cpu_001,1930,,,0,1,168,0.002135146874934435,0,,
all,verify_frontend_cpu_001,1932,,,0,1,168,0.002135146874934435,0,,
all,verify_frontend_cpu_001,1933,,,0,1,168,0.002135146874934435,0,,
all,verify_frontend_cpu_001,1934,,,0,1,168,0.002135146874934435,0,,
all,verify_frontend_cpu_001,1935,,,0,1,168,0.002135146874934435,0,,
all,verify_frontend_cpu_001,1936,,,0,1,168,0.002135146874934435,0,,
all,verify_frontend_cpu_001,1937,,,0,1,168,0.002135146874934435,0,,
all,verify_frontend_cpu_001,1939,,,0,1,168,0.002135146874934435,0,,
all,verify_frontend_cpu_001,1941,,,0,1,168,0.002135146874934435,0,,
all,verify_frontend_cpu_001,1942,,,0,1,168,0.002135146874934435,0,,
all,verify_frontend_cpu_001,1943,,,0,1,168,0.002135146874934435,0,,
all,verify_frontend_cpu_001,1945,,,0,1,168,0.002135146874934435,0,,
all,verify_frontend_cpu_001,1946,,,0,1,168,0.002135146874934435,0,,
all,verify_frontend_cpu_001,1947,,,0,1,168,0.002135146874934435,0,,
all,verify_frontend_cpu_001,1950,,,0,1,168,0.002135146874934435,0,,
all,verify_frontend_cpu_001,1951,,,0,1,168,0.002135146874934435,0,,
all,verify_frontend_cpu_001,1952,,,0,1,168,0.002135146874934435,0,,
all,verify_frontend_cpu_001,1954,,,0,1,168,0.002135146874934435,0,,
all,verify_frontend_cpu_001,1956,,,0,1,168,0.002135146874934435,0,,
all,verify_frontend_cpu_001,1957,,,0,1,168,0.002135146874934435,0,,
all,verify_frontend_cpu_001,1959,,,0,1,168,0.002135146874934435,0,,
all,verify_frontend_cpu_001,1960,,,0,1,168,0.002135146874934435,0,,
all,verify_frontend_cpu_001,1961,,,0,1,168,0.002135146874934435,0,,
all,verify_frontend_cpu_001,1962,,,0,1,168,0.002135146874934435,0,,
all,verify_frontend_cpu_001,1963,,,0,1,168,0.002135146874934435,0,,
all,verify_frontend_cpu_001,1965,,,0,1,168,0.002135146874934435,0,,
all,verify_frontend_cpu_001,1966,,,0,1,168,0.002135146874934435,0,,
all,verify_frontend_cpu_001,1967,,,0,1,168,0.002135146874934435,0,,
all,verify_frontend_cpu_001,1968,,,0,1,168,0.002135146874934435,0,,
all,verify_frontend_cpu_001,1969,,,0,1,168,0.002135146874934435,0,,
all,verify_frontend_cpu_001,1970,,,0,1,168,0.002135146874934435,0,,
all,verify_frontend_cpu_001,1972,,,0,1,168,0.002135146874934435,0,,
all,verify_frontend_cpu_001,1973,,,0,1,168,0.002135146874934435,0,,
all,verify_frontend_cpu_001,1974,,,0,1,168,0.002135146874934435,0,,
all,verify_frontend_cpu_001,1976,,,0,1,168,0.002135146874934435,0,,
all,verify_frontend_cpu_001,1977,,,0,1,168,0.002135146874934435,0,,
all,verify_frontend_cpu_001,1980,,,0,1,168,0.002135146874934435,0,,
all,verify_frontend_cpu_001,1981,,,0,1,168,0.002135146874934435,0,,
all,verify_frontend_cpu_001,1983,,,0,1,168,0.002135146874934435,0,,
all,verify_frontend_cpu_001,1984,,,0,1,168,0.002135146874934435,0,,
all,verify_frontend_cpu_001,1986,,,0,1,168,0.002135146874934435,0,,
all,verify_frontend_cpu_001,1988,,,0,1,168,0.002135146874934435,0,,
all,verify_frontend_cpu_001,1989,,,0,1,168,0.002135146874934435,0,,
all,verify_frontend_cpu_001,1991,,,0,1,168,0.002135146874934435,0,,
all,verify_frontend_cpu_001,1993,,,0,1,168,0.002135146874934435,0,,
all,verify_frontend_cpu_001,1994,,,0,1,168,0.002135146874934435,0,,
all,verify_frontend_cpu_001,1995,,,0,1,168,0.002135146874934435,0,,
all,verify_frontend_cpu_001,1998,,,0,1,168,0.002135146874934435,0,,
all,verify_frontend_cpu_001,1999,,,0,1,168,0.002135146874934435,0,,
all,verify_frontend_cpu_001,2001,,,0,1,168,0.002135146874934435,0,,
all,verify_frontend_cpu_001,2003,,,0,1,168,0.002135146874934435,0,,
all,verify_frontend_cpu_001,2004,,,0,1,168,0.002135146874934435,0,,
all,verify_frontend_cpu_001,2005,,,0,1,168,0.002135146874934435,0,,
all,verify_frontend_cpu_001,2006,,,0,1,168,0.002135146874934435,0,,
all,verify_frontend_cpu_001,2007,,,0,1,168,0.002135146874934435,0,,
all,verify_frontend_cpu_001,2008,,,0,1,168,0.002135146874934435,0,,
all,verify_frontend_cpu_001,2009,,,0,1,168,0.002135146874934435,0,,
all,verify_frontend_cpu_001,2010,,,0,1,168,0.002135146874934435,0,,
all,verify_frontend_cpu_001,2011,,,0,1,168,0.002135146874934435,0,,
all,verify_frontend_cpu_001,2012,,,0,1,168,0.002135146874934435,0,,
all,verify_frontend_cpu_001,2014,,,0,1,168,0.002135146874934435,0,,
all,verify_frontend_cpu_001,2015,,,0,1,168,0.002135146874934435,0,,
all,verify_frontend_cpu_001,2018,,,0,1,168,0.002135146874934435,0,,
all,verify_frontend_cpu_001,2019,,,0,1,168,0.002135146874934435,0,,
all,verify_frontend_cpu_001,2020,,,0,1,168,0.002135146874934435,0,,
all,verify_frontend_cpu_001,2021,,,0,1,168,0.002135146874934435,0,,
all,verify_frontend_cpu_001,2022,,,0,1,168,0.002135146874934435,0,,
all,verify_frontend_cpu_001,2024,,,0,1,168,0.002135146874934435,0,,
all,verify_frontend_cpu_001,2027,,,0,1,168,0.002135146874934435,0,,
all,verify_frontend_cpu_001,2029,,,0,1,168,0.002135146874934435,0,,
all,verify_frontend_cpu_001,2030,,,0,1,168,0.002135146874934435,0,,
all,verify_frontend_cpu_001,2032,,,0,1,168,0.002135146874934435,0,,
all,verify_frontend_cpu_001,2033,,,0,1,168,0.002135146874934435,0,,
all,verify_frontend_cpu_001,2035,,,0,1,168,0.002135146874934435,0,,
all,verify_frontend_cpu_001,2037,,,0,1,168,0.002135146874934435,0,,
all,verify_frontend_cpu_001,2038,,,0,1,168,0.002135146874934435,0,,
all,verify_frontend_cpu_001,2039,,,0,1,168,0.002135146874934435,0,,
all,verify_frontend_cpu_001,2040,,,0,1,168,0.002135146874934435,0,,
all,verify_frontend_cpu_001,2042,,,0,1,168,0.002135146874934435,0,,
all,verify_frontend_cpu_001,2043,,,0,1,168,0.002135146874934435,0,,
all,verify_frontend_cpu_001,2044,,,0,1,168,0.002135146874934435,0,,
all,verify_frontend_cpu_001,2045,,,0,1,168,0.002135146874934435,0,,
all,verify_frontend_cpu_001,2046,,,0,1,168,0.002135146874934435,0,,
all,verify_frontend_cpu_001,2048,,,0,1,168,0.002135146874934435,0,,
all,verify_frontend_cpu_001,2049,,,0,1,168,0.002135146874934435,0,,
all,verify_frontend_cpu_001,2051,,,0,1,168,0.002135146874934435,0,,
all,verify_frontend_cpu_001,2052,,,0,1,168,0.002135146874934435,0,,
all,verify_frontend_cpu_001,2053,,,0,1,168,0.002135146874934435,0,,
all,verify_frontend_cpu_001,2054,,,0,1,168,0.002135146874934435,0,,
all,verify_frontend_cpu_001,2055,,,0,1,168,0.002135146874934435,0,,
all,verify_frontend_cpu_001,2057,,,0,1,168,0.002135146874934435,0,,
all,verify_frontend_cpu_001,2059,,,0,1,168,0.002135146874934435,0,,
all,verify_frontend_cpu_001,2060,,,0,1,168,0.002135146874934435,0,,
all,verify_frontend_cpu_001,2062,,,0,1,168,0.002135146874934435,0,,
all,verify_frontend_cpu_001,2063,,,0,1,168,0.002135146874934435,0,,
all,verify_frontend_cpu_001,2066,,,0,1,168,0.002135146874934435,0,,
all,verify_frontend_cpu_001,2068,,,0,1,168,0.002135146874934435,0,,
all,verify_frontend_cpu_001,2069,,,0,1,168,0.002135146874934435,0,,
all,verify_frontend_cpu_001,2070,,,0,1,168,0.002135146874934435,0,,
all,verify_frontend_cpu_001,2072,,,0,1,168,0.002135146874934435,0,,
all,verify_frontend_cpu_001,2073,,,0,1,168,0.002135146874934435,0,,
all,verify_frontend_cpu_001,2074,,,0,1,168,0.002135146874934435,0,,
all,verify_frontend_cpu_001,2075,,,0,1,168,0.002135146874934435,0,,
all,verify_frontend_cpu_001,2076,,,0,1,168,0.002135146874934435,0,,
all,verify_frontend_cpu_001,2078,,,0,1,168,0.002135146874934435,0,,
all,verify_frontend_cpu_001,2079,,,0,1,168,0.002135146874934435,0,,
all,verify_frontend_cpu_001,2080,,,0,1,168,0.002135146874934435,0,,
all,verify_frontend_cpu_001,2083,,,0,1,168,0.002135146874934435,0,,
all,verify_frontend_cpu_001,2085,,,0,1,168,0.002135146874934435,0,,
all,verify_frontend_cpu_001,2086,,,0,1,168,0.002135146874934435,0,,
all,verify_frontend_cpu_001,2087,,,0,1,168,0.002135146874934435,0,,
all,verify_frontend_cpu_001,2088,,,0,1,168,0.002135146874934435,0,,
all,verify_frontend_cpu_001,2089,,,0,1,168,0.002135146874934435,0,,
all,verify_frontend_cpu_001,2090,,,0,1,168,0.002135146874934435,0,,
all,verify_frontend_cpu_001,2091,,,0,1,168,0.002135146874934435,0,,
all,verify_frontend_cpu_001,2094,,,0,1,168,0.002135146874934435,0,,
all,verify_frontend_cpu_001,2095,,,0,1,168,0.002135146874934435,0,,
all,verify_frontend_cpu_001,2097,,,0,1,168,0.002135146874934435,0,,
all,verify_frontend_cpu_001,2099,,,0,1,168,0.002135146874934435,0,,
all,verify_frontend_cpu_001,2100,,,0,1,168,0.002135146874934435,0,,
all,verify_frontend_cpu_001,2101,,,0,1,168,0.002135146874934435,0,,
all,verify_frontend_cpu_001,2102,,,0,1,168,0.002135146874934435,0,,
all,verify_frontend_cpu_001,2104,,,0,1,168,0.002135146874934435,0,,
all,verify_frontend_cpu_001,2105,,,0,1,168,0.002135146874934435,0,,
all,verify_frontend_cpu_001,2106,,,0,1,168,0.002135146874934435,0,,
all,verify_frontend_cpu_001,2107,,,0,1,168,0.002135146874934435,0,,
all,verify_frontend_cpu_001,2109,,,0,1,168,0.002135146874934435,0,,
all,verify_frontend_cpu_001,2110,,,0,1,168,0.002135146874934435,0,,
all,verify_frontend_cpu_001,2111,,,0,1,168,0.002135146874934435,0,,
all,verify_frontend_cpu_001,2113,,,0,1,168,0.002135146874934435,0,,
all,verify_frontend_cpu_001,2117,,,0,1,168,0.002135146874934435,0,,
all,verify_frontend_cpu_001,2118,,,0,1,168,0.002135146874934435,0,,
all,verify_frontend_cpu_001,2120,,,0,1,168,0.002135146874934435,0,,
all,verify_frontend_cpu_001,2122,,,0,1,168,0.002135146874934435,0,,
all,verify_frontend_cpu_001,2124,,,0,1,168,0.002135146874934435,0,,
all,verify_frontend_cpu_001,2125,,,0,1,168,0.002135146874934435,0,,
all,verify_frontend_cpu_001,2126,,,0,1,168,0.002135146874934435,0,,
all,verify_frontend_cpu_001,2128,,,0,1,168,0.002135146874934435,0,,
all,verify_frontend_cpu_001,2129,,,0,1,168,0.002135146874934435,0,,
all,verify_frontend_cpu_001,2132,,,0,1,168,0.002135146874934435,0,,
all,verify_frontend_cpu_001,2133,,,0,1,168,0.002135146874934435,0,,
all,verify_frontend_cpu_001,2134,,,0,1,168,0.002135146874934435,0,,
all,verify_frontend_cpu_001,2136,,,0,1,168,0.002135146874934435,0,,
all,verify_frontend_cpu_001,2137,,,0,1,168,0.002135146874934435,0,,
all,verify_frontend_cpu_001,2138,,,0,1,168,0.002135146874934435,0,,
all,verify_frontend_cpu_001,2139,,,0,1,168,0.002135146874934435,0,,
all,verify_frontend_cpu_001,2141,,,0,1,168,0.002135146874934435,0,,
all,verify_frontend_cpu_001,2143,,,0,1,168,0.002135146874934435,0,,
all,verify_frontend_cpu_001,2144,,,0,1,168,0.002135146874934435,0,,
all,verify_frontend_cpu_001,2146,,,0,1,168,0.002135146874934435,0,,
all,verify_frontend_cpu_001,2147,,,0,1,168,0.002135146874934435,0,,
all,verify_frontend_cpu_001,2149,,,0,1,168,0.002135146874934435,0,,
all,verify_frontend_cpu_001,2150,,,0,1,168,0.002135146874934435,0,,
all,verify_frontend_cpu_001,2152,,,0,1,168,0.002135146874934435,0,,
all,verify_frontend_cpu_001,2153,,,0,1,168,0.002135146874934435,0,,
all,verify_frontend_cpu_001,2154,,,0,1,168,0.002135146874934435,0,,
all,verify_frontend_cpu_001,2155,,,0,1,168,0.002135146874934435,0,,
all,verify_frontend_cpu_001,2157,,,0,1,168,0.002135146874934435,0,,
all,verify_frontend_cpu_001,2158,,,0,1,168,0.002135146874934435,0,,
all,verify_frontend_cpu_001,2159,,,0,1,168,0.002135146874934435,0,,
all,verify_frontend_cpu_001,2161,,,0,1,168,0.002135146874934435,0,,
all,verify_frontend_cpu_001,2162,,,0,1,168,0.002135146874934435,0,,
all,verify_frontend_cpu_001,2163,,,0,1,168,0.002135146874934435,0,,
all,verify_frontend_cpu_001,2164,,,0,1,168,0.002135146874934435,0,,
all,verify_frontend_cpu_001,2165,,,0,1,168,0.002135146874934435,0,,
all,verify_frontend_cpu_001,2166,,,0,1,168,0.002135146874934435,0,,
all,verify_frontend_cpu_001,2167,,,0,1,168,0.002135146874934435,0,,
all,verify_frontend_cpu_001,2169,,,0,1,168,0.002135146874934435,0,,
all,verify_frontend_cpu_001,2170,,,0,1,168,0.002135146874934435,0,,
all,verify_frontend_cpu_001,2172,,,0,1,168,0.002135146874934435,0,,
all,verify_frontend_cpu_001,2173,,,0,1,168,0.002135146874934435,0,,
all,verify_frontend_cpu_001,2174,,,0,1,168,0.002135146874934435,0,,
all,verify_frontend_cpu_001,2175,,,0,1,168,0.002135146874934435,0,,
all,verify_frontend_cpu_001,2176,,,0,1,168,0.002135146874934435,0,,
all,verify_frontend_cpu_001,2177,,,0,1,168,0.002135146874934435,0,,
all,verify_frontend_cpu_001,2178,,,0,1,168,0.002135146874934435,0,,
all,verify_frontend_cpu_001,2180,,,0,1,168,0.002135146874934435,0,,
all,verify_frontend_cpu_001,2181,,,0,1,168,0.002135146874934435,0,,
all,verify_frontend_cpu_001,2183,,,0,1,168,0.002135146874934435,0,,
all,verify_frontend_cpu_001,2185,,,0,1,168,0.002135146874934435,0,,
all,verify_frontend_cpu_001,2186,,,0,1,168,0.002135146874934435,0,,
all,verify_frontend_cpu_001,2187,,,0,1,168,0.002135146874934435,0,,
all,verify_frontend_cpu_001,2188,,,0,1,168,0.002135146874934435,0,,
all,verify_frontend_cpu_001,2189,,,0,1,168,0.002135146874934435,0,,
all,verify_frontend_cpu_001,2192,,,0,1,168,0.002135146874934435,0,,
all,verify_frontend_cpu_001,2193,,,0,1,168,0.002135146874934435,0,,
all,verify_frontend_cpu_001,2195,,,0,1,168,0.002135146874934435,0,,
all,verify_frontend_cpu_001,2196,,,0,1,168,0.002135146874934435,0,,
all,verify_frontend_cpu_001,2198,,,0,1,168,0.002135146874934435,0,,
all,verify_frontend_cpu_001,2199,,,0,1,168,0.002135146874934435,0,,
all,verify_frontend_cpu_001,2200,,,0,1,168,0.002135146874934435,0,,
all,verify_frontend_cpu_001,2201,,,0,1,168,0.002135146874934435,0,,
all,verify_frontend_cpu_001,2202,,,0,1,168,0.002135146874934435,0,,
all,verify_frontend_cpu_001,2204,,,0,1,168,0.002135146874934435,0,,
all,verify_frontend_cpu_001,2206,,,0,1,168,0.002135146874934435,0,,
all,verify_frontend_cpu_001,2207,,,0,1,168,0.002135146874934435,0,,
all,verify_frontend_cpu_001,2209,,,0,1,168,0.002135146874934435,0,,
all,verify_frontend_cpu_001,2211,,,0,1,168,0.002135146874934435,0,,
all,verify_frontend_cpu_001,2212,,,0,1,168,0.002135146874934435,0,,
all,verify_frontend_cpu_001,2213,,,0,1,168,0.002135146874934435,0,,
all,verify_frontend_cpu_001,2215,,,0,1,168,0.002135146874934435,0,,
all,verify_frontend_cpu_001,2216,,,0,1,168,0.002135146874934435,0,,
all,verify_frontend_cpu_001,2218,,,0,1,168,0.002135146874934435,0,,
all,verify_frontend_cpu_001,2219,,,0,1,168,0.002135146874934435,0,,
all,verify_frontend_cpu_001,2220,,,0,1,168,0.002135146874934435,0,,
all,verify_frontend_cpu_001,2222,,,0,1,168,0.002135146874934435,0,,
all,verify_frontend_cpu_001,2224,,,0,1,168,0.002135146874934435,0,,
all,verify_frontend_cpu_001,2225,,,0,1,168,0.002135146874934435,0,,
all,verify_frontend_cpu_001,2228,,,0,1,168,0.002135146874934435,0,,
all,verify_frontend_cpu_001,2229,,,0,1,168,0.002135146874934435,0,,
all,verify_frontend_cpu_001,2231,,,0,1,168,0.002135146874934435,0,,
all,verify_frontend_cpu_001,2233,,,0,1,168,0.002135146874934435,0,,
all,verify_frontend_cpu_001,2235,,,0,1,168,0.002135146874934435,0,,
all,verify_frontend_cpu_001,2238,,,0,1,168,0.002135146874934435,0,,
all,verify_frontend_cpu_001,2240,,,0,1,168,0.002135146874934435,0,,
all,verify_frontend_cpu_001,2243,,,0,1,168,0.002135146874934435,0,,
all,verify_frontend_cpu_001,2245,,,0,1,168,0.002135146874934435,0,,
all,verify_frontend_cpu_001,2246,,,0,1,168,0.002135146874934435,0,,
all,verify_frontend_cpu_001,2247,,,0,1,168,0.002135146874934435,0,,
all,verify_frontend_cpu_001,2248,,,0,1,168,0.002135146874934435,0,,
all,verify_frontend_cpu_001,2249,,,0,1,168,0.002135146874934435,0,,
all,verify_frontend_cpu_001,2250,,,0,1,168,0.002135146874934435,0,,
all,verify_frontend_cpu_001,2252,,,0,1,168,0.002135146874934435,0,,
all,verify_frontend_cpu_001,2253,,,0,1,168,0.002135146874934435,0,,
all,verify_frontend_cpu_001,2254,,,0,1,168,0.002135146874934435,0,,
all,verify_frontend_cpu_001,2256,,,0,1,168,0.002135146874934435,0,,
all,verify_frontend_cpu_001,2258,,,0,1,168,0.002135146874934435,0,,
all,verify_frontend_cpu_001,2259,,,0,1,168,0.002135146874934435,0,,
all,verify_frontend_cpu_001,2261,,,0,1,168,0.002135146874934435,0,,
all,verify_frontend_cpu_001,2264,,,0,1,168,0.002135146874934435,0,,
all,verify_frontend_cpu_001,2265,,,0,1,168,0.002135146874934435,0,,
all,verify_frontend_cpu_001,2266,,,0,1,168,0.002135146874934435,0,,
all,verify_frontend_cpu_001,2267,,,0,1,168,0.002135146874934435,0,,
all,verify_frontend_cpu_001,2268,,,0,1,168,0.002135146874934435,0,,
all,verify_frontend_cpu_001,2269,,,0,1,168,0.002135146874934435,0,,
all,verify_frontend_cpu_001,2271,,,0,1,168,0.002135146874934435,0,,
all,verify_frontend_cpu_001,2272,,,0,1,168,0.002135146874934435,0,,
all,verify_frontend_cpu_001,2275,,,0,1,168,0.002135146874934435,0,,
all,verify_frontend_cpu_001,2276,,,0,1,168,0.002135146874934435,0,,
all,verify_frontend_cpu_001,2277,,,0,1,168,0.002135146874934435,0,,
all,verify_frontend_cpu_001,2278,,,0,1,168,0.002135146874934435,0,,
all,verify_frontend_cpu_001,2279,,,0,1,168,0.002135146874934435,0,,
all,verify_frontend_cpu_001,2281,,,0,1,168,0.002135146874934435,0,,
all,verify_frontend_cpu_001,2282,,,0,1,168,0.002135146874934435,0,,
all,verify_frontend_cpu_001,2284,,,0,1,168,0.002135146874934435,0,,
all,verify_frontend_cpu_001,2285,,,0,1,168,0.002135146874934435,0,,
all,verify_frontend_cpu_001,2286,,,0,1,168,0.002135146874934435,0,,
all,verify_frontend_cpu_001,2287,,,0,1,168,0.002135146874934435,0,,
all,verify_frontend_cpu_001,2289,,,0,1,168,0.002135146874934435,0,,
all,verify_frontend_cpu_001,2291,,,0,1,168,0.002135146874934435,0,,
all,verify_frontend_cpu_001,2294,,,0,1,168,0.002135146874934435,0,,
all,verify_frontend_cpu_001,2296,,,0,1,168,0.002135146874934435,0,,
all,verify_frontend_cpu_001,2297,,,0,1,168,0.002135146874934435,0,,
all,verify_frontend_cpu_001,2299,,,0,1,168,0.002135146874934435,0,,
all,verify_frontend_cpu_001,2301,,,0,1,168,0.002135146874934435,0,,
all,verify_frontend_cpu_001,2303,,,0,1,168,0.002135146874934435,0,,
all,verify_frontend_cpu_001,2304,,,0,1,168,0.002135146874934435,0,,
all,verify_frontend_cpu_001,2305,,,0,1,168,0.002135146874934435,0,,
all,verify_frontend_cpu_001,2306,,,0,1,168,0.002135146874934435,0,,
all,verify_frontend_cpu_001,2308,,,0,1,168,0.002135146874934435,0,,
all,verify_frontend_cpu_001,2310,,,0,1,168,0.002135146874934435,0,,
all,verify_frontend_cpu_001,2311,,,0,1,168,0.002135146874934435,0,,
all,verify_frontend_cpu_001,2313,,,0,1,168,0.002135146874934435,0,,
all,verify_frontend_cpu_001,2314,,,0,1,168,0.002135146874934435,0,,
all,verify_frontend_cpu_001,2315,,,0,1,168,0.002135146874934435,0,,
all,verify_frontend_cpu_001,2317,,,0,1,168,0.002135146874934435,0,,
all,verify_frontend_cpu_001,2318,,,0,1,168,0.002135146874934435,0,,
all,verify_frontend_cpu_001,2319,,,0,1,168,0.002135146874934435,0,,
all,verify_frontend_cpu_001,2321,,,0,1,168,0.002135146874934435,0,,
all,verify_frontend_cpu_001,2322,,,0,1,168,0.002135146874934435,0,,
all,verify_frontend_cpu_001,2324,,,0,1,168,0.002135146874934435,0,,
all,verify_frontend_cpu_001,2325,,,0,1,168,0.002135146874934435,0,,
all,verify_frontend_cpu_001,2328,,,0,1,168,0.002135146874934435,0,,
all,verify_frontend_cpu_001,2329,,,0,1,168,0.002135146874934435,0,,
all,verify_frontend_cpu_001,2332,,,0,1,168,0.002135146874934435,0,,
all,verify_frontend_cpu_001,2333,,,0,1,168,0.002135146874934435,0,,
all,verify_frontend_cpu_001,2336,,,0,1,168,0.002135146874934435,0,,
all,verify_frontend_cpu_001,2337,,,0,1,168,0.002135146874934435,0,,
all,verify_frontend_cpu_001,2338,,,0,1,168,0.002135146874934435,0,,
all,verify_frontend_cpu_001,2339,,,0,1,168,0.002135146874934435,0,,
all,verify_frontend_cpu_001,2340,,,0,1,168,0.002135146874934435,0,,
all,verify_frontend_cpu_001,2343,,,0,1,168,0.002135146874934435,0,,
all,verify_frontend_cpu_001,2344,,,0,1,168,0.002135146874934435,0,,
all,verify_frontend_cpu_001,2346,,,0,1,168,0.002135146874934435,0,,
all,verify_frontend_cpu_001,2347,,,0,1,168,0.002135146874934435,0,,
all,verify_frontend_cpu_001,2348,,,0,1,168,0.002135146874934435,0,,
all,verify_frontend_cpu_001,2349,,,0,1,168,0.002135146874934435,0,,
all,verify_frontend_cpu_001,2350,,,0,1,168,0.002135146874934435,0,,
all,verify_frontend_cpu_001,2351,,,0,1,168,0.002135146874934435,0,,
all,verify_frontend_cpu_001,2353,,,0,1,168,0.002135146874934435,0,,
all,verify_frontend_cpu_001,2354,,,0,1,168,0.002135146874934435,0,,
all,verify_frontend_cpu_001,2355,,,0,1,168,0.002135146874934435,0,,
all,verify_frontend_cpu_001,2356,,,0,1,168,0.002135146874934435,0,,
all,verify_frontend_cpu_001,2357,,,0,1,168,0.002135146874934435,0,,
all,verify_frontend_cpu_001,2358,,,0,1,168,0.002135146874934435,0,,
all,verify_frontend_cpu_001,2359,,,0,1,168,0.002135146874934435,0,,
all,verify_frontend_cpu_001,2361,,,0,1,168,0.002135146874934435,0,,
all,verify_frontend_cpu_001,2362,,,0,1,168,0.002135146874934435,0,,
all,verify_frontend_cpu_001,2364,,,0,1,168,0.002135146874934435,0,,
all,verify_frontend_cpu_001,2365,,,0,1,168,0.002135146874934435,0,,
all,verify_frontend_cpu_001,2366,,,0,1,168,0.002135146874934435,0,,
all,verify_frontend_cpu_001,2370,,,0,1,168,0.002135146874934435,0,,
all,verify_frontend_cpu_001,2371,,,0,1,168,0.002135146874934435,0,,
all,verify_frontend_cpu_001,2373,,,0,1,168,0.002135146874934435,0,,
all,verify_frontend_cpu_001,2374,,,0,1,168,0.002135146874934435,0,,
all,verify_frontend_cpu_001,2376,,,0,1,168,0.002135146874934435,0,,
all,verify_frontend_cpu_001,2377,,,0,1,168,0.002135146874934435,0,,
all,verify_frontend_cpu_001,2379,,,0,1,168,0.002135146874934435,0,,
all,verify_frontend_cpu_001,2380,,,0,1,168,0.002135146874934435,0,,
all,verify_frontend_cpu_001,2382,,,0,1,168,0.002135146874934435,0,,
all,verify_frontend_cpu_001,2383,,,0,1,168,0.002135146874934435,0,,
all,verify_frontend_cpu_001,2384,,,0,1,168,0.002135146874934435,0,,
all,verify_frontend_cpu_001,2385,,,0,1,168,0.002135146874934435,0,,
all,verify_frontend_cpu_001,2386,,,0,1,168,0.002135146874934435,0,,
all,verify_frontend_cpu_001,2389,,,0,1,168,0.002135146874934435,0,,
all,verify_frontend_cpu_001,2390,,,0,1,168,0.002135146874934435,0,,
all,verify_frontend_cpu_001,2393,,,0,1,168,0.002135146874934435,0,,
all,verify_frontend_cpu_001,2395,,,0,1,168,0.002135146874934435,0,,
all,verify_frontend_cpu_001,2396,,,0,1,168,0.002135146874934435,0,,
all,verify_frontend_cpu_001,2397,,,0,1,168,0.002135146874934435,0,,
all,verify_frontend_cpu_001,2399,,,0,1,168,0.002135146874934435,0,,
all,verify_frontend_cpu_001,2400,,,0,1,168,0.002135146874934435,0,,
all,verify_frontend_cpu_001,2401,,,0,1,168,0.002135146874934435,0,,
all,verify_frontend_cpu_001,2402,,,0,1,168,0.002135146874934435,0,,
all,verify_frontend_cpu_001,2403,,,0,1,168,0.002135146874934435,0,,
all,verify_frontend_cpu_001,2406,,,0,1,168,0.002135146874934435,0,,
all,verify_frontend_cpu_001,2408,,,0,1,168,0.002135146874934435,0,,
all,verify_frontend_cpu_001,2409,,,0,1,168,0.002135146874934435,0,,
all,verify_frontend_cpu_001,2412,,,0,1,168,0.002135146874934435,0,,
all,verify_frontend_cpu_001,2413,,,0,1,168,0.002135146874934435,0,,
all,verify_frontend_cpu_001,2414,,,0,1,168,0.002135146874934435,0,,
all,verify_frontend_cpu_001,2415,,,0,1,168,0.002135146874934435,0,,
all,verify_frontend_cpu_001,2417,,,0,1,168,0.002135146874934435,0,,
all,verify_frontend_cpu_001,2418,,,0,1,168,0.002135146874934435,0,,
all,verify_frontend_cpu_001,2420,,,0,1,168,0.002135146874934435,0,,
all,verify_frontend_cpu_001,2421,,,0,1,168,0.002135146874934435,0,,
all,verify_frontend_cpu_001,2423,,,0,1,168,0.002135146874934435,0,,
all,verify_frontend_cpu_001,2428,,,0,1,168,0.002135146874934435,0,,
all,verify_frontend_cpu_001,2429,,,0,1,168,0.002135146874934435,0,,
all,verify_frontend_cpu_001,2430,,,0,1,168,0.002135146874934435,0,,
all,verify_frontend_cpu_001,2431,,,0,1,168,0.002135146874934435,0,,
all,verify_frontend_cpu_001,2433,,,0,1,168,0.002135146874934435,0,,
all,verify_frontend_cpu_001,2434,,,0,1,168,0.002135146874934435,0,,
all,verify_frontend_cpu_001,2435,,,0,1,168,0.002135146874934435,0,,
all,verify_frontend_cpu_001,2437,,,0,1,168,0.002135146874934435,0,,
all,verify_frontend_cpu_001,2438,,,0,1,168,0.002135146874934435,0,,
all,verify_frontend_cpu_001,2440,,,0,1,168,0.002135146874934435,0,,
all,verify_frontend_cpu_001,2443,,,0,1,168,0.002135146874934435,0,,
all,verify_frontend_cpu_001,2444,,,0,1,168,0.002135146874934435,0,,
all,verify_frontend_cpu_001,2446,,,0,1,168,0.002135146874934435,0,,
all,verify_frontend_cpu_001,2447,,,0,1,168,0.002135146874934435,0,,
all,verify_frontend_cpu_001,2448,,,0,1,168,0.002135146874934435,0,,
all,verify_frontend_cpu_001,2449,,,0,1,168,0.002135146874934435,0,,
all,verify_frontend_cpu_001,2451,,,0,1,168,0.002135146874934435,0,,
all,verify_frontend_cpu_001,2452,,,0,1,168,0.002135146874934435,0,,
all,verify_frontend_cpu_001,2453,,,0,1,168,0.002135146874934435,0,,
all,verify_frontend_cpu_001,2454,,,0,1,168,0.002135146874934435,0,,
all,verify_frontend_cpu_001,2455,,,0,1,168,0.002135146874934435,0,,
all,verify_frontend_cpu_001,2458,,,0,1,168,0.002135146874934435,0,,
all,verify_frontend_cpu_001,2459,,,0,1,168,0.002135146874934435,0,,
all,verify_frontend_cpu_001,2460,,,0,1,168,0.002135146874934435,0,,
all,verify_frontend_cpu_001,2461,,,0,1,168,0.002135146874934435,0,,
all,verify_frontend_cpu_001,2462,,,0,1,168,0.002135146874934435,0,,
all,verify_frontend_cpu_001,2464,,,0,1,168,0.002135146874934435,0,,
all,verify_frontend_cpu_001,2465,,,0,1,168,0.002135146874934435,0,,
all,verify_frontend_cpu_001,2467,,,0,1,168,0.002135146874934435,0,,
all,verify_frontend_cpu_001,2468,,,0,1,168,0.002135146874934435,0,,
all,verify_frontend_cpu_001,2470,,,0,1,168,0.002135146874934435,0,,
all,verify_frontend_cpu_001,2471,,,0,1,168,0.002135146874934435,0,,
all,verify_frontend_cpu_001,2472,,,0,1,168,0.002135146874934435,0,,
all,verify_frontend_cpu_001,2474,,,0,1,168,0.002135146874934435,0,,
all,verify_frontend_cpu_001,2475,,,0,1,168,0.002135146874934435,0,,
all,verify_frontend_cpu_001,2476,,,0,1,168,0.002135146874934435,0,,
all,verify_frontend_cpu_001,2478,,,0,1,168,0.002135146874934435,0,,
all,verify_frontend_cpu_001,2479,,,0,1,168,0.002135146874934435,0,,
all,verify_frontend_cpu_001,2481,,,0,1,168,0.002135146874934435,0,,
all,verify_frontend_cpu_001,2483,,,0,1,168,0.002135146874934435,0,,
all,verify_frontend_cpu_001,2484,,,0,1,168,0.002135146874934435,0,,
all,verify_frontend_cpu_001,2485,,,0,1,168,0.002135146874934435,0,,
all,verify_frontend_cpu_001,2486,,,0,1,168,0.002135146874934435,0,,
all,verify_frontend_cpu_001,2487,,,0,1,168,0.002135146874934435,0,,
all,verify_frontend_cpu_001,2489,,,0,1,168,0.002135146874934435,0,,
all,verify_frontend_cpu_001,2490,,,0,1,168,0.002135146874934435,0,,
all,verify_frontend_cpu_001,2491,,,0,1,168,0.002135146874934435,0,,
all,verify_frontend_cpu_001,2493,,,0,1,168,0.002135146874934435,0,,
all,verify_frontend_cpu_001,2494,,,0,1,168,0.002135146874934435,0,,
all,verify_frontend_cpu_001,2495,,,0,1,168,0.002135146874934435,0,,
all,verify_frontend_cpu_001,2497,,,0,1,168,0.002135146874934435,0,,
all,verify_frontend_cpu_001,2498,,,0,1,168,0.002135146874934435,0,,
all,verify_frontend_cpu_001,2499,,,0,1,168,0.002135146874934435,0,,
all,verify_frontend_cpu_001,2501,,,0,1,168,0.002135146874934435,0,,
all,verify_frontend_cpu_001,2502,,,0,1,168,0.002135146874934435,0,,
all,verify_frontend_cpu_001,2504,,,0,1,168,0.002135146874934435,0,,
all,verify_frontend_cpu_001,2505,,,0,1,168,0.002135146874934435,0,,
all,verify_frontend_cpu_001,2507,,,0,1,168,0.002135146874934435,0,,
all,verify_frontend_cpu_001,2509,,,0,1,168,0.002135146874934435,0,,
all,verify_frontend_cpu_001,2510,,,0,1,168,0.002135146874934435,0,,
all,verify_frontend_cpu_001,2511,,,0,1,168,0.002135146874934435,0,,
all,verify_frontend_cpu_001,2512,,,0,1,168,0.002135146874934435,0,,
all,verify_frontend_cpu_001,2513,,,0,1,168,0.002135146874934435,0,,
all,verify_frontend_cpu_001,2514,,,0,1,168,0.002135146874934435,0,,
all,verify_frontend_cpu_001,2516,,,0,1,168,0.002135146874934435,0,,
all,verify_frontend_cpu_001,2517,,,0,1,168,0.002135146874934435,0,,
all,verify_frontend_cpu_001,2518,,,0,1,168,0.002135146874934435,0,,
all,verify_frontend_cpu_001,2520,,,0,1,168,0.002135146874934435,0,,
all,verify_frontend_cpu_001,356290112,1781450562.0,1781450564.0,0,46,163 164 165 163 170 165 163 164 165 163 166 165 163 167 163 170 165 163 164 165 1 2 201 4 5 171 163 164 165 165 163 164 165 163 164 165 163 169 165 163 170 165 163 172 173 174,0.3140535056591034,1,2026-06-14 15:22:42+00:00,2026-06-14 15:22:44+00:00
all,verify_frontend_cpu_001,356290113,1781450565.0,1781450569.0,0,46,175 165 163 164 165 163 169 165 163 170 165 163 165 163 170 163 166 165 163 167 165 163 166 165 163 167 163 166 165 163 167 171 171 171 165 165 165 163 164 165 163 169 165 163 170 165,0.2060251384973526,1,2026-06-14 15:22:45+00:00,2026-06-14 15:22:49+00:00
all,verify_frontend_cpu_001,356290114,1781450570.0,1781450573.0,0,45,35 2 202 4 5 161 163 164 165 163 164 165 163 169 165 163 170 165 163 172 173 174 175 165 163 170 163 166 165 163 167 165 171 165 163 170 165 163 164 165 163 165 163 164 165,0.27980560064315796,1,2026-06-14 15:22:50+00:00,2026-06-14 15:22:53+00:00
all,verify_frontend_cpu_001,356290115,1781450575.0,1781450579.0,0,63,8 2 203 4 5 161 163 164 165 163 164 165 163 169 165 163 170 165 163 172 173 174 175 165 163 164 163 164 165 165 163 167 163 164 165 171 163 165 165 163 164 165 163 164 165 163 170 165 163 164 165 163 164 165 163 164 165 163 164 165 163 164 165,0.2939522862434387,1,2026-06-14 15:22:55+00:00,2026-06-14 15:22:59+00:00
all,verify_frontend_cpu_001,356290116,1781450580.0,1781450584.0,0,71,163 164 165 163 164 165 163 169 165 163 170 165 163 164 165 163 165 10 2 204 4 5 161 163 164 165 163 164 165 163 169 165 163 170 165 163 172 173 174 175 165 163 166 165 163 167 163 164 163 164 163 167 165 165 163 169 165 163 170 163 167 165 171 171 171 165 165 165 163 164 165,0.3243296444416046,1,2026-06-14 15:23:00+00:00,2026-06-14 15:23:04+00:00
all,verify_frontend_cpu_001,356290117,1781450585.0,1781450588.0,0,43,163 166 165 163 167 163 164 165 171 165 163 170 165 163 164 165 163 164 165 163 169 165 163 170 165 163 165 163 166 165 163 167 171 165 163 164 165 163 170 165 163 164 165,0.20580725371837616,1,2026-06-14 15:23:05+00:00,2026-06-14 15:23:08+00:00
all,verify_frontend_cpu_001,356290118,1781450590.0,1781450594.0,0,66,163 164 165 163 167 163 164 165 171 165 163 165 163 167 171 165 163 164 165 163 164 165 163 164 165 163 164 163 167 163 164 165 165 163 169 165 163 170 165 35 2 205 4 5 161 171 165 163 167 163 164 165 163 169 165 163 170 171 165 165 163 172 173 174 175 165,0.2943284809589386,1,2026-06-14 15:23:10+00:00,2026-06-14 15:23:14+00:00
all,verify_frontend_cpu_001,356290119,1781450595.0,1781450599.0,0,28,163 164 165 163 164 165 163 169 165 163 170 165 163 164 165 163 165 163 166 165 163 167 163 164 165 163 164 165,0.202252596616745,0,2026-06-14 15:23:15+00:00,2026-06-14 15:23:19+00:00
all,verify_frontend_cpu_001,356290120,1781450600.0,1781450604.0,0,32,163 164 165 163 164 165 163 164 165 171 165 163 165 163 164 165 163 164 165 163 164 165 163 164 165 163 164 165 163 170 163 170,0.20253540575504303,0,2026-06-14 15:23:20+00:00,2026-06-14 15:23:24+00:00
all,verify_frontend_cpu_001,356290121,1781450605.0,1781450609.0,0,47,165 165 163 164 165 163 164 165 163 165 163 170 165 163 164 165 163 164 165 163 166 165 163 167 163 164 165 163 164 165 163 166 165 163 167 163 164 165 163 169 165 163 170 165 163 170 165,0.1997566670179367,0,2026-06-14 15:23:25+00:00,2026-06-14 15:23:29+00:00
all,verify_frontend_cpu_001,356290122,1781450610.0,1781450614.0,0,47,171 171 165 165 163 165 163 167 163 164 165 163 169 165 163 170 165 8 2 206 4 5 161 163 172 173 174 175 165 163 164 165 163 164 165 163 170 165 163 164 165 163 169 165 163 170 165,0.3052401542663574,1,2026-06-14 15:23:30+00:00,2026-06-14 15:23:34+00:00
all,verify_frontend_cpu_001,356290123,1781450615.0,1781450619.0,0,21,171 165 163 164 165 163 164 165 163 164 165 163 165 163 170 165 163 166 165 163 167,0.18068669736385345,0,2026-06-14 15:23:35+00:00,2026-06-14 15:23:39+00:00
all,verify_frontend_cpu_001,356290124,1781450620.0,1781450624.0,0,80,163 170 165 163 164 165 1 2 207 4 5 161 163 164 165 163 169 165 163 170 165 163 172 173 171 165 174 175 165 163 170 163 166 165 163 167 165 171 165 163 165 163 166 165 163 167 163 164 165 163 169 165 163 170 165 163 170 165 163 170 165 163 164 165 163 167 163 164 165 163 164 165 163 164 165 163 169 165 163 170,0.31101953983306885,1,2026-06-14 15:23:40+00:00,2026-06-14 15:23:44+00:00
all,verify_frontend_cpu_001,356290125,1781450625.0,1781450629.0,0,55,165 163 164 165 163 169 165 163 170 165 163 164 165 163 164 165 171 165 163 164 165 163 164 163 165 165 163 169 165 163 170 165 163 164 165 171 165 163 170 165 163 164 165 163 169 165 163 170 165 163 164 165 163 164 165,0.20164479315280914,0,2026-06-14 15:23:45+00:00,2026-06-14 15:23:49+00:00
all,verify_frontend_cpu_001,356290126,1781450631.0,1781450634.0,0,35,163 165 163 170 165 163 166 165 163 167 163 167 163 164 171 165 165 171 165 163 164 165 163 169 165 163 170 163 170 163 164 165 165 163 169,0.20190119743347168,0,2026-06-14 15:23:51+00:00,2026-06-14 15:23:54+00:00
all,verify_frontend_cpu_001,356290127,1781450635.0,1781450639.0,0,58,165 163 170 165 165 163 164 165 163 170 165 163 165 163 164 165 163 169 165 163 170 1 2 208 4 5 161 165 163 172 173 174 175 165 163 170 165 163 164 165 163 169 165 163 170 163 164 165 165 163 164 165 163 164 165 163 164 165,0.30047905445098877,1,2026-06-14 15:23:55+00:00,2026-06-14 15:23:59+00:00
all,verify_frontend_cpu_001,356290128,1781450641.0,1781450644.0,0,33,163 164 165 163 169 165 163 170 165 163 165 163 164 165 163 164 165 163 164 165 163 170 165 163 167 171 165 163 164 165 163 164 165,0.20687420666217804,1,2026-06-14 15:24:01+00:00,2026-06-14 15:24:04+00:00
all,verify_frontend_cpu_001,356290129,1781450646.0,1781450649.0,0,36,163 164 165 163 165 163 170 165 163 164 165 163 164 165 163 169 165 163 170 165 163 164 165 163 166 165 163 167 171 165 163 170 165 163 164 165,0.20784534513950348,1,2026-06-14 15:24:06+00:00,2026-06-14 15:24:09+00:00
all,verify_frontend_cpu_001,356290130,1781450650.0,1781450654.0,0,71,163 166 165 163 167 163 164 165 171 165 163 164 165 163 164 163 165 165 163 170 163 164 165 165 163 164 165 163 169 165 163 170 165 163 164 165 163 169 165 163 170 165 163 166 165 163 167 35 2 209 4 5 161 163 164 165 163 169 165 163 170 165 163 172 173 174 175 165 163 164 165,0.28458288311958313,1,2026-06-14 15:24:10+00:00,2026-06-14 15:24:14+00:00
all,verify_frontend_cpu_001,356290131,1781450655.0,1781450659.0,0,25,171 165 163 164 165 163 165 163 164 165 163 164 165 163 164 165 163 164 165 163 164 165 163 170 165,0.1961660534143448,0,2026-06-14 15:24:15+00:00,2026-06-14 15:24:19+00:00
all,verify_frontend_cpu_001,356290132,1781450660.0,1781450664.0,0,58,163 164 165 163 167 171 165 163 164 165 163 169 165 163 170 165 163 165 163 164 165 163 164 165 8 2 210 4 5 161 163 164 165 163 164 165 163 164 165 163 169 165 163 170 165 163 172 173 174 175 165 163 164 165 163 167 171 165,0.30712854862213135,1,2026-06-14 15:24:20+00:00,2026-06-14 15:24:24+00:00
all,verify_frontend_cpu_001,356290133,1781450665.0,1781450669.0,0,45,163 164 165 163 164 165 163 164 165 163 165 163 166 165 163 167 163 164 165 163 164 165 171 165 163 164 165 163 164 163 164 165 165 163 164 165 163 164 165 163 164 165 163 164 165,0.20679472386837006,1,2026-06-14 15:24:25+00:00,2026-06-14 15:24:29+00:00
all,verify_frontend_cpu_001,356290134,1781450670.0,1781450674.0,0,48,163 164 165 163 169 165 163 170 165 163 170 165 163 164 165 1 2 211 4 5 161 163 164 165 163 169 165 163 170 165 163 172 173 174 175 165 163 165 163 167 171 165 163 164 165 163 164 165,0.3075829744338989,1,2026-06-14 15:24:30+00:00,2026-06-14 15:24:34+00:00
all,verify_frontend_cpu_001,356290135,1781450675.0,1781450679.0,0,39,163 164 165 163 164 165 163 167 171 165 163 164 165 163 165 163 164 165 163 164 165 163 170 165 163 164 165 163 169 165 163 170 165 163 164 165 163 164 165,0.20787671208381653,1,2026-06-14 15:24:35+00:00,2026-06-14 15:24:39+00:00
all,verify_frontend_cpu_001,356290136,1781450680.0,1781450684.0,0,42,163 166 165 163 167 163 170 165 163 165 163 164 165 163 164 165 171 165 163 164 165 163 164 165 163 164 163 164 165 165 163 169 165 163 170 163 164 165 165 163 164 165,0.20982374250888824,1,2026-06-14 15:24:40+00:00,2026-06-14 15:24:44+00:00
all,verify_frontend_cpu_001,356290137,1781450685.0,1781450687.0,0,36,163 164 165 6 2 212 4 5 161 163 164 165 163 169 165 163 170 165 163 172 173 174 175 165 163 164 165 163 165 163 166 165 163 167 171 165,0.3006518483161926,1,2026-06-14 15:24:45+00:00,2026-06-14 15:24:47+00:00
all,verify_frontend_cpu_001,356290138,1781450690.0,1781450693.0,0,54,163 164 165 163 169 165 163 170 165 163 166 165 163 167 163 164 165 163 169 165 163 170 171 165 165 163 164 165 163 165 163 164 165 163 164 165 163 169 165 163 170 165 163 164 163 164 163 164 165 165 165 163 170 165,0.21538330614566803,1,2026-06-14 15:24:50+00:00,2026-06-14 15:24:53+00:00
all,verify_frontend_cpu_001,356290139,1781450695.0,1781450699.0,0,53,163 170 163 166 165 163 167 165 163 167 163 166 165 163 167 171 165 163 164 165 171 165 171 165 163 164 165 163 165 163 170 165 163 170 165 163 164 165 163 169 165 163 170 165 163 170 165 163 170 165 163 164 165,0.2144678831100464,1,2026-06-14 15:24:55+00:00,2026-06-14 15:24:59+00:00
all,verify_frontend_cpu_001,356290140,1781450700.0,1781450703.0,0,61,163 164 165 163 169 165 163 170 165 1 2 213 4 5 161 163 172 173 174 175 165 163 166 165 163 167 171 165 163 165 163 164 165 163 169 165 163 170 163 164 165 163 169 165 163 170 165 163 164 165 163 166 165 165 163 167 171 165 163 164 165,0.3308778703212738,1,2026-06-14 15:25:00+00:00,2026-06-14 15:25:03+00:00
all,verify_frontend_cpu_001,356290141,1781450705.0,1781450709.0,0,42,163 164 165 163 164 165 163 169 165 163 170 165 163 164 165 163 170 165 163 165 163 164 165 163 164 165 163 164 165 163 164 165 163 164 165 163 167 163 166 165 163 167,0.20999827980995178,1,2026-06-14 15:25:05+00:00,2026-06-14 15:25:09+00:00
all,verify_frontend_cpu_001,356290142,1781450710.0,1781450714.0,0,26,171 165 171 165 163 166 165 163 167 163 167 163 164 165 163 165 163 164 171 171 165 165 165 163 164 165,0.2008170336484909,0,2026-06-14 15:25:10+00:00,2026-06-14 15:25:14+00:00
all,verify_frontend_cpu_001,356290143,1781450715.0,1781450719.0,0,61,10 2 214 4 5 161 163 164 165 163 169 165 163 170 165 163 172 173 174 175 165 163 164 165 163 165 163 164 165 163 166 165 163 167 163 164 165 163 164 165 163 170 165 163 170 165 171 165 163 166 165 163 167 163 164 165 171 165 163 164 165,0.3003701865673065,1,2026-06-14 15:25:15+00:00,2026-06-14 15:25:19+00:00
all,verify_frontend_cpu_001,356290144,1781450720.0,1781450724.0,0,41,163 164 10 2 215 4 5 161 165 163 164 165 163 169 165 163 170 165 163 172 173 174 175 165 163 165 163 170 165 163 164 165 163 164 165 163 164 165 163 164 165,0.29468291997909546,1,2026-06-14 15:25:20+00:00,2026-06-14 15:25:24+00:00
all,verify_frontend_cpu_001,356290145,1781450725.0,1781450729.0,0,40,163 164 165 163 164 165 163 166 165 163 167 171 165 163 170 165 163 165 163 164 165 163 169 165 163 170 165 163 170 165 163 167 163 170 165 163 164 171 165 165,0.20863159000873566,1,2026-06-14 15:25:25+00:00,2026-06-14 15:25:29+00:00
all,verify_frontend_cpu_001,356290146,1781450730.0,1781450734.0,0,68,35 2 216 4 5 161 163 164 165 163 169 165 163 170 165 163 172 173 174 175 165 163 164 165 163 170 165 163 165 163 164 163 164 165 165 163 169 165 163 170 10 2 217 4 5 161 165 163 172 173 174 175 165 163 164 165 163 170 165 163 170 165 163 164 165 163 170 165,0.315979927778244,1,2026-06-14 15:25:30+00:00,2026-06-14 15:25:34+00:00
all,verify_frontend_cpu_001,356290147,1781450735.0,1781450739.0,0,41,163 164 165 163 164 165 163 169 165 163 170 163 164 165 165 163 170 165 163 165 163 164 165 163 164 165 163 169 165 163 170 165 163 164 165 163 164 165 163 164 165,0.2075277715921402,1,2026-06-14 15:25:35+00:00,2026-06-14 15:25:39+00:00
all,verify_frontend_cpu_001,356290148,1781450740.0,1781450744.0,0,64,163 164 165 163 165 163 164 165 163 164 165 163 169 165 163 170 165 163 164 165 163 166 165 163 167 171 165 163 170 165 13 2 218 4 5 161 163 164 165 163 169 165 163 170 165 163 172 173 174 175 165 163 170 165 163 164 165 163 164 163 166 165 163 167,0.3103269636631012,1,2026-06-14 15:25:40+00:00,2026-06-14 15:25:44+00:00
all,verify_frontend_cpu_001,356290149,1781450745.0,1781450749.0,0,52,1 2 219 4 5 161 165 163 169 165 163 170 171 165 165 163 172 173 174 175 165 163 165 163 164 165 163 164 165 163 166 165 163 167 163 164 163 164 165 165 163 164 165 163 164 165 163 169 165 163 170 165,0.2856005132198334,1,2026-06-14 15:25:45+00:00,2026-06-14 15:25:49+00:00
all,verify_frontend_cpu_001,356290150,1781450751.0,1781450753.0,0,37,163 164 165 163 164 165 163 166 165 163 167 163 165 163 164 165 163 169 165 163 170 165 171 165 163 166 165 163 167 163 166 165 163 167 163 170 165,0.20924735069274902,1,2026-06-14 15:25:51+00:00,2026-06-14 15:25:53+00:00
all,verify_frontend_cpu_001,356290151,1781450755.0,1781450759.0,0,58,171 165 163 166 165 163 167 163 164 165 163 164 165 163 165 35 2 220 4 161 163 164 163 164 165 163 169 165 163 170 165 171 165 165 163 172 173 171 165 174 175 165 5 163 164 165 163 169 165 163 170 165 163 170 165 163 164 165,0.28887417912483215,1,2026-06-14 15:25:55+00:00,2026-06-14 15:25:59+00:00
all,verify_frontend_cpu_001,356290152,1781450760.0,1781450764.0,0,43,171 165 163 164 165 163 169 165 163 170 165 163 165 13 2 221 4 5 161 163 164 165 163 169 165 163 170 165 163 172 173 174 175 165 163 170 165 163 170 165 163 170 165,0.31478801369667053,1,2026-06-14 15:26:00+00:00,2026-06-14 15:26:04+00:00
all,verify_frontend_cpu_001,356290153,1781450765.0,1781450769.0,0,55,163 164 165 163 164 165 163 166 165 163 167 163 164 165 163 165 163 164 163 170 165 171 163 169 165 165 163 170 165 165 163 164 165 163 164 165 163 164 165 163 169 165 163 170 163 164 165 165 163 164 165 163 167 171 165,0.20701628923416138,1,2026-06-14 15:26:05+00:00,2026-06-14 15:26:09+00:00
all,verify_frontend_cpu_001,356290154,1781450770.0,1781450774.0,0,31,163 170 165 163 164 165 163 164 165 163 165 163 164 165 163 164 165 163 164 165 163 170 165 163 164 163 166 165 163 167 165,0.20427627861499786,0,2026-06-14 15:26:10+00:00,2026-06-14 15:26:14+00:00
all,verify_frontend_cpu_001,356290155,1781450775.0,1781450779.0,0,50,171 165 163 170 165 163 164 165 163 169 165 163 170 165 163 170 165 163 164 165 163 169 165 163 170 165 163 165 163 164 165 163 169 165 163 170 165 163 170 165 163 164 165 163 166 165 163 167 163 164,0.20501434803009033,1,2026-06-14 15:26:15+00:00,2026-06-14 15:26:19+00:00
all,verify_frontend_cpu_001,356290156,1781450780.0,1781450784.0,0,74,1 2 222 4 5 161 171 165 165 163 169 165 163 170 163 170 163 170 165 165 163 172 173 165 174 175 165 163 164 165 163 164 165 163 165 163 170 165 163 166 165 163 167 171 165 163 170 165 163 164 165 6 2 223 4 5 161 163 164 165 163 169 165 163 170 165 163 172 173 174 175 165 163 167,0.316776305437088,1,2026-06-14 15:26:20+00:00,2026-06-14 15:26:24+00:00
all,verify_frontend_cpu_001,356290157,1781450785.0,1781450789.0,0,39,171 165 163 166 165 163 167 171 165 163 165 163 170 165 163 164 165 163 166 165 163 167 171 165 163 164 165 163 164 165 163 170 165 163 164 165 163 164 165,0.20599247515201569,1,2026-06-14 15:26:25+00:00,2026-06-14 15:26:29+00:00
all,verify_frontend_cpu_001,356290158,1781450790.0,1781450794.0,0,42,163 166 165 163 167 171 165 163 164 165 163 170 165 163 164 165 163 165 163 164 165 163 169 165 163 170 165 163 164 165 163 169 165 163 170 165 163 164 165 163 170 165,0.20330016314983368,0,2026-06-14 15:26:30+00:00,2026-06-14 15:26:34+00:00
all,verify_frontend_cpu_001,356290159,1781450795.0,1781450799.0,0,23,163 170 165 163 164 165 163 164 165 163 165 163 164 165 163 164 165 163 164 165 163 164 165,0.18927498161792755,0,2026-06-14 15:26:35+00:00,2026-06-14 15:26:39+00:00
all,verify_frontend_cpu_001,356290160,1781450801.0,1781450804.0,0,45,6 2 224 4 5 161 163 170 165 163 170 165 163 164 165 163 169 165 163 170 165 163 172 173 174 163 165 175 165 163 164 165 163 170 165 163 167 163 170 165 171 165 163 170 165,0.2535128891468048,1,2026-06-14 15:26:41+00:00,2026-06-14 15:26:44+00:00
all,verify_frontend_cpu_001,356290161,1781450805.0,1781450809.0,0,57,163 164 165 163 164 165 163 169 165 163 170 165 163 164 165 163 169 165 163 170 165 163 164 165 163 169 165 163 170 165 163 165 163 164 165 163 164 165 163 164 165 163 170 165 163 164 165 163 169 165 163 170 165 163 167 171 165,0.1894315630197525,0,2026-06-14 15:26:45+00:00,2026-06-14 15:26:49+00:00
all,verify_frontend_cpu_001,356290162,1781450810.0,1781450814.0,0,51,163 166 165 163 167 171 165 13 2 225 4 5 161 163 164 165 163 164 165 163 169 165 163 170 165 163 172 173 174 175 165 163 165 163 164 165 163 164 165 163 164 165 163 164 165 163 170 165 163 164 165,0.2896609306335449,1,2026-06-14 15:26:50+00:00,2026-06-14 15:26:54+00:00
all,verify_frontend_cpu_001,356290163,1781450816.0,1781450819.0,0,47,163 164 165 163 165 163 170 165 163 164 165 163 164 165 163 169 165 163 170 165 163 166 165 163 167 163 164 165 163 166 165 163 167 171 165 163 164 165 163 169 165 163 170 171 165 163 164,0.18813778460025787,0,2026-06-14 15:26:56+00:00,2026-06-14 15:26:59+00:00
all,verify_frontend_cpu_001,356290164,1781450820.0,1781450824.0,0,109,8 2 226 4 5 161 165 165 163 169 165 163 170 163 170 165 165 163 172 173 163 164 174 165 175 165 163 164 165 163 169 165 163 170 6 2 227 4 5 161 163 164 165 163 172 173 165 174 175 165 163 165 163 164 165 8 2 228 4 5 161 163 164 165 163 164 165 163 169 165 163 170 165 163 172 173 174 175 165 1 2 229 4 5 161 163 164 165 163 169 165 163 170 165 163 172 173 174 175 165 163 164 165 163 170 165 163 164 165,0.31792590022087097,1,2026-06-14 15:27:00+00:00,2026-06-14 15:27:04+00:00
all,verify_frontend_cpu_001,356290165,1781450825.0,1781450829.0,0,27,163 167 171 165 163 170 165 163 165 163 164 165 163 170 165 163 164 165 163 164 165 163 164 165 163 170 165,0.18745025992393494,0,2026-06-14 15:27:05+00:00,2026-06-14 15:27:09+00:00
all,verify_frontend_cpu_001,356290166,1781450830.0,1781450834.0,0,50,163 166 165 163 167 163 167 163 167 171 165 163 166 165 163 167 171 165 171 165 171 165 163 165 163 164 165 163 164 165 163 169 165 163 170 165 163 167 171 165 163 170 165 163 164 200 165 163 164 165,0.2512030601501465,1,2026-06-14 15:27:10+00:00,2026-06-14 15:27:14+00:00
all,verify_frontend_cpu_001,356290167,1781450835.0,1781450839.0,0,49,163 166 165 163 167 171 165 163 166 165 163 167 163 166 165 163 167 163 164 171 165 165 163 169 165 163 170 171 165 165 163 165 163 164 165 163 164 165 163 170 165 163 164 165 163 170 165 163 167,0.18925708532333374,0,2026-06-14 15:27:15+00:00,2026-06-14 15:27:19+00:00
all,verify_frontend_cpu_001,356290168,1781450840.0,1781450844.0,0,46,171 165 13 2 230 4 5 161 163 170 165 163 164 165 163 169 165 163 170 163 165 165 163 172 173 174 175 165 163 164 165 163 164 165 163 170 165 163 164 165 163 164 165 163 164 165,0.29724952578544617,1,2026-06-14 15:27:20+00:00,2026-06-14 15:27:24+00:00
all,verify_frontend_cpu_001,356290169,1781450846.0,1781450849.0,0,27,163 164 163 170 165 165 163 164 165 163 165 163 164 165 163 164 165 163 166 165 163 167 171 165 163 164 165,0.20193153619766235,0,2026-06-14 15:27:26+00:00,2026-06-14 15:27:29+00:00
all,verify_frontend_cpu_001,356290170,1781450850.0,1781450854.0,0,54,163 170 165 163 166 165 163 167 171 165 163 170 165 163 164 165 163 165 163 166 165 163 167 163 164 165 171 165 163 170 165 163 164 165 163 164 165 163 169 165 163 170 165 163 164 165 163 164 165 163 169 165 163 170,0.21198855340480804,1,2026-06-14 15:27:30+00:00,2026-06-14 15:27:34+00:00
all,verify_frontend_cpu_001,356290171,1781450855.0,1781450859.0,0,39,165 163 170 165 163 164 163 167 165 171 165 163 167 171 165 163 165 163 167 171 165 163 164 165 163 169 165 163 170 165 163 164 165 163 164 165 163 164 165,0.21047969162464142,1,2026-06-14 15:27:35+00:00,2026-06-14 15:27:39+00:00
all,verify_frontend_cpu_001,356290172,1781450860.0,1781450864.0,0,65,163 164 165 163 169 165 163 170 163 170 163 164 165 165 165 6 2 231 4 5 161 163 164 165 163 169 165 163 170 163 164 165 163 172 173 165 174 163 169 165 163 170 175 165 165 163 165 163 164 165 163 170 165 163 164 165 163 169 165 163 170 165 163 164 165,0.3203859329223633,1,2026-06-14 15:27:40+00:00,2026-06-14 15:27:44+00:00
all,verify_frontend_cpu_001,356290173,1781450865.0,1781450869.0,0,59,6 2 232 4 5 161 163 164 165 163 164 165 163 169 165 163 170 165 163 172 173 174 175 165 163 164 165 163 164 165 163 164 165 163 169 165 163 170 165 163 166 165 163 167 171 165 163 165 163 164 165 163 169 165 163 170 165 163 164,0.2945362329483032,1,2026-06-14 15:27:45+00:00,2026-06-14 15:27:49+00:00
all,verify_frontend_cpu_001,356290174,1781450870.0,1781450874.0,0,53,165 163 164 165 163 166 165 163 167 163 167 171 165 171 165 163 165 163 167 171 165 163 164 165 163 166 165 163 167 171 165 163 164 165 163 169 165 163 170 165 163 164 165 163 164 165 163 167 171 165 163 164 165,0.21204392611980438,1,2026-06-14 15:27:50+00:00,2026-06-14 15:27:54+00:00
all,verify_frontend_cpu_001,356290175,1781450875.0,1781450879.0,0,27,163 164 165 163 164 165 163 165 163 166 165 163 167 163 170 171 165 165 163 164 165 163 170 165 163 164 165,0.20193377137184143,0,2026-06-14 15:27:55+00:00,2026-06-14 15:27:59+00:00
all,verify_frontend_cpu_001,356290176,1781450880.0,1781450883.0,0,38,163 164 165 163 166 165 163 167 163 170 165 171 165 163 165 163 164 165 163 169 165 163 170 165 163 164 165 163 164 165 163 167 163 167 171 165 171 165,0.20499370992183685,0,2026-06-14 15:28:00+00:00,2026-06-14 15:28:03+00:00
all,verify_frontend_cpu_001,356290177,1781450885.0,1781450889.0,0,65,163 164 165 163 169 165 163 170 165 163 165 163 170 165 163 167 163 164 165 163 169 165 163 170 171 165 165 163 166 165 163 167 163 164 6 2 233 4 5 161 165 171 165 163 167 163 164 171 165 165 163 169 165 163 170 165 163 172 173 174 163 164 175 165 165,0.2820624113082886,1,2026-06-14 15:28:05+00:00,2026-06-14 15:28:09+00:00
all,verify_frontend_cpu_001,356290178,1781450890.0,1781450893.0,0,27,163 164 165 163 167 171 165 163 165 163 164 165 163 170 165 163 164 165 163 164 165 163 169 165 163 170 165,0.1971733421087265,0,2026-06-14 15:28:10+00:00,2026-06-14 15:28:13+00:00
all,verify_frontend_cpu_001,356290179,1781450895.0,1781450899.0,0,37,163 164 165 163 164 165 163 169 165 163 170 165 163 164 165 163 165 163 170 165 163 166 165 163 167 171 165 163 167 171 165 163 170 165 163 170 165,0.20395511388778687,0,2026-06-14 15:28:15+00:00,2026-06-14 15:28:19+00:00
all,verify_frontend_cpu_001,356290180,1781450900.0,1781450904.0,0,57,163 164 165 10 2 234 4 5 161 163 164 165 163 169 165 163 170 163 165 163 170 165 163 172 173 174 175 165 165 163 170 165 163 164 165 163 164 165 163 164 165 163 166 165 163 167 171 165 163 164 165 163 169 165 163 170 165,0.28900524973869324,1,2026-06-14 15:28:20+00:00,2026-06-14 15:28:24+00:00
all,verify_frontend_cpu_001,356290181,1781450905.0,1781450909.0,0,34,163 164 165 163 164 165 163 167 163 165 171 165 163 164 165 163 164 165 163 164 165 163 164 163 166 165 163 167 165 171 165 163 164 165,0.20400099456310272,0,2026-06-14 15:28:25+00:00,2026-06-14 15:28:29+00:00
all,verify_frontend_cpu_001,356290182,1781450910.0,1781450914.0,0,78,163 164 165 163 169 165 163 170 165 163 170 165 163 164 165 163 169 165 163 170 165 163 165 163 166 165 163 167 171 165 163 164 165 163 169 165 163 170 163 170 165 165 163 164 165 163 164 165 163 169 165 163 170 165 10 2 235 4 5 161 163 164 165 163 169 165 163 170 165 163 172 173 174 175 165 163 164 165,0.2951197624206543,1,2026-06-14 15:28:30+00:00,2026-06-14 15:28:34+00:00
all,verify_frontend_cpu_001,356290183,1781450916.0,1781450919.0,0,32,163 165 163 164 163 164 163 164 165 165 163 170 165 163 169 165 163 170 165 165 163 164 165 163 164 165 163 170 165 163 164 165,0.20220419764518738,0,2026-06-14 15:28:36+00:00,2026-06-14 15:28:39+00:00
all,verify_frontend_cpu_001,356290184,1781450920.0,1781450924.0,0,59,13 2 236 4 5 161 163 164 163 170 165 163 169 165 163 170 165 165 163 164 165 163 169 165 163 170 165 163 172 173 174 175 165 163 164 165 163 164 165 163 169 165 163 170 165 163 164 165 163 165 163 164 165 163 164 165 163 170 165,0.3005681037902832,1,2026-06-14 15:28:40+00:00,2026-06-14 15:28:44+00:00
all,verify_frontend_cpu_001,356290185,1781450925.0,1781450929.0,0,59,163 164 165 163 166 165 163 167 163 164 165 171 165 163 166 165 163 167 171 165 163 167 171 165 163 164 165 163 169 165 163 170 165 163 165 163 164 165 163 164 165 163 169 165 163 170 165 163 164 165 163 164 165 163 164 165 163 164 165,0.220243901014328,1,2026-06-14 15:28:45+00:00,2026-06-14 15:28:49+00:00
all,verify_frontend_cpu_001,356290186,1781450931.0,1781450934.0,0,30,163 164 165 163 165 163 164 165 163 164 165 163 167 163 164 165 171 165 163 170 165 163 164 165 163 164 165 163 164 165,0.208430215716362,1,2026-06-14 15:28:51+00:00,2026-06-14 15:28:54+00:00
all,verify_frontend_cpu_001,356290187,1781450935.0,1781450939.0,0,37,163 164 165 163 170 165 163 164 165 163 166 165 163 167 171 165 163 165 163 164 165 163 164 165 163 164 165 163 164 163 166 165 163 167 165 171 165,0.21387642621994019,1,2026-06-14 15:28:55+00:00,2026-06-14 15:28:59+00:00
all,verify_frontend_cpu_001,356290188,1781450940.0,1781450944.0,0,43,163 170 165 163 170 165 163 165 163 166 165 163 167 171 165 163 166 165 163 167 163 166 165 163 167 171 165 163 166 165 163 167 171 165 171 165 163 166 165 163 167 171 165,0.21197541058063507,1,2026-06-14 15:29:00+00:00,2026-06-14 15:29:04+00:00
all,verify_frontend_cpu_001,356290189,1781450945.0,1781450949.0,0,38,163 164 163 164 165 165 163 164 165 163 164 165 163 165 163 167 163 166 165 163 167 163 166 165 163 167 163 164 165 171 171 171 165 165 165 163 164 165,0.2139066755771637,1,2026-06-14 15:29:05+00:00,2026-06-14 15:29:09+00:00
all,verify_frontend_cpu_001,356290190,1781450950.0,1781450954.0,0,51,163 164 165 163 167 163 165 171 165 10 2 237 4 5 161 163 164 165 163 164 165 163 169 165 163 170 165 163 172 173 163 164 165 174 175 165 163 164 165 163 164 165 163 164 165 163 167 171 165 163 167,0.3299882709980011,1,2026-06-14 15:29:10+00:00,2026-06-14 15:29:14+00:00
all,verify_frontend_cpu_001,356290191,1781450955.0,1781450959.0,0,49,171 165 163 164 163 164 165 165 163 164 165 163 169 165 163 170 165 163 166 165 163 167 171 165 163 165 163 164 163 164 165 165 163 164 165 163 167 163 167 163 164 171 165 163 166 165 163 167 165,0.2147447019815445,1,2026-06-14 15:29:15+00:00,2026-06-14 15:29:19+00:00
all,verify_frontend_cpu_001,356290192,1781450960.0,1781450964.0,0,20,171 165 171 165 163 165 163 167 163 164 165 163 170 165 163 164 165 163 164 165,0.18143786489963531,0,2026-06-14 15:29:20+00:00,2026-06-14 15:29:24+00:00
all,verify_frontend_cpu_001,356290193,1781450965.0,1781450968.0,0,37,163 164 165 163 164 165 163 169 165 163 170 165 163 165 171 165 163 164 165 163 169 165 163 170 165 163 164 165 163 164 165 163 164 163 164 165 165,0.2100313901901245,1,2026-06-14 15:29:25+00:00,2026-06-14 15:29:28+00:00
all,verify_frontend_cpu_001,356290194,1781450970.0,1781450974.0,0,49,163 164 165 163 164 165 163 164 165 163 169 165 163 170 165 163 165 163 164 165 163 169 165 163 170 165 163 164 165 163 164 165 163 169 165 163 170 165 163 164 165 163 170 165 163 167 163 164 165,0.20867611467838287,1,2026-06-14 15:29:30+00:00,2026-06-14 15:29:34+00:00
all,verify_frontend_cpu_001,356290195,1781450975.0,1781450979.0,0,68,163 164 165 163 169 165 163 170 165 163 164 165 171 165 163 164 165 163 169 165 163 170 163 166 165 163 167 163 165 165 171 165 163 164 165 163 169 165 163 170 10 2 238 4 5 161 165 163 172 173 174 175 165 163 164 165 163 164 165 163 169 165 163 170 165 163 164 165,0.3020124137401581,1,2026-06-14 15:29:35+00:00,2026-06-14 15:29:39+00:00
all,verify_frontend_cpu_001,356290196,1781450980.0,1781450984.0,0,46,163 164 165 163 164 165 163 169 165 163 170 165 163 164 165 163 170 165 163 165 163 164 165 163 169 165 163 170 165 163 167 171 165 163 164 165 163 164 165 163 166 165 163 167 163 164,0.20763905346393585,1,2026-06-14 15:29:40+00:00,2026-06-14 15:29:44+00:00
all,verify_frontend_cpu_001,356290197,1781450985.0,1781450989.0,0,54,165 163 169 165 163 170 171 165 165 163 164 165 163 166 165 163 167 171 165 163 164 165 163 165 163 164 165 163 164 165 163 169 165 163 170 165 163 164 165 163 170 165 163 164 165 163 169 165 163 170 165 163 164 165,0.21033650636672974,1,2026-06-14 15:29:45+00:00,2026-06-14 15:29:49+00:00
all,verify_frontend_cpu_001,356290198,1781450990.0,1781450994.0,0,41,163 164 165 163 164 165 163 164 165 163 165 163 166 165 163 167 163 164 165 171 165 163 164 163 170 165 165 163 164 165 163 166 165 163 167 171 165 163 170 163 164,0.20844918489456177,1,2026-06-14 15:29:50+00:00,2026-06-14 15:29:54+00:00
all,verify_frontend_cpu_001,356290199,1781450995.0,1781450999.0,0,43,8 2 239 4 5 161 165 163 169 165 163 170 165 165 163 172 173 163 164 165 174 175 165 163 164 165 163 165 163 164 165 163 164 165 163 164 165 163 164 165 163 164 165,0.28116926550865173,1,2026-06-14 15:29:55+00:00,2026-06-14 15:29:59+00:00
all,verify_frontend_cpu_001,356290200,1781451000.0,1781451004.0,0,42,163 164 165 163 164 163 164 165 165 163 165 163 170 165 163 164 165 163 167 163 164 165 163 164 165 163 164 165 163 164 165 163 170 165 163 164 165 171 165 163 164 165,0.19101905822753906,0,2026-06-14 15:30:00+00:00,2026-06-14 15:30:04+00:00
all,verify_frontend_cpu_001,356290201,1781451005.0,1781451009.0,0,18,163 166 165 163 167 171 165 163 164 165 163 165 163 164 165 163 170 165,0.1525222212076187,0,2026-06-14 15:30:05+00:00,2026-06-14 15:30:09+00:00
all,verify_frontend_cpu_001,356290202,1781451010.0,1781451014.0,0,98,1 2 240 4 5 161 163 166 165 163 167 163 164 165 163 169 165 163 170 171 163 170 165 165 163 172 173 165 174 175 165 163 170 165 163 165 163 164 165 163 164 13 2 241 4 5 161 165 163 164 165 163 164 165 163 169 165 163 170 165 163 172 173 163 164 174 175 165 165 163 169 165 163 170 165 6 163 164 163 164 165 163 169 165 163 170 165 163 169 165 163 170 163 164 165 163 172 173,0.30469074845314026,1,2026-06-14 15:30:10+00:00,2026-06-14 15:30:14+00:00
all,verify_frontend_cpu_001,356290203,1781451015.0,1781451019.0,0,48,2 242 4 5 161 174 165 163 169 165 163 170 175 165 165 165 163 164 165 163 165 163 164 165 163 164 165 163 164 165 163 169 165 163 170 165 163 164 165 163 164 165 163 169 165 163 170 165,0.24037741124629974,1,2026-06-14 15:30:15+00:00,2026-06-14 15:30:19+00:00
all,verify_frontend_cpu_001,356290204,1781451020.0,1781451024.0,0,51,163 170 165 163 170 165 163 164 165 163 169 165 163 170 165 163 165 163 167 10 2 243 4 5 161 171 165 163 164 165 163 169 165 163 170 165 163 172 173 174 175 165 163 164 163 164 165 165 163 164 165,0.2940900921821594,1,2026-06-14 15:30:20+00:00,2026-06-14 15:30:24+00:00
all,verify_frontend_cpu_001,356290205,1781451025.0,1781451029.0,0,35,163 164 163 164 165 165 163 165 163 164 165 163 164 165 163 169 165 163 170 165 163 170 165 163 170 165 163 164 165 163 164 165 163 164 165,0.1939152032136917,0,2026-06-14 15:30:25+00:00,2026-06-14 15:30:29+00:00
all,verify_frontend_cpu_001,356290206,1781451030.0,1781451034.0,0,39,163 166 165 163 167 163 164 171 165 165 163 169 165 163 170 165 163 170 165 163 165 163 170 165 163 164 165 163 164 165 163 164 165 163 164 165 163 170 165,0.1929667592048645,0,2026-06-14 15:30:30+00:00,2026-06-14 15:30:34+00:00
all,verify_frontend_cpu_001,356290207,1781451035.0,1781451038.0,0,84,6 2 244 4 5 161 163 164 165 163 169 165 163 170 165 163 172 173 174 175 165 163 164 165 6 2 245 4 5 161 163 170 165 163 165 163 164 165 163 169 165 163 170 165 163 172 173 174 175 165 13 2 246 4 5 161 163 164 165 163 169 165 163 170 165 163 172 173 174 175 165 163 164 165 163 170 165 163 166 165 163 167 171 165,0.3105037212371826,1,2026-06-14 15:30:35+00:00,2026-06-14 15:30:38+00:00
all,verify_frontend_cpu_001,356290208,1781451040.0,1781451044.0,0,59,163 170 165 163 164 165 163 164 165 163 169 165 163 170 165 163 164 163 165 165 163 169 165 163 170 165 163 164 165 163 164 165 163 164 165 8 2 247 4 5 161 163 170 165 163 164 165 163 169 165 163 170 165 163 172 173 174 175 165,0.28008630871772766,1,2026-06-14 15:30:40+00:00,2026-06-14 15:30:44+00:00
all,verify_frontend_cpu_001,356290209,1781451045.0,1781451048.0,0,42,163 164 165 163 170 165 163 164 165 163 169 165 163 170 165 163 166 165 163 167 163 164 165 163 165 163 164 165 171 165 163 164 163 170 165 165 163 164 165 163 164 165,0.20580406486988068,1,2026-06-14 15:30:45+00:00,2026-06-14 15:30:48+00:00
all,verify_frontend_cpu_001,356290210,1781451050.0,1781451054.0,0,49,163 164 165 163 166 165 163 167 171 165 163 165 163 166 165 163 167 171 165 163 164 163 166 165 163 167 165 171 165 163 166 165 163 167 163 164 163 167 165 171 165 163 164 163 170 165 165 171 165,0.2069849818944931,1,2026-06-14 15:30:50+00:00,2026-06-14 15:30:54+00:00
all,verify_frontend_cpu_001,356290211,1781451055.0,1781451059.0,0,45,163 164 165 163 170 165 163 164 163 164 163 165 165 165 163 164 165 163 164 1 2 248 4 5 161 165 163 164 165 163 169 165 163 170 165 163 172 173 163 167 174 175 165 171 165,0.3185226619243622,1,2026-06-14 15:30:55+00:00,2026-06-14 15:30:59+00:00
all,verify_frontend_cpu_001,356290212,1781451060.0,1781451063.0,0,72,163 164 165 163 166 165 163 167 163 166 165 163 167 171 165 171 165 163 170 165 13 2 249 4 5 161 163 170 165 163 164 165 163 169 165 163 170 165 163 172 173 174 175 165 163 165 163 170 165 163 164 165 163 164 165 163 164 165 163 166 165 163 167 163 166 165 163 167 171 165 171 165,0.3186885118484497,1,2026-06-14 15:31:00+00:00,2026-06-14 15:31:03+00:00
all,verify_frontend_cpu_001,356290213,1781451065.0,1781451069.0,0,44,163 164 165 163 164 165 163 167 171 165 163 164 165 163 164 165 163 164 165 163 165 163 164 165 163 169 165 163 170 165 163 164 165 163 170 165 163 164 165 163 166 165 163 167,0.20439492166042328,0,2026-06-14 15:31:05+00:00,2026-06-14 15:31:09+00:00
all,verify_frontend_cpu_001,356290214,1781451070.0,1781451074.0,0,46,171 165 163 164 165 163 164 165 163 164 165 163 165 163 164 165 163 169 165 163 170 165 163 164 165 163 169 165 163 170 165 163 164 165 163 169 165 163 170 165 163 164 165 163 164 165,0.204678013920784,0,2026-06-14 15:31:10+00:00,2026-06-14 15:31:14+00:00
all,verify_frontend_cpu_001,356290215,1781451075.0,1781451078.0,0,34,163 164 165 163 164 165 163 169 165 163 170 165 163 167 163 167 163 164 165 171 165 171 165 163 165 163 164 165 163 164 165 163 164 165,0.20713092386722565,1,2026-06-14 15:31:15+00:00,2026-06-14 15:31:18+00:00
all,verify_frontend_cpu_001,356290216,1781451080.0,1781451084.0,0,71,163 167 163 164 165 163 169 165 163 170 1 171 165 165 163 164 165 163 164 165 163 165 163 164 165 163 169 165 163 170 165 163 172 173 2 250 4 5 161 174 175 165 163 164 165 163 164 165 163 167 163 166 165 163 167 171 165 171 165 163 164 165 163 169 165 163 170 163 164 165 165,0.29961153864860535,1,2026-06-14 15:31:20+00:00,2026-06-14 15:31:24+00:00
all,verify_frontend_cpu_001,356290217,1781451085.0,1781451089.0,0,27,163 164 165 163 164 165 163 170 165 163 165 163 164 165 163 167 171 165 163 164 165 163 164 165 163 164 165,0.20067572593688965,0,2026-06-14 15:31:25+00:00,2026-06-14 15:31:29+00:00
all,verify_frontend_cpu_001,356290218,1781451090.0,1781451094.0,0,59,1 2 251 4 5 161 163 164 165 163 169 165 163 170 165 163 172 173 174 175 165 163 164 165 163 164 163 164 165 165 163 164 163 170 163 164 165 163 165 163 169 165 163 170 165 165 165 163 164 165 163 164 165 163 164 165 163 164 165,0.2899121940135956,1,2026-06-14 15:31:30+00:00,2026-06-14 15:31:34+00:00
all,verify_frontend_cpu_001,356290219,1781451095.0,1781451099.0,0,29,163 164 165 163 164 165 163 164 165 163 164 165 163 164 165 163 165 163 164 165 163 164 165 163 164 165 163 164 165,0.2033424973487854,0,2026-06-14 15:31:35+00:00,2026-06-14 15:31:39+00:00
all,verify_frontend_cpu_001,356290220,1781451100.0,1781451104.0,0,59,163 164 165 163 164 163 164 163 164 165 165 163 169 165 165 163 170 165 163 164 163 165 165 13 2 252 4 5 161 163 164 165 163 169 165 163 170 165 163 172 173 174 175 165 163 164 165 163 164 165 163 164 163 164 163 164 165 165 165,0.30468764901161194,1,2026-06-14 15:31:40+00:00,2026-06-14 15:31:44+00:00
all,verify_frontend_cpu_001,356290221,1781451106.0,1781451109.0,0,24,163 167 163 165 163 164 163 164 163 164 163 164 163 170 171 165 165 165 165 165 165 163 164 165,0.19203457236289978,0,2026-06-14 15:31:46+00:00,2026-06-14 15:31:49+00:00
all,verify_frontend_cpu_001,356290222,1781451110.0,1781451114.0,0,43,163 164 163 164 165 165 163 164 165 163 164 165 163 165 163 164 165 163 166 165 163 167 171 165 163 164 165 163 164 165 163 170 165 163 166 165 163 167 171 165 163 164 165,0.20569881796836853,1,2026-06-14 15:31:50+00:00,2026-06-14 15:31:54+00:00
all,verify_frontend_cpu_001,356290223,1781451115.0,1781451119.0,0,44,163 164 165 163 170 165 163 167 171 165 163 164 165 163 165 163 164 165 163 164 165 163 164 165 163 164 165 163 164 165 163 164 165 163 169 165 163 170 165 163 166 165 163 167,0.20517027378082275,1,2026-06-14 15:31:55+00:00,2026-06-14 15:31:59+00:00
all,verify_frontend_cpu_001,356290224,1781451120.0,1781451124.0,0,35,171 165 163 164 165 163 164 165 163 165 163 164 163 167 165 163 169 165 163 170 165 171 165 163 170 163 164 165 165 163 164 165 163 164 165,0.21382886171340942,1,2026-06-14 15:32:00+00:00,2026-06-14 15:32:04+00:00
all,verify_frontend_cpu_001,356290225,1781451125.0,1781451129.0,0,54,163 166 165 163 167 171 165 163 164 165 163 169 165 163 170 165 163 164 165 163 165 163 167 163 170 163 170 165 165 171 165 163 166 165 163 167 171 165 163 167 171 165 163 164 165 163 164 165 163 169 165 163 170 165,0.2184332013130188,1,2026-06-14 15:32:05+00:00,2026-06-14 15:32:09+00:00
all,verify_frontend_cpu_001,356290226,1781451130.0,1781451134.0,0,40,163 164 165 163 164 165 163 164 165 163 169 165 163 170 165 163 165 163 164 165 163 164 165 163 167 163 164 171 165 165 163 166 165 163 167 163 164 165 171 165,0.21341565251350403,1,2026-06-14 15:32:10+00:00,2026-06-14 15:32:14+00:00
all,verify_frontend_cpu_001,356290227,1781451135.0,1781451138.0,0,56,10 163 164 165 163 169 165 163 170 165 163 172 173 2 253 4 5 161 174 175 165 163 166 165 163 167 171 165 163 170 165 163 165 163 167 171 165 163 164 165 163 166 165 163 167 171 165 163 164 165 163 169 165 163 170 165,0.3374311923980713,1,2026-06-14 15:32:15+00:00,2026-06-14 15:32:18+00:00
all,verify_frontend_cpu_001,356290228,1781451140.0,1781451144.0,0,49,163 164 165 163 164 165 163 164 165 163 165 163 164 165 163 164 165 163 164 165 163 170 165 163 166 165 163 167 163 166 165 163 167 171 165 163 170 163 164 165 165 163 169 165 163 170 171 165 165,0.21591107547283173,1,2026-06-14 15:32:20+00:00,2026-06-14 15:32:24+00:00
all,verify_frontend_cpu_001,356290229,1781451145.0,1781451148.0,0,26,163 170 165 163 164 165 163 164 165 163 164 165 163 164 165 163 165 163 170 165 163 164 165 163 170 165,0.20324106514453888,0,2026-06-14 15:32:25+00:00,2026-06-14 15:32:28+00:00
all,verify_frontend_cpu_001,356290230,1781451150.0,1781451154.0,0,57,163 166 165 163 167 171 165 163 164 165 163 164 165 163 169 165 163 170 165 163 165 163 164 165 163 164 165 163 169 165 163 170 8 2 254 4 5 161 165 163 172 173 174 175 165 163 170 165 163 170 165 163 164 165 163 164 165,0.3086763620376587,1,2026-06-14 15:32:30+00:00,2026-06-14 15:32:34+00:00
all,verify_frontend_cpu_001,356290231,1781451155.0,1781451159.0,0,50,10 163 170 163 164 165 165 163 169 165 163 170 165 163 172 173 163 166 165 163 167 2 255 4 5 161 174 175 165 171 165 163 165 163 164 165 163 167 163 166 165 163 167 171 165 171 165 163 164 165,0.3249511122703552,1,2026-06-14 15:32:35+00:00,2026-06-14 15:32:39+00:00
all,verify_frontend_cpu_001,356290232,1781451160.0,1781451164.0,0,87,163 164 163 164 165 165 163 164 165 163 169 165 163 170 165 10 2 256 4 5 161 163 164 165 163 165 163 164 165 163 164 163 169 165 163 170 165 165 163 172 173 174 175 165 163 164 165 10 2 257 4 5 161 163 164 165 163 169 165 163 170 163 164 165 163 166 165 163 167 165 163 169 165 163 170 165 163 172 173 174 171 175 165 165 163 164 165,0.3098357915878296,1,2026-06-14 15:32:40+00:00,2026-06-14 15:32:44+00:00
all,verify_frontend_cpu_001,356290233,1781451165.0,1781451169.0,0,36,163 166 165 163 167 163 164 165 163 169 165 163 170 171 165 165 163 165 163 164 165 163 164 165 163 170 165 163 164 165 163 164 165 163 164 165,0.1999318152666092,0,2026-06-14 15:32:45+00:00,2026-06-14 15:32:49+00:00
all,verify_frontend_cpu_001,356290234,1781451170.0,1781451174.0,0,46,163 164 165 163 165 163 164 165 163 169 165 163 170 165 163 164 165 163 164 165 163 169 165 163 170 165 163 167 171 165 163 164 165 163 164 165 163 164 165 163 166 165 163 167 171 165,0.1962021142244339,0,2026-06-14 15:32:50+00:00,2026-06-14 15:32:54+00:00
all,verify_frontend_cpu_001,356290235,1781451175.0,1781451179.0,0,41,163 164 165 163 169 163 170 165 163 170 165 165 163 170 165 163 165 163 164 165 163 169 165 163 170 165 163 164 165 163 170 165 163 164 165 163 169 165 163 170 165,0.1967475712299347,0,2026-06-14 15:32:55+00:00,2026-06-14 15:32:59+00:00
all,verify_frontend_cpu_001,356290236,1781451180.0,1781451184.0,0,58,163 164 165 163 170 165 163 164 165 163 164 165 163 165 163 164 165 163 164 165 163 170 165 163 166 165 163 167 171 165 163 166 165 163 167 171 165 163 164 165 163 169 165 163 170 10 2 258 4 5 161 165 163 172 173 174 175 165,0.26870477199554443,1,2026-06-14 15:33:00+00:00,2026-06-14 15:33:04+00:00
all,verify_frontend_cpu_001,356290237,1781451185.0,1781451189.0,0,23,163 164 165 163 165 163 164 165 163 164 165 163 164 165 163 164 165 163 170 165 163 164 165,0.18453934788703918,0,2026-06-14 15:33:05+00:00,2026-06-14 15:33:09+00:00
all,verify_frontend_cpu_001,356290238,1781451191.0,1781451193.0,0,30,163 166 165 163 167 163 165 171 165 163 164 165 163 164 165 163 164 165 163 164 165 163 164 165 163 164 163 164 165 165,0.197322815656662,0,2026-06-14 15:33:11+00:00,2026-06-14 15:33:13+00:00
all,verify_frontend_cpu_001,356290239,1781451195.0,1781451198.0,0,27,163 170 165 163 164 165 163 165 163 164 165 163 169 165 163 170 163 167 165 171 165 163 164 165 163 164 165,0.19401074945926666,0,2026-06-14 15:33:15+00:00,2026-06-14 15:33:18+00:00
all,verify_frontend_cpu_001,356290240,1781451200.0,1781451204.0,0,51,1 2 259 4 5 161 163 164 165 163 164 165 163 169 165 163 170 165 163 172 173 174 175 165 163 164 165 163 165 163 170 165 163 170 165 163 164 165 163 164 165 163 167 171 165 163 164 165 163 164 165,0.286827027797699,1,2026-06-14 15:33:20+00:00,2026-06-14 15:33:24+00:00
all,verify_frontend_cpu_001,356290241,1781451205.0,1781451209.0,0,66,163 164 163 164 165 163 169 165 165 163 170 163 164 165 165 163 164 165 163 165 163 164 165 163 166 165 163 167 171 165 163 170 163 164 165 165 35 163 164 165 163 169 165 163 170 165 163 172 173 2 260 4 5 161 163 164 163 164 163 164 165 165 165 174 175 165,0.28355392813682556,1,2026-06-14 15:33:25+00:00,2026-06-14 15:33:29+00:00
all,verify_frontend_cpu_001,356290242,1781451210.0,1781451214.0,0,35,163 170 165 163 164 165 163 165 163 164 165 163 164 165 163 167 163 164 165 171 165 163 167 163 164 165 163 167 171 165 163 164 165 171 165,0.2097427099943161,1,2026-06-14 15:33:30+00:00,2026-06-14 15:33:34+00:00
all,verify_frontend_cpu_001,356290243,1781451215.0,1781451218.0,0,52,163 166 165 163 167 171 165 163 164 165 163 164 165 163 169 165 163 170 165 163 165 163 164 165 8 2 261 4 5 161 163 164 165 163 167 171 165 163 164 165 163 169 165 163 170 165 163 172 173 174 175 165,0.30976495146751404,1,2026-06-14 15:33:35+00:00,2026-06-14 15:33:38+00:00
all,verify_frontend_cpu_001,356290244,1781451220.0,1781451224.0,0,38,163 164 165 163 170 165 163 164 165 163 164 165 163 165 163 164 165 163 169 165 163 170 165 163 170 165 163 164 165 163 164 165 163 169 165 163 170 165,0.20959825813770294,1,2026-06-14 15:33:40+00:00,2026-06-14 15:33:44+00:00
all,verify_frontend_cpu_001,356290245,1781451225.0,1781451229.0,0,37,163 164 165 163 164 165 163 164 165 163 165 163 167 171 165 163 164 165 10 161 163 164 165 163 169 165 163 170 165 163 172 173 163 164 165 163 164,0.21064330637454987,1,2026-06-14 15:33:45+00:00,2026-06-14 15:33:49+00:00
all,verify_frontend_cpu_001,356290246,1781451230.0,1781451234.0,0,48,2 262 4 5 165 174 175 165 163 164 165 163 169 165 163 170 165 163 164 165 163 166 165 163 167 163 165 171 165 163 164 165 163 166 165 163 167 171 165 163 164 165 163 164 163 164 165 165,0.26671937108039856,1,2026-06-14 15:33:50+00:00,2026-06-14 15:33:54+00:00
all,verify_frontend_cpu_001,356290247,1781451235.0,1781451239.0,0,29,163 164 165 163 165 163 170 165 163 170 165 163 170 165 163 164 163 164 165 163 169 165 163 170 165 165 163 164 165,0.20427386462688446,0,2026-06-14 15:33:55+00:00,2026-06-14 15:33:59+00:00
all,verify_frontend_cpu_001,356290248,1781451240.0,1781451244.0,0,39,163 164 165 163 166 165 163 167 163 164 163 164 171 165 165 163 169 165 165 163 170 165 163 165 163 164 165 163 164 165 163 164 165 163 164 165 163 170 165,0.21027031540870667,1,2026-06-14 15:34:00+00:00,2026-06-14 15:34:04+00:00
all,verify_frontend_cpu_001,356290249,1781451245.0,1781451248.0,0,65,163 164 165 163 164 165 163 164 165 163 165 163 164 163 164 165 163 169 165 10 2 263 4 5 161 163 170 165 165 163 172 173 174 175 165 163 164 165 35 2 264 4 5 161 163 164 165 163 164 165 163 169 165 163 170 165 163 172 173 174 175 165 163 164 165,0.32427921891212463,1,2026-06-14 15:34:05+00:00,2026-06-14 15:34:08+00:00
all,verify_frontend_cpu_001,356290250,1781451250.0,1781451254.0,0,34,163 164 165 163 164 165 163 165 163 164 165 163 170 165 163 164 165 163 164 165 163 170 165 163 170 165 163 164 165 163 169 165 163 170,0.208597794175148,1,2026-06-14 15:34:10+00:00,2026-06-14 15:34:14+00:00
all,verify_frontend_cpu_001,356290251,1781451255.0,1781451259.0,0,40,1 2 265 4 5 161 165 163 172 173 174 175 165 163 170 165 163 164 165 163 164 165 163 164 165 163 165 163 166 165 163 167 171 165 163 170 165 163 164 165,0.2833440899848938,1,2026-06-14 15:34:15+00:00,2026-06-14 15:34:19+00:00
all,verify_frontend_cpu_001,356290252,1781451260.0,1781451264.0,0,52,163 164 165 163 164 163 167 165 171 165 163 164 163 165 165 163 164 165 163 164 165 163 170 165 163 164 165 163 164 165 163 164 165 35 163 170 165 163 164 165 163 164 165 163 169 165 163 170 165 163 172 173,0.2109329104423523,1,2026-06-14 15:34:20+00:00,2026-06-14 15:34:24+00:00
all,verify_frontend_cpu_001,356290253,1781451265.0,1781451269.0,0,33,2 266 4 5 161 174 175 165 163 166 165 163 167 171 165 163 170 165 163 165 163 170 165 163 167 171 165 163 170 165 163 164 165,0.2621835172176361,1,2026-06-14 15:34:25+00:00,2026-06-14 15:34:29+00:00
all,verify_frontend_cpu_001,356290254,1781451270.0,1781451274.0,0,56,10 2 267 4 5 161 163 164 165 163 169 165 163 170 165 163 172 173 174 175 165 163 167 171 165 163 164 165 163 167 163 164 163 165 165 163 169 165 163 170 171 165 165 163 166 165 163 167 163 164 165 171 165 163 164 165,0.29285091161727905,1,2026-06-14 15:34:30+00:00,2026-06-14 15:34:34+00:00
all,verify_frontend_cpu_001,356290255,1781451275.0,1781451279.0,0,50,163 164 165 163 170 165 163 164 165 163 164 165 163 164 163 164 165 165 163 169 165 163 170 165 163 165 163 164 165 163 164 165 163 169 165 163 170 165 163 164 165 163 169 165 163 170 165 163 164 165,0.2100323587656021,1,2026-06-14 15:34:35+00:00,2026-06-14 15:34:39+00:00
all,verify_frontend_cpu_001,356290256,1781451280.0,1781451284.0,0,53,163 164 165 163 170 165 163 165 163 164 165 163 164 165 163 164 165 163 164 165 163 169 165 163 170 165 163 164 165 163 164 165 163 170 165 163 164 165 163 169 165 163 170 165 163 164 165 163 169 165 163 170 165,0.21033838391304016,1,2026-06-14 15:34:40+00:00,2026-06-14 15:34:44+00:00
all,verify_frontend_cpu_001,356290257,1781451285.0,1781451289.0,0,61,163 164 165 163 169 165 163 170 163 164 165 165 163 165 35 2 268 4 5 161 163 164 165 163 164 165 163 169 165 163 164 163 170 165 165 163 172 173 174 175 165 163 164 165 163 166 165 163 167 163 166 165 163 167 171 171 165 165 163 164 165,0.3200453817844391,1,2026-06-14 15:34:45+00:00,2026-06-14 15:34:49+00:00
all,verify_frontend_cpu_001,356290258,1781451290.0,1781451294.0,0,36,163 170 165 163 164 165 163 164 165 163 165 163 164 165 163 169 165 163 170 165 163 167 163 164 165 171 165 163 170 165 163 164 163 164 165 165,0.20984727144241333,1,2026-06-14 15:34:50+00:00,2026-06-14 15:34:54+00:00
all,verify_frontend_cpu_001,356290259,1781451295.0,1781451299.0,0,27,163 164 165 163 164 165 163 164 165 163 165 163 167 171 165 163 164 165 163 170 165 163 164 165 163 170 165,0.2017773985862732,0,2026-06-14 15:34:55+00:00,2026-06-14 15:34:59+00:00
all,verify_frontend_cpu_001,356290260,1781451300.0,1781451304.0,0,56,10 163 164 165 163 169 163 167 165 163 170 163 164 163 164 165 163 172 173 2 269 4 5 161 165 165 174 175 165 171 165 163 166 165 163 167 171 165 163 165 163 170 165 163 170 165 163 164 165 163 167 163 164 165 171 165,0.3251630663871765,1,2026-06-14 15:35:00+00:00,2026-06-14 15:35:04+00:00
all,verify_frontend_cpu_001,356290261,1781451305.0,1781451309.0,0,36,163 164 165 163 170 165 163 164 165 163 165 163 164 165 163 170 165 163 164 165 163 169 165 163 170 165 163 164 165 163 167 163 164 171 165 165,0.21049292385578156,1,2026-06-14 15:35:05+00:00,2026-06-14 15:35:09+00:00
all,verify_frontend_cpu_001,356290262,1781451310.0,1781451314.0,0,67,163 166 165 163 167 163 164 165 171 165 163 164 165 163 165 163 164 165 163 164 165 163 169 165 163 170 6 2 270 4 5 1 2 271 4 5 161 161 165 163 172 173 174 175 165 163 164 165 163 169 165 163 170 165 163 172 173 174 175 165 163 166 165 163 167 171 165,0.33541035652160645,1,2026-06-14 15:35:10+00:00,2026-06-14 15:35:14+00:00
all,verify_frontend_cpu_001,356290263,1781451315.0,1781451319.0,0,53,163 170 163 170 165 165 163 164 165 163 164 165 163 169 165 163 170 165 163 165 163 170 13 2 272 4 5 161 165 163 164 165 163 169 165 163 170 165 163 172 173 174 175 165 163 170 165 163 164 165 163 164 165,0.3078075349330902,1,2026-06-14 15:35:15+00:00,2026-06-14 15:35:19+00:00
all,verify_frontend_cpu_001,356290264,1781451320.0,1781451324.0,0,48,163 170 165 163 165 163 164 35 2 273 4 5 161 165 163 164 165 163 164 165 163 169 165 163 170 165 163 172 173 174 175 163 166 165 165 163 167 163 170 171 165 165 163 164 165 163 164 165,0.33058592677116394,1,2026-06-14 15:35:20+00:00,2026-06-14 15:35:24+00:00
all,verify_frontend_cpu_001,356290265,1781451325.0,1781451329.0,0,35,163 166 165 163 167 171 165 163 164 165 163 164 165 163 165 163 167 171 165 163 164 165 163 166 165 163 167 163 164 165 171 165 163 164 165,0.21826420724391937,1,2026-06-14 15:35:25+00:00,2026-06-14 15:35:29+00:00
all,verify_frontend_cpu_001,356290266,1781451330.0,1781451334.0,0,36,163 164 165 163 164 165 163 169 165 163 170 165 163 170 165 163 164 165 163 165 163 170 165 163 166 165 163 167 171 165 163 164 165 163 170 165,0.21968068182468414,1,2026-06-14 15:35:30+00:00,2026-06-14 15:35:34+00:00
all,verify_frontend_cpu_001,356290267,1781451335.0,1781451339.0,0,35,163 164 165 163 165 163 164 165 163 169 165 163 170 165 163 164 165 163 164 165 163 164 165 163 164 165 163 164 165 163 169 165 163 170 165,0.21829533576965332,1,2026-06-14 15:35:35+00:00,2026-06-14 15:35:39+00:00
all,verify_frontend_cpu_001,356290268,1781451341.0,1781451344.0,0,38,163 164 165 163 169 165 163 170 163 164 165 163 165 165 163 164 165 163 164 165 163 164 165 163 164 165 163 164 165 163 164 165 163 164 165 163 164 165,0.2215247005224228,1,2026-06-14 15:35:41+00:00,2026-06-14 15:35:44+00:00
all,verify_frontend_cpu_001,356290269,1781451345.0,1781451349.0,0,46,163 164 163 164 165 165 163 164 165 163 167 171 165 163 164 165 163 165 163 164 165 163 169 165 163 170 165 163 164 165 163 166 165 163 167 163 164 165 163 169 165 163 170 165 171 165,0.2209739089012146,1,2026-06-14 15:35:45+00:00,2026-06-14 15:35:49+00:00
all,verify_frontend_cpu_001,356290270,1781451350.0,1781451354.0,0,24,163 164 165 163 167 163 165 171 165 163 164 165 163 164 165 163 170 165 163 164 165 163 164 165,0.2000754177570343,0,2026-06-14 15:35:50+00:00,2026-06-14 15:35:54+00:00
all,verify_frontend_cpu_001,356290271,1781451355.0,1781451359.0,0,23,163 170 165 163 164 163 164 165 165 163 165 163 170 165 163 167 171 165 163 164 165 163 164,0.19703488051891327,0,2026-06-14 15:35:55+00:00,2026-06-14 15:35:59+00:00
all,verify_frontend_cpu_001,356290272,1781451360.0,1781451364.0,0,61,165 163 164 165 163 164 165 163 169 165 163 170 163 166 165 163 167 165 171 165 163 164 165 163 165 163 164 165 163 164 163 164 163 164 165 163 169 165 163 170 165 165 165 163 166 165 163 167 163 164 165 171 165 163 164 165 163 166 165 163 167,0.2146926075220108,1,2026-06-14 15:36:00+00:00,2026-06-14 15:36:04+00:00
all,verify_frontend_cpu_001,356290273,1781451365.0,1781451369.0,0,35,171 165 163 164 165 163 164 165 163 164 165 163 165 163 164 165 163 166 165 163 167 171 165 163 164 165 163 164 165 163 170 165 163 164 165,0.20912835001945496,1,2026-06-14 15:36:05+00:00,2026-06-14 15:36:09+00:00
all,verify_frontend_cpu_001,356290274,1781451371.0,1781451374.0,0,45,163 166 165 163 167 171 165 163 165 163 170 165 35 2 274 4 5 161 163 164 165 163 169 165 163 170 165 163 172 173 174 175 165 163 170 163 164 165 165 163 164 165 163 164 165,0.3257617652416229,1,2026-06-14 15:36:11+00:00,2026-06-14 15:36:14+00:00
all,verify_frontend_cpu_001,356290275,1781451375.0,1781451379.0,0,35,163 164 165 163 164 165 163 170 165 163 164 165 163 164 165 163 164 165 163 164 163 165 165 163 164 165 163 164 165 163 164 165 163 164 165,0.20924317836761475,1,2026-06-14 15:36:15+00:00,2026-06-14 15:36:19+00:00
all,verify_frontend_cpu_001,356290276,1781451380.0,1781451384.0,0,41,163 164 165 163 164 165 163 169 165 163 170 163 165 165 163 164 163 166 165 163 167 165 163 164 165 171 165 163 167 163 164 163 166 165 163 167 165 171 165 171 165,0.20739412307739258,1,2026-06-14 15:36:20+00:00,2026-06-14 15:36:24+00:00
all,verify_frontend_cpu_001,356290277,1781451385.0,1781451389.0,0,57,163 166 165 163 167 171 165 163 164 165 163 169 165 163 170 165 163 164 165 163 166 165 163 167 171 165 163 165 163 164 165 163 170 163 170 165 165 163 164 165 163 164 165 163 167 171 165 163 164 165 163 166 165 163 167 163 170,0.21203528344631195,1,2026-06-14 15:36:25+00:00,2026-06-14 15:36:29+00:00
all,verify_frontend_cpu_001,356290278,1781451390.0,1781451393.0,0,68,10 2 275 4 5 161 171 165 165 163 164 165 163 169 165 163 170 165 163 172 173 174 175 165 163 164 165 163 169 165 163 170 165 163 165 163 164 165 163 169 165 163 170 165 163 164 165 163 164 165 163 164 163 164 165 165 163 169 165 163 170 165 163 164 165 163 164 165,0.30153828859329224,1,2026-06-14 15:36:30+00:00,2026-06-14 15:36:33+00:00
all,verify_frontend_cpu_001,356290279,1781451395.0,1781451399.0,0,54,163 164 165 163 169 165 163 170 165 163 164 165 163 169 165 163 170 163 166 165 163 167 165 163 164 165 163 169 165 163 170 171 165 165 163 170 163 165 165 163 164 165 163 164 165 163 164 165 163 164 165 163 164 165,0.2107945829629898,1,2026-06-14 15:36:35+00:00,2026-06-14 15:36:39+00:00
all,verify_frontend_cpu_001,356290280,1781451400.0,1781451404.0,0,43,163 164 163 164 165 165 163 164 165 163 166 165 163 167 171 165 163 165 163 170 165 163 164 165 163 164 165 163 164 165 163 170 165 163 166 165 163 167 163 164 165 171 165,0.2088782787322998,1,2026-06-14 15:36:40+00:00,2026-06-14 15:36:44+00:00
all,verify_frontend_cpu_001,356290281,1781451405.0,1781451409.0,0,58,163 164 165 163 169 165 163 170 163 164 165 165 163 170 165 163 165 163 166 165 163 167 171 165 163 164 165 163 169 165 163 170 165 163 170 165 163 164 165 163 166 165 163 167 171 165 163 164 165 163 164 165 163 169 165 163 170 165,0.2139999270439148,1,2026-06-14 15:36:45+00:00,2026-06-14 15:36:49+00:00
all,verify_frontend_cpu_001,356290282,1781451410.0,1781451414.0,0,40,163 170 165 163 164 165 163 165 163 170 165 163 166 165 163 167 163 170 165 163 164 171 165 165 163 164 163 166 165 163 167 165 163 169 165 163 170 165 171 165,0.20980797708034515,1,2026-06-14 15:36:50+00:00,2026-06-14 15:36:54+00:00
all,verify_frontend_cpu_001,356290283,1781451415.0,1781451419.0,0,34,163 164 165 163 164 165 163 164 165 163 165 163 164 165 163 164 165 163 164 165 163 167 163 164 165 171 165 163 164 165 163 167 171 165,0.2100563794374466,1,2026-06-14 15:36:55+00:00,2026-06-14 15:36:59+00:00
all,verify_frontend_cpu_001,356290284,1781451420.0,1781451424.0,0,44,163 164 165 163 164 165 163 165 163 164 1 2 276 4 5 161 165 163 169 165 163 170 163 164 165 165 163 172 173 174 175 165 163 164 165 163 164 165 163 170 165 163 164 165,0.32758069038391113,1,2026-06-14 15:37:00+00:00,2026-06-14 15:37:04+00:00
all,verify_frontend_cpu_001,356290285,1781451426.0,1781451429.0,0,64,163 166 165 163 167 171 165 163 165 13 2 277 4 5 161 163 164 165 163 169 165 163 170 165 163 172 173 163 174 164 175 165 165 35 2 278 4 5 161 163 164 165 163 169 165 163 170 165 163 172 173 174 175 165 163 166 165 163 167 163 164 165 171 165,0.3436437249183655,1,2026-06-14 15:37:06+00:00,2026-06-14 15:37:09+00:00
all,verify_frontend_cpu_001,356290286,1781451430.0,1781451434.0,0,37,163 166 165 163 167 163 170 171 165 165 163 164 165 163 164 163 165 163 164 165 165 163 170 165 163 170 165 163 166 165 163 167 171 165 163 164 165,0.21098485589027405,1,2026-06-14 15:37:10+00:00,2026-06-14 15:37:14+00:00
all,verify_frontend_cpu_001,356290287,1781451435.0,1781451438.0,0,47,163 164 165 163 164 165 163 164 165 163 164 165 163 164 1 2 279 4 5 161 165 163 169 165 163 170 163 164 165 163 172 173 165 163 169 165 163 170 174 175 165 165 163 165 163 164 165,0.31771525740623474,1,2026-06-14 15:37:15+00:00,2026-06-14 15:37:18+00:00
all,verify_frontend_cpu_001,356290288,1781451440.0,1781451444.0,0,57,163 167 163 164 171 165 165 163 170 163 164 165 165 163 164 165 163 169 165 163 170 165 163 165 163 164 165 163 164 165 163 164 165 1 2 280 4 5 161 163 164 165 163 169 165 163 170 165 163 172 173 174 175 165 163 164 165,0.2733231484889984,1,2026-06-14 15:37:20+00:00,2026-06-14 15:37:24+00:00
all,verify_frontend_cpu_001,356290289,1781451445.0,1781451449.0,0,23,163 166 165 163 167 171 165 163 165 163 167 171 165 163 170 165 163 167 163 164 171 165 165,0.18362492322921753,0,2026-06-14 15:37:25+00:00,2026-06-14 15:37:29+00:00
all,verify_frontend_cpu_001,356290290,1781451450.0,1781451454.0,0,54,1 2 281 4 5 161 163 164 165 163 169 165 163 170 163 170 165 163 172 173 163 164 165 165 174 175 165 163 166 165 163 167 163 170 165 171 165 163 164 165 163 164 165 163 165 163 170 165 163 170 165 163 164 165,0.2701770067214966,1,2026-06-14 15:37:30+00:00,2026-06-14 15:37:34+00:00
all,verify_frontend_cpu_001,356290291,1781451455.0,1781451459.0,0,88,163 164 165 163 164 165 163 166 165 163 167 171 165 163 165 163 167 171 165 1 2 282 4 5 1 2 283 4 5 161 161 163 164 165 163 169 165 163 170 165 163 172 173 174 175 165 163 166 165 163 167 171 165 163 164 165 163 169 165 163 170 165 163 172 173 174 175 165 163 164 165 163 170 165 163 164 165 163 164 165 163 164 165 163 169 165 163 170,0.3258449137210846,1,2026-06-14 15:37:35+00:00,2026-06-14 15:37:39+00:00
all,verify_frontend_cpu_001,356290292,1781451460.0,1781451463.0,0,44,165 163 164 165 163 164 163 165 165 163 164 165 163 164 165 163 164 165 163 169 165 163 170 165 163 166 165 163 167 171 165 163 166 165 163 167 163 164 165 171 165 163 164 165,0.19569669663906097,0,2026-06-14 15:37:40+00:00,2026-06-14 15:37:43+00:00
all,verify_frontend_cpu_001,356290293,1781451465.0,1781451469.0,0,49,163 164 165 163 167 171 165 163 170 165 163 165 163 166 165 163 167 163 166 165 163 167 171 165 163 164 165 171 165 163 164 165 163 169 165 163 170 163 164 165 165 163 164 165 163 169 165 163 170,0.19681692123413086,0,2026-06-14 15:37:45+00:00,2026-06-14 15:37:49+00:00
all,verify_frontend_cpu_001,356290294,1781451470.0,1781451474.0,0,46,35 2 284 4 5 161 165 163 172 173 174 175 165 163 164 165 163 164 165 163 165 163 166 165 163 167 171 165 163 164 165 163 164 165 163 166 165 163 167 171 165 163 170 165 163 164,0.26581892371177673,1,2026-06-14 15:37:50+00:00,2026-06-14 15:37:54+00:00
all,verify_frontend_cpu_001,356290295,1781451475.0,1781451479.0,0,59,165 163 164 165 8 2 285 4 5 161 163 164 165 163 164 165 163 164 165 163 169 165 163 170 163 165 165 163 172 173 163 164 165 174 175 165 163 164 165 163 166 165 163 167 171 165 163 164 165 163 169 165 163 170 165 163 167 163 170,0.2834307849407196,1,2026-06-14 15:37:55+00:00,2026-06-14 15:37:59+00:00
all,verify_frontend_cpu_001,356290296,1781451480.0,1781451484.0,0,33,163 164 171 165 165 165 163 165 163 166 165 163 167 171 165 163 164 165 163 169 165 163 170 165 163 164 165 163 164 165 163 164 165,0.19444489479064941,0,2026-06-14 15:38:00+00:00,2026-06-14 15:38:04+00:00
all,verify_frontend_cpu_001,356290297,1781451485.0,1781451489.0,0,45,8 2 286 4 5 161 163 164 165 163 164 165 163 167 171 165 163 164 165 163 169 165 163 170 165 163 172 173 174 175 165 163 165 163 164 165 163 164 165 163 164 165 163 164 165,0.25922948122024536,1,2026-06-14 15:38:05+00:00,2026-06-14 15:38:09+00:00
all,verify_frontend_cpu_001,356290298,1781451490.0,1781451494.0,0,25,163 164 165 163 164 165 163 165 163 170 165 163 164 165 163 170 165 163 164 165 163 164 165 163 164,0.18527191877365112,0,2026-06-14 15:38:10+00:00,2026-06-14 15:38:14+00:00
all,verify_frontend_cpu_001,356290299,1781451495.0,1781451499.0,0,97,165 163 164 165 13 2 287 4 5 161 163 170 165 163 164 165 163 164 165 163 169 165 163 170 165 163 172 173 163 165 174 175 165 163 164 165 163 169 163 164 165 163 170 165 165 163 166 165 163 167 171 165 163 164 165 163 169 165 163 170 165 163 164 165 8 2 288 4 5 161 163 164 165 163 169 165 163 170 165 163 172 173 174 175 165 163 164 165 163 169 165 163 170 165 163 170 165,0.3098418116569519,1,2026-06-14 15:38:15+00:00,2026-06-14 15:38:19+00:00
all,verify_frontend_cpu_001,356290300,1781451500.0,1781451504.0,0,26,163 164 165 163 164 165 163 165 163 164 165 163 164 165 163 164 165 163 167 163 164 171 165 165 163 167,0.18827180564403534,0,2026-06-14 15:38:20+00:00,2026-06-14 15:38:24+00:00
all,verify_frontend_cpu_001,356290301,1781451505.0,1781451509.0,0,64,171 165 163 164 165 163 166 165 163 167 163 164 165 163 170 171 165 165 163 165 163 166 165 163 167 171 165 163 166 165 163 167 13 2 289 4 5 161 171 165 163 164 165 163 164 165 163 169 165 163 170 165 163 172 173 174 175 165 163 164 165 163 164 165,0.27342653274536133,1,2026-06-14 15:38:25+00:00,2026-06-14 15:38:29+00:00
all,verify_frontend_cpu_001,356290302,1781451510.0,1781451514.0,0,47,163 164 165 163 164 165 163 169 165 163 170 163 165 165 163 164 165 163 164 165 163 164 165 163 164 165 163 164 165 163 164 165 163 164 165 163 164 165 163 169 165 163 170 165 163 164 165,0.19089263677597046,0,2026-06-14 15:38:30+00:00,2026-06-14 15:38:34+00:00
all,verify_frontend_cpu_001,356290303,1781451516.0,1781451519.0,0,25,163 165 163 167 171 165 163 164 165 163 164 165 163 164 165 163 170 165 163 166 165 163 167 171 165,0.18442964553833008,0,2026-06-14 15:38:36+00:00,2026-06-14 15:38:39+00:00
all,verify_frontend_cpu_001,356290304,1781451520.0,1781451524.0,0,49,163 170 165 163 167 171 165 163 164 165 163 169 165 163 170 165 163 164 165 163 169 165 163 170 165 163 164 165 163 165 163 164 165 163 164 165 163 164 165 163 166 165 163 167 171 165 163 170 165,0.20931801199913025,1,2026-06-14 15:38:40+00:00,2026-06-14 15:38:44+00:00
all,verify_frontend_cpu_001,356290305,1781451525.0,1781451529.0,0,38,163 164 165 163 166 165 163 167 163 170 163 165 163 164 165 171 165 165 163 170 165 163 166 165 163 167 171 165 163 167 171 165 163 164 165 163 170 165,0.20998629927635193,1,2026-06-14 15:38:45+00:00,2026-06-14 15:38:49+00:00
all,verify_frontend_cpu_001,356290306,1781451531.0,1781451534.0,0,58,163 170 165 163 165 163 164 165 6 163 164 165 163 164 165 163 170 165 163 164 165 163 169 165 163 170 163 166 165 163 167 165 163 172 173 2 290 4 5 161 174 175 165 163 166 165 163 167 171 165 171 165 163 164 165 163 164 165,0.2901914119720459,1,2026-06-14 15:38:51+00:00,2026-06-14 15:38:54+00:00
all,verify_frontend_cpu_001,356290307,1781451535.0,1781451539.0,0,33,163 164 165 163 169 165 163 170 165 163 164 165 163 170 165 163 164 165 163 165 163 167 171 165 163 164 165 163 164 163 164 165 165,0.20836873352527618,1,2026-06-14 15:38:55+00:00,2026-06-14 15:38:59+00:00
all,verify_frontend_cpu_001,356290308,1781451540.0,1781451544.0,0,42,163 170 165 163 164 165 163 165 163 166 165 163 167 171 165 163 170 165 163 164 165 163 164 163 166 165 165 163 167 171 165 163 170 165 163 164 165 163 169 165 163 170,0.20791184902191162,1,2026-06-14 15:39:00+00:00,2026-06-14 15:39:04+00:00
all,verify_frontend_cpu_001,356290309,1781451545.0,1781451549.0,0,66,13 2 291 4 5 161 165 163 172 173 174 175 165 6 2 292 4 5 161 163 164 165 163 164 163 165 165 163 169 165 163 170 165 163 172 173 174 175 165 163 164 165 163 164 165 163 169 165 163 170 163 164 165 165 163 169 165 163 170 165 163 170 165 163 164 165,0.3344449996948242,1,2026-06-14 15:39:05+00:00,2026-06-14 15:39:09+00:00
all,verify_frontend_cpu_001,356290310,1781451550.0,1781451553.0,0,33,163 164 165 163 170 165 163 164 165 163 164 165 163 164 165 163 165 163 164 165 163 164 165 163 166 165 163 167 163 170 171 165 165,0.2080814093351364,1,2026-06-14 15:39:10+00:00,2026-06-14 15:39:13+00:00
all,verify_frontend_cpu_001,356290311,1781451555.0,1781451559.0,0,57,163 166 165 163 167 171 165 163 164 165 163 169 165 163 170 165 163 164 165 163 165 163 164 165 163 164 165 163 169 165 163 170 165 163 164 165 163 169 165 163 170 165 163 164 165 163 164 165 163 169 165 163 170 165 163 164 165,0.2128577083349228,1,2026-06-14 15:39:15+00:00,2026-06-14 15:39:19+00:00
all,verify_frontend_cpu_001,356290312,1781451561.0,1781451564.0,0,69,163 166 165 163 167 163 171 165 164 165 163 165 1 163 164 165 163 164 165 163 164 165 163 169 165 163 170 165 163 172 173 2 293 4 5 8 2 294 4 5 161 161 163 164 165 163 169 174 165 163 170 175 165 165 163 172 173 163 170 174 165 175 165 163 170 165 163 164 165,0.3106531798839569,1,2026-06-14 15:39:21+00:00,2026-06-14 15:39:24+00:00
all,verify_frontend_cpu_001,356290313,1781451565.0,1781451569.0,0,66,163 164 165 163 164 163 170 165 163 169 165 163 170 165 163 164 165 163 165 165 163 164 165 163 169 165 163 170 165 6 2 295 4 5 161 163 170 165 163 167 163 164 165 163 169 165 163 170 171 165 165 163 172 173 174 175 165 163 164 165 163 164 165 163 164 165,0.31502625346183777,1,2026-06-14 15:39:25+00:00,2026-06-14 15:39:29+00:00
all,verify_frontend_cpu_001,356290314,1781451571.0,1781451574.0,0,52,163 164 165 163 164 165 163 169 165 163 170 165 163 165 163 164 165 163 164 165 163 169 165 163 170 165 163 164 165 163 170 165 163 166 165 163 167 171 165 163 164 165 163 166 165 163 167 163 164 171 165 165,0.20912258327007294,1,2026-06-14 15:39:31+00:00,2026-06-14 15:39:34+00:00
all,verify_frontend_cpu_001,356290315,1781451575.0,1781451579.0,0,28,163 164 165 163 164 165 163 165 163 164 165 163 164 165 163 169 165 163 170 165 163 164 165 163 170 165 163 170,0.2022237926721573,0,2026-06-14 15:39:35+00:00,2026-06-14 15:39:39+00:00
all,verify_frontend_cpu_001,356290316,1781451580.0,1781451584.0,0,54,165 163 170 165 163 164 165 163 164 165 163 164 165 163 170 163 164 165 165 163 165 163 164 165 163 164 165 163 164 165 163 164 165 8 2 296 4 5 161 163 164 165 163 169 165 163 170 165 163 172 173 174 175 165,0.28961196541786194,1,2026-06-14 15:39:40+00:00,2026-06-14 15:39:44+00:00
all,verify_frontend_cpu_001,356290317,1781451585.0,1781451589.0,0,62,163 167 163 167 171 165 171 163 166 165 163 167 165 171 165 163 164 165 163 165 163 170 163 164 165 165 163 164 165 13 2 297 4 5 161 163 164 165 163 169 165 163 170 165 163 172 173 174 175 165 163 164 165 163 164 163 170 165 163 164 163 164,0.3122101426124573,1,2026-06-14 15:39:45+00:00,2026-06-14 15:39:49+00:00
all,verify_frontend_cpu_001,356290318,1781451590.0,1781451594.0,0,42,165 165 165 163 164 165 163 166 165 163 167 163 164 165 163 169 165 163 170 165 171 165 163 165 163 164 165 163 164 165 163 164 165 163 170 165 163 170 165 163 164 165,0.2072320431470871,1,2026-06-14 15:39:50+00:00,2026-06-14 15:39:54+00:00
all,verify_frontend_cpu_001,356290319,1781451595.0,1781451599.0,0,40,163 166 165 163 167 163 164 165 163 169 165 163 170 163 164 171 165 165 165 163 164 165 163 165 163 164 165 163 164 165 163 164 165 163 167 171 165 163 164 165,0.2074546068906784,1,2026-06-14 15:39:55+00:00,2026-06-14 15:39:59+00:00
all,verify_frontend_cpu_001,356290320,1781451600.0,1781451604.0,0,29,163 164 165 163 170 165 163 164 165 163 164 165 163 164 165 163 165 163 164 165 163 164 165 163 164 165 163 170 165,0.204087033867836,0,2026-06-14 15:40:00+00:00,2026-06-14 15:40:04+00:00
all,verify_frontend_cpu_001,356290321,1781451605.0,1781451609.0,0,46,163 164 165 163 164 165 163 170 165 163 170 165 163 165 163 167 163 166 165 163 167 171 171 165 165 163 164 165 163 164 165 163 164 165 163 164 165 163 169 165 163 170 165 163 164 165,0.20776806771755219,1,2026-06-14 15:40:05+00:00,2026-06-14 15:40:09+00:00
all,verify_frontend_cpu_001,356290322,1781451611.0,1781451614.0,0,39,163 164 165 163 165 163 164 165 163 164 165 163 164 165 163 166 165 163 167 171 165 163 170 163 164 165 165 163 169 165 163 170 163 170 163 164 165 165 165,0.20932437479496002,1,2026-06-14 15:40:11+00:00,2026-06-14 15:40:14+00:00
all,verify_frontend_cpu_001,356290323,1781451616.0,1781451619.0,0,36,163 165 163 164 165 163 164 165 163 164 165 163 170 163 167 165 163 164 165 171 165 163 164 165 163 169 165 163 170 163 164 165 165 163 164 165,0.20900389552116394,1,2026-06-14 15:40:16+00:00,2026-06-14 15:40:19+00:00
all,verify_frontend_cpu_001,356290324,1781451620.0,1781451624.0,0,68,163 164 165 163 169 165 163 170 165 163 164 165 163 169 165 163 170 165 163 165 163 164 165 163 169 165 163 170 165 163 164 165 163 164 165 35 2 298 4 5 161 163 164 165 163 169 165 163 170 165 163 164 165 163 169 165 163 170 165 163 172 173 163 164 174 175 165 165,0.29163089394569397,1,2026-06-14 15:40:20+00:00,2026-06-14 15:40:24+00:00
all,verify_frontend_cpu_001,356290325,1781451626.0,1781451629.0,0,39,163 164 165 163 167 163 165 171 165 163 164 165 163 169 165 163 170 165 163 170 165 163 164 165 163 164 165 163 169 165 163 170 163 164 165 165 163 170 165,0.20872943103313446,1,2026-06-14 15:40:26+00:00,2026-06-14 15:40:29+00:00
all,verify_frontend_cpu_001,356290326,1781451631.0,1781451634.0,0,62,13 2 299 4 5 161 163 164 165 163 169 165 163 170 165 163 172 173 174 175 165 163 164 165 163 165 163 170 165 163 164 165 163 169 165 163 170 165 13 2 300 4 5 161 163 164 165 163 169 165 163 170 165 163 172 173 174 175 165 163 164 165,0.31066614389419556,1,2026-06-14 15:40:31+00:00,2026-06-14 15:40:34+00:00
all,verify_frontend_cpu_001,356290327,1781451635.0,1781451639.0,0,29,163 164 165 163 164 165 163 164 165 163 165 163 164 165 163 170 163 164 165 165 163 164 165 163 164 165 163 164 165,0.20421725511550903,0,2026-06-14 15:40:35+00:00,2026-06-14 15:40:39+00:00
all,verify_frontend_cpu_001,356290328,1781451640.0,1781451644.0,0,44,163 170 165 163 166 165 163 167 163 170 165 171 165 163 164 165 163 165 163 164 165 163 164 165 163 164 165 163 169 165 163 170 163 164 165 165 163 164 165 163 169 165 163 170,0.20910446345806122,1,2026-06-14 15:40:40+00:00,2026-06-14 15:40:44+00:00
all,verify_frontend_cpu_001,356290329,1781451645.0,1781451649.0,0,38,163 164 165 165 163 164 165 163 165 163 164 165 163 164 165 163 164 165 163 164 165 163 164 165 163 164 165 163 164 165 163 169 165 163 170 165 163 167,0.21124061942100525,1,2026-06-14 15:40:45+00:00,2026-06-14 15:40:49+00:00
all,verify_frontend_cpu_001,356290330,1781451650.0,1781451654.0,0,39,171 165 163 164 165 163 164 165 163 165 163 164 165 163 170 165 163 170 165 163 164 165 163 164 165 163 164 165 163 164 165 163 164 165 163 169 165 163 170,0.21064674854278564,1,2026-06-14 15:40:50+00:00,2026-06-14 15:40:54+00:00
all,verify_frontend_cpu_001,356290331,1781451655.0,1781451659.0,0,37,165 163 170 165 163 165 163 164 165 163 170 165 163 164 165 163 169 165 163 170 165 163 164 165 163 164 165 163 166 165 163 167 163 164 165 163 167,0.21167318522930145,1,2026-06-14 15:40:55+00:00,2026-06-14 15:40:59+00:00
all,verify_frontend_cpu_001,356290332,1781451660.0,1781451664.0,0,46,171 165 163 164 165 163 169 165 163 164 163 170 171 165 165 163 169 165 163 170 165 165 163 164 165 163 165 163 166 165 163 167 171 165 163 164 165 163 164 165 163 170 165 163 164 165,0.2102295458316803,1,2026-06-14 15:41:00+00:00,2026-06-14 15:41:04+00:00
all,verify_frontend_cpu_001,356290333,1781451665.0,1781451669.0,0,58,163 166 165 163 167 171 165 163 164 165 163 164 165 163 164 165 163 165 163 164 165 163 169 165 163 170 10 2 301 4 5 161 165 163 172 173 174 175 165 163 164 165 163 164 165 163 166 165 163 167 163 164 165 163 169 165 163 170,0.3246276080608368,1,2026-06-14 15:41:05+00:00,2026-06-14 15:41:09+00:00
all,verify_frontend_cpu_001,356290334,1781451670.0,1781451674.0,0,63,165 171 165 163 164 165 163 169 165 163 170 165 163 165 163 170 165 10 2 302 4 5 161 163 170 163 164 165 163 169 165 163 170 165 165 163 172 173 174 175 165 163 164 165 163 164 165 163 167 163 164 165 171 165 163 164 165 163 169 165 163 170 165,0.32584065198898315,1,2026-06-14 15:41:10+00:00,2026-06-14 15:41:14+00:00
all,verify_frontend_cpu_001,356290335,1781451675.0,1781451679.0,0,48,35 2 303 4 5 161 163 166 165 163 167 171 165 163 164 165 163 169 165 163 170 165 163 172 173 174 175 165 163 164 165 163 164 165 163 165 163 164 165 163 164 165 163 169 165 163 170 165,0.2867419123649597,1,2026-06-14 15:41:15+00:00,2026-06-14 15:41:19+00:00
all,verify_frontend_cpu_001,356290336,1781451680.0,1781451684.0,0,57,163 170 165 163 166 165 163 167 171 165 163 164 165 163 164 165 163 166 165 163 167 171 165 163 164 165 163 164 165 163 165 163 164 165 163 164 165 163 164 163 164 165 165 163 167 163 164 165 163 169 165 163 170 163 164 165 165,0.20469257235527039,0,2026-06-14 15:41:20+00:00,2026-06-14 15:41:24+00:00
all,verify_frontend_cpu_001,356290337,1781451685.0,1781451689.0,0,27,163 164 165 163 170 165 163 164 165 163 165 163 164 165 163 170 165 163 164 165 171 165 163 167 163 164 165,0.19713865220546722,0,2026-06-14 15:41:25+00:00,2026-06-14 15:41:29+00:00
all,verify_frontend_cpu_001,356290338,1781451690.0,1781451694.0,0,51,163 170 165 163 164 165 163 166 165 163 167 163 165 163 170 163 166 165 163 167 165 171 165 163 170 165 163 164 165 163 164 165 163 164 165 163 164 163 164 165 163 169 165 163 170 165 163 169 165 163 170,0.20213580131530762,0,2026-06-14 15:41:30+00:00,2026-06-14 15:41:34+00:00
all,verify_frontend_cpu_001,356290339,1781451695.0,1781451698.0,0,33,163 166 165 163 167 165 165 171 165 171 171 165 165 163 165 163 170 165 163 164 165 163 164 165 163 164 165 163 164 165 163 164 165,0.20236943662166595,0,2026-06-14 15:41:35+00:00,2026-06-14 15:41:38+00:00
all,verify_frontend_cpu_001,356290340,1781451700.0,1781451704.0,0,79,163 164 165 163 164 165 1 2 304 4 5 1 2 305 4 5 161 161 163 164 165 163 169 165 163 170 163 164 165 163 164 165 163 172 173 165 174 175 165 163 164 165 163 169 165 163 170 165 163 172 173 163 165 174 175 165 163 164 165 163 169 165 163 170 163 170 165 165 163 164 165 163 164 165 163 170 165 163 170,0.336220383644104,1,2026-06-14 15:41:40+00:00,2026-06-14 15:41:44+00:00
all,verify_frontend_cpu_001,356290341,1781451705.0,1781451709.0,0,72,165 6 2 306 4 5 161 163 164 165 163 169 165 163 170 163 165 165 163 172 173 174 163 164 175 165 165 163 169 165 163 170 165 163 170 165 1 2 307 4 5 161 163 164 165 163 169 165 163 170 165 163 172 173 174 175 165 163 164 165 163 164 165 163 164 165 163 169 165 163 170 165,0.3103923499584198,1,2026-06-14 15:41:45+00:00,2026-06-14 15:41:49+00:00
all,verify_frontend_cpu_001,356290342,1781451710.0,1781451714.0,0,17,163 164 165 163 164 165 163 165 163 164 165 163 164 165 163 164 165,0.1524009108543396,0,2026-06-14 15:41:50+00:00,2026-06-14 15:41:54+00:00
all,verify_frontend_cpu_001,356290343,1781451716.0,1781451719.0,0,33,163 164 165 163 167 163 170 165 163 165 163 170 165 163 164 165 163 166 165 163 167 163 164 165 163 164 165 163 164 165 163 164 165,0.2031708061695099,0,2026-06-14 15:41:56+00:00,2026-06-14 15:41:59+00:00
all,verify_frontend_cpu_001,356290344,1781451720.0,1781451724.0,0,59,171 165 163 164 165 163 164 165 171 165 163 165 163 164 165 163 164 165 10 2 308 4 5 161 163 164 165 163 169 165 163 170 165 163 172 173 163 164 174 165 163 169 165 163 170 175 165 165 163 166 165 163 167 163 170 165 163 164 165,0.3304624557495117,1,2026-06-14 15:42:00+00:00,2026-06-14 15:42:04+00:00
all,verify_frontend_cpu_001,356290345,1781451725.0,1781451729.0,0,61,6 2 309 4 5 161 163 164 165 163 164 165 163 169 165 163 170 165 163 172 173 174 175 165 163 165 163 166 165 163 167 163 166 165 163 167 163 166 165 163 167 171 165 163 170 165 171 171 171 165 165 165 163 164 165 163 164 165 163 170 165,0.2996550500392914,1,2026-06-14 15:42:05+00:00,2026-06-14 15:42:09+00:00
all,verify_frontend_cpu_001,356290346,1781451730.0,1781451734.0,0,36,163 166 165 163 167 163 164 165 163 170 165 163 164 165 163 169 165 163 170 165 163 165 163 164 165 163 170 165 171 165 163 164 165 163 164 165,0.21161675453186035,1,2026-06-14 15:42:10+00:00,2026-06-14 15:42:14+00:00
all,verify_frontend_cpu_001,356290347,1781451735.0,1781451739.0,0,54,163 164 165 163 164 165 163 164 165 163 165 163 164 165 163 164 165 163 164 165 35 2 310 4 5 1 161 163 164 165 163 169 165 163 170 165 163 172 173 174 175 165 163 164 165 163 169 165 163 170 165 163 172 173,0.32237815856933594,1,2026-06-14 15:42:15+00:00,2026-06-14 15:42:19+00:00
all,verify_frontend_cpu_001,356290348,1781451740.0,1781451744.0,0,56,2 311 4 5 161 174 175 165 163 164 165 163 164 163 170 165 165 163 164 165 163 165 163 170 165 163 167 171 165 163 164 165 163 164 165 163 169 165 163 170 165 163 164 165 163 170 165 163 164 165 163 164 165 163 170 165,0.27982115745544434,1,2026-06-14 15:42:20+00:00,2026-06-14 15:42:24+00:00
all,verify_frontend_cpu_001,356290349,1781451745.0,1781451749.0,0,26,163 164 165 163 164 165 163 164 165 163 169 165 163 170 165 163 165 163 164 165 163 164 165 163 170 165,0.20079244673252106,0,2026-06-14 15:42:25+00:00,2026-06-14 15:42:29+00:00
all,verify_frontend_cpu_001,356290350,1781451750.0,1781451754.0,0,46,163 164 165 163 164 165 163 169 165 163 170 163 164 165 165 163 166 165 163 167 163 165 163 164 165 163 164 165 163 164 165 163 164 165 171 165 163 164 165 163 166 165 163 167 171 165,0.2109839767217636,1,2026-06-14 15:42:30+00:00,2026-06-14 15:42:34+00:00
all,verify_frontend_cpu_001,356290351,1781451755.0,1781451759.0,0,58,163 166 165 163 167 171 165 163 164 165 163 164 163 167 165 163 170 165 171 165 163 170 165 163 165 1 2 312 4 5 161 163 164 165 163 169 165 163 170 165 163 164 165 163 169 165 163 170 165 163 172 173 174 175 165 163 170 165,0.3217201828956604,1,2026-06-14 15:42:35+00:00,2026-06-14 15:42:39+00:00
all,verify_frontend_cpu_001,356290352,1781451760.0,1781451763.0,0,51,13 163 167 171 165 163 164 165 163 164 165 163 169 165 163 170 165 163 172 173 2 313 4 5 161 174 175 165 163 164 165 163 165 163 170 165 163 164 165 163 164 165 163 164 165 163 169 165 163 170 165,0.32418763637542725,1,2026-06-14 15:42:40+00:00,2026-06-14 15:42:43+00:00
all,verify_frontend_cpu_001,356290353,1781451765.0,1781451769.0,0,28,163 166 165 163 167 163 170 165 163 167 171 165 171 165 163 165 163 164 165 163 164 165 163 170 165 163 170 165,0.20295295119285583,0,2026-06-14 15:42:45+00:00,2026-06-14 15:42:49+00:00
all,verify_frontend_cpu_001,356290354,1781451770.0,1781451773.0,0,49,163 164 165 163 169 165 163 170 165 163 164 165 163 166 165 163 167 163 164 165 163 169 165 163 170 165 163 170 171 165 165 163 165 163 167 171 165 163 164 165 163 169 165 163 170 163 164 165 165,0.20975132286548615,1,2026-06-14 15:42:50+00:00,2026-06-14 15:42:53+00:00
all,verify_frontend_cpu_001,356290355,1781451775.0,1781451779.0,0,67,1 2 314 4 5 161 163 164 165 163 169 165 163 170 165 163 172 173 174 175 165 163 164 165 163 164 165 163 169 165 163 170 165 163 165 163 166 165 163 167 171 165 163 164 165 163 167 163 164 165 163 169 165 163 170 171 165 163 164 165 165 163 164 165 163 164 165,0.3013158440589905,1,2026-06-14 15:42:55+00:00,2026-06-14 15:42:59+00:00
all,verify_frontend_cpu_001,356290356,1781451780.0,1781451784.0,0,27,163 164 165 163 164 165 163 165 163 164 165 163 164 165 163 164 165 163 164 165 163 164 165 163 167 171 165,0.20220361649990082,0,2026-06-14 15:43:00+00:00,2026-06-14 15:43:04+00:00
all,verify_frontend_cpu_001,356290357,1781451785.0,1781451789.0,0,33,163 170 165 163 164 165 163 164 165 163 165 163 167 171 165 163 164 165 163 169 165 163 170 165 163 164 165 163 164 165 163 164 165,0.20856136083602905,1,2026-06-14 15:43:05+00:00,2026-06-14 15:43:09+00:00
all,verify_frontend_cpu_001,356290358,1781451790.0,1781451794.0,0,37,163 164 165 163 164 165 163 164 165 163 165 163 170 165 163 164 163 164 165 165 163 169 165 163 170 165 163 170 165 163 164 165 163 169 165 163 170,0.20950910449028015,1,2026-06-14 15:43:10+00:00,2026-06-14 15:43:14+00:00
all,verify_frontend_cpu_001,356290359,1781451795.0,1781451799.0,0,37,165 163 164 165 163 164 165 163 170 163 169 165 163 170 163 165 165 165 163 164 165 163 164 165 163 166 165 163 167 163 164 165 171 165 163 164 165,0.20994645357131958,1,2026-06-14 15:43:15+00:00,2026-06-14 15:43:19+00:00
all,verify_frontend_cpu_001,356290360,1781451800.0,1781451804.0,0,43,163 164 165 163 169 165 163 170 165 163 167 171 165 163 164 165 163 170 165 163 165 163 164 165 163 164 165 163 164 165 163 167 171 165 163 164 165 163 164 165 163 164 165,0.21380960941314697,1,2026-06-14 15:43:20+00:00,2026-06-14 15:43:24+00:00
all,verify_frontend_cpu_001,356290361,1781451805.0,1781451808.0,0,33,163 166 165 163 167 171 165 163 164 165 163 169 165 163 170 165 163 165 163 164 165 163 169 165 163 170 165 163 164 165 163 164 165,0.21197038888931274,1,2026-06-14 15:43:25+00:00,2026-06-14 15:43:28+00:00
all,verify_frontend_cpu_001,356290362,1781451810.0,1781451814.0,0,51,163 164 165 163 164 163 170 165 165 163 164 165 163 164 165 163 165 163 166 165 163 167 163 164 165 163 169 165 163 170 163 164 171 165 165 165 163 164 165 163 164 165 163 169 165 163 170 165 163 164 165,0.21602624654769897,1,2026-06-14 15:43:30+00:00,2026-06-14 15:43:34+00:00
all,verify_frontend_cpu_001,356290363,1781451815.0,1781451819.0,0,44,35 2 315 4 5 161 163 164 165 163 169 165 163 170 165 163 172 173 174 175 165 163 164 165 163 164 165 163 165 163 164 165 163 164 165 163 164 165 163 164 165 163 170 165,0.2910882830619812,1,2026-06-14 15:43:35+00:00,2026-06-14 15:43:39+00:00
all,verify_frontend_cpu_001,356290364,1781451821.0,1781451824.0,0,45,163 164 165 163 165 163 164 165 163 164 165 163 166 165 163 167 171 165 163 164 163 164 165 165 163 164 165 163 164 163 170 165 165 163 164 165 163 164 165 163 169 165 163 170 165,0.21363183856010437,1,2026-06-14 15:43:41+00:00,2026-06-14 15:43:44+00:00
all,verify_frontend_cpu_001,356290365,1781451825.0,1781451829.0,0,58,163 164 165 163 169 165 163 170 165 1 2 316 4 5 161 163 164 165 163 164 165 163 169 165 163 170 165 163 172 173 174 175 165 163 165 163 164 165 163 166 165 163 167 171 165 163 170 165 163 166 165 163 167 171 165 163 164 165,0.3333503305912018,1,2026-06-14 15:43:45+00:00,2026-06-14 15:43:49+00:00
all,verify_frontend_cpu_001,356290366,1781451830.0,1781451834.0,0,46,163 169 165 163 170 165 163 164 165 163 165 163 170 165 163 164 165 163 170 165 163 164 165 1 2 317 4 5 161 163 164 165 163 169 165 163 170 165 163 172 173 174 175 165 163 167,0.31226134300231934,1,2026-06-14 15:43:50+00:00,2026-06-14 15:43:54+00:00
all,verify_frontend_cpu_001,356290367,1781451835.0,1781451838.0,0,29,163 167 171 165 163 164 165 171 165 163 165 163 164 165 163 164 165 163 164 165 163 169 165 163 170 165 163 164 165,0.20746758580207825,1,2026-06-14 15:43:55+00:00,2026-06-14 15:43:58+00:00
all,verify_frontend_cpu_001,356290368,1781451840.0,1781451844.0,0,40,163 166 165 163 167 171 165 163 164 165 163 170 165 163 170 165 163 164 165 163 165 163 166 165 163 167 171 165 163 170 165 163 164 165 163 169 165 163 170 165,0.20661622285842896,1,2026-06-14 15:44:00+00:00,2026-06-14 15:44:04+00:00
all,verify_frontend_cpu_001,356290369,1781451845.0,1781451849.0,1,34,163 164 165 163 167 171 165 163 164 165 163 165 163 167 163 164 165 171 165 163 164 165 163 170 163 164 165 165 163 164 165 163 164 165,0.20833173394203186,1,2026-06-14 15:44:05+00:00,2026-06-14 15:44:09+00:00
all,verify_frontend_cpu_001,356290370,1781451850.0,1781451854.0,1,54,163 164 165 163 169 165 163 170 165 163 164 165 163 165 163 164 163 166 165 163 167 165 163 164 8 2 318 4 5 161 165 163 169 165 163 170 165 163 172 173 174 175 165 171 165 163 170 163 170 165 163 164 165 165,0.31409814953804016,1,2026-06-14 15:44:10+00:00,2026-06-14 15:44:14+00:00
all,verify_frontend_cpu_001,356290371,1781451855.0,1781451859.0,1,46,163 164 165 163 164 163 166 165 163 167 165 163 165 171 165 163 164 165 163 164 165 163 167 163 164 163 164 163 164 165 163 169 165 163 170 165 165 163 169 171 163 164 165 165 163 170,0.20717810094356537,1,2026-06-14 15:44:15+00:00,2026-06-14 15:44:19+00:00
all,verify_frontend_cpu_001,356290372,1781451860.0,1781451863.0,1,54,13 2 319 4 5 161 165 165 163 172 173 174 165 175 165 163 164 165 163 165 163 166 165 163 167 163 164 171 163 164 165 165 165 163 164 165 163 169 165 163 163 164 170 163 170 165 165 163 164 165 163 170 165 165,0.28263595700263977,1,2026-06-14 15:44:20+00:00,2026-06-14 15:44:23+00:00
all,verify_frontend_cpu_001,356290373,1781451866.0,1781451868.0,1,19,163 164 165 163 165 163 170 165 163 170 165 163 170 163 166 165 163 167 165,0.1769123077392578,0,2026-06-14 15:44:26+00:00,2026-06-14 15:44:28+00:00
all,verify_frontend_cpu_001,356290374,1781451870.0,1781451874.0,1,69,171 165 163 164 165 163 164 163 167 165 163 165 171 165 163 170 163 164 163 170 165 165 163 164 163 169 13 2 320 4 5 161 165 163 170 165 165 163 169 165 163 170 165 163 172 173 174 163 164 175 165 165 163 164 165 165 163 164 165 163 169 165 163 170 163 166 165 163 167,0.3355773389339447,1,2026-06-14 15:44:30+00:00,2026-06-14 15:44:34+00:00
all,verify_frontend_cpu_001,356290375,1781451875.0,1781451879.0,1,30,165 163 164 171 165 165 163 166 165 163 167 171 165 163 165 163 164 165 163 170 165 163 164 163 170 163 164 165 165 165,0.20537497103214264,1,2026-06-14 15:44:35+00:00,2026-06-14 15:44:39+00:00
all,verify_frontend_cpu_001,356290376,1781451880.0,1781451884.0,1,23,163 164 165 163 164 165 163 164 165 163 165 163 164 165 163 164 163 164 165 165 163 164 165,0.19460245966911316,0,2026-06-14 15:44:40+00:00,2026-06-14 15:44:44+00:00
all,verify_frontend_cpu_001,356290377,1781451885.0,1781451889.0,1,42,163 164 163 167 165 163 170 163 164 163 164 165 163 169 165 165 163 170 165 165 163 165 171 165 163 167 163 164 165 171 165 163 164 165 163 164 163 164 165 165 163 170,0.21331538259983063,1,2026-06-14 15:44:45+00:00,2026-06-14 15:44:49+00:00
all,verify_frontend_cpu_001,356290378,1781451890.0,1781451894.0,1,50,163 164 165 163 164 165 165 163 164 165 163 164 163 165 165 163 170 165 163 164 165 6 2 321 4 5 161 163 164 165 163 169 165 163 170 165 163 172 173 174 175 165 163 164 163 164 165 165 163 170,0.3342891037464142,1,2026-06-14 15:44:50+00:00,2026-06-14 15:44:54+00:00
all,verify_frontend_cpu_001,356290379,1781451895.0,1781451899.0,1,30,165 163 164 165 163 164 165 163 165 163 164 165 163 164 165 163 164 163 170 165 165 163 164 165 163 169 165 163 170 165,0.2089826464653015,1,2026-06-14 15:44:55+00:00,2026-06-14 15:44:59+00:00
all,verify_frontend_cpu_001,356290380,1781451900.0,1781451904.0,1,32,163 170 165 163 164 165 163 165 163 170 163 164 165 165 163 164 163 170 165 163 164 165 165 163 166 165 163 167 163 170 171 165,0.21187131106853485,1,2026-06-14 15:45:00+00:00,2026-06-14 15:45:04+00:00
all,verify_frontend_cpu_001,356290381,1781451905.0,1781451909.0,1,57,6 2 322 4 5 161 165 163 164 165 163 164 165 163 169 165 163 170 165 163 172 173 163 164 174 175 165 163 164 165 165 163 165 163 164 165 163 170 165 163 166 165 163 167 163 164 165 171 165 163 164 165 163 169 165 163 170,0.2886365056037903,1,2026-06-14 15:45:05+00:00,2026-06-14 15:45:09+00:00
all,verify_frontend_cpu_001,356290382,1781451910.0,1781451914.0,1,33,165 163 170 163 164 165 165 163 165 163 164 163 164 165 163 169 165 163 170 165 165 163 164 163 164 165 163 169 165 165 163 170 165,0.21213968098163605,1,2026-06-14 15:45:10+00:00,2026-06-14 15:45:14+00:00
all,verify_frontend_cpu_001,356290383,1781451915.0,1781451919.0,1,43,163 164 165 163 166 165 163 163 167 166 165 163 167 163 167 171 165 171 165 171 165 163 165 163 170 163 167 165 163 164 165 163 166 165 163 167 171 163 170 165 165 171 165,0.21343813836574554,1,2026-06-14 15:45:15+00:00,2026-06-14 15:45:19+00:00
all,verify_frontend_cpu_001,356290384,1781451921.0,1781451923.0,1,17,163 165 163 164 165 163 169 165 163 170 163 164 163 164 165 165 165,0.16011057794094086,0,2026-06-14 15:45:21+00:00,2026-06-14 15:45:23+00:00
all,verify_frontend_cpu_001,356290385,1781451925.0,1781451929.0,1,40,163 164 163 164 165 163 166 165 163 164 163 167 165 163 169 165 163 170 165 171 165 165 163 164 163 170 163 164 165 163 165 165 165 163 170 165 163 164 163 164,0.21062082052230835,1,2026-06-14 15:45:25+00:00,2026-06-14 15:45:29+00:00
all,verify_frontend_cpu_001,356290386,1781451930.0,1781451933.0,1,50,165 163 169 165 165 163 170 165 163 164 163 164 165 163 165 165 6 2 323 4 5 161 163 164 163 170 165 163 169 165 163 170 165 163 172 173 174 163 164 175 165 165 165 163 166 165 163 167 171 165,0.3282436430454254,1,2026-06-14 15:45:30+00:00,2026-06-14 15:45:33+00:00
all,verify_frontend_cpu_001,356290387,1781451935.0,1781451939.0,1,62,163 164 163 164 165 163 164 165 163 169 163 169 165 165 163 170 163 170 163 166 165 165 163 167 165 165 163 164 171 165 165 163 169 165 163 170 163 165 165 163 166 165 163 167 171 165 163 164 163 167 165 163 166 165 163 167 171 165 171 165 163 167,0.21785958111286163,1,2026-06-14 15:45:35+00:00,2026-06-14 15:45:39+00:00
all,verify_frontend_cpu_001,356290388,1781451940.0,1781451944.0,1,49,171 165 163 164 163 164 35 2 324 4 5 161 165 165 163 169 165 163 170 163 164 163 170 165 165 163 172 173 163 165 174 175 165 165 163 164 165 163 166 165 163 167 163 164 165 171 165 163 164,0.3151589035987854,1,2026-06-14 15:45:40+00:00,2026-06-14 15:45:44+00:00
all,verify_frontend_cpu_001,356290389,1781451945.0,1781451949.0,1,50,165 163 169 165 163 170 163 164 165 163 167 163 164 165 165 171 165 163 165 163 170 165 163 164 163 164 165 163 169 165 165 163 170 163 164 165 165 163 164 165 163 169 165 163 170 163 167 165 171 165,0.21151284873485565,1,2026-06-14 15:45:45+00:00,2026-06-14 15:45:49+00:00
all,verify_frontend_cpu_001,356290390,1781451950.0,1781451954.0,1,54,163 170 165 163 164 165 163 169 165 163 170 10 2 325 4 5 161 163 164 165 165 163 172 173 163 166 165 174 163 167 175 165 163 165 163 164 171 165 165 163 164 165 163 170 163 164 165 165 163 169 165 163 170 165,0.3399713933467865,1,2026-06-14 15:45:50+00:00,2026-06-14 15:45:54+00:00
all,verify_frontend_cpu_001,356290391,1781451955.0,1781451959.0,1,48,163 164 165 163 170 165 163 166 165 163 167 171 165 163 165 163 164 165 163 164 165 163 164 163 164 165 35 2 326 4 5 161 163 169 165 165 163 169 163 170 165 163 170 165 165 163 172 173,0.3358277380466461,1,2026-06-14 15:45:55+00:00,2026-06-14 15:45:59+00:00
all,verify_frontend_cpu_001,356290392,1781451960.0,1781451964.0,1,65,174 175 165 163 164 165 163 169 165 163 170 163 164 165 165 163 164 163 164 165 163 166 165 163 164 163 169 163 167 165 163 165 163 170 165 165 165 163 164 171 165 165 163 169 165 163 170 163 164 10 2 327 4 5 161 165 165 163 172 173 174 175 165 163 164,0.2597060203552246,1,2026-06-14 15:46:00+00:00,2026-06-14 15:46:04+00:00
all,verify_frontend_cpu_001,356290393,1781451965.0,1781451969.0,1,97,10 2 328 4 5 161 165 163 169 165 163 170 163 164 163 170 165 163 172 173 165 163 169 174 165 163 170 35 2 329 4 5 161 165 175 165 165 163 172 173 174 163 164 175 165 163 164 165 163 165 13 2 330 4 5 161 163 164 200 165 165 163 169 165 163 170 165 163 172 173 174 175 165 163 167 163 164 165 163 169 165 163 170 163 171 170 163 164 165 165 165 165 163 166 165 163 167,0.32361093163490295,1,2026-06-14 15:46:05+00:00,2026-06-14 15:46:09+00:00
all,verify_frontend_cpu_001,356290394,1781451970.0,1781451973.0,1,25,171 163 164 165 165 163 169 163 164 165 163 170 165 165 163 165 163 164 165 163 164 163 164 165 165,0.18505524098873138,0,2026-06-14 15:46:10+00:00,2026-06-14 15:46:13+00:00
all,verify_frontend_cpu_001,356290395,1781451975.0,1781451979.0,1,67,163 170 165 163 164 165 163 169 165 163 170 165 163 164 163 165 165 163 164 163 164 165 163 167 165 163 169 165 163 170 163 164 165 165 163 164 163 164 171 165 165 163 169 165 163 170 165 10 2 331 4 5 161 165 163 172 173 174 163 166 165 163 167 175 165 171 165,0.2680940628051758,1,2026-06-14 15:46:15+00:00,2026-06-14 15:46:19+00:00
all,verify_frontend_cpu_001,356290396,1781451980.0,1781451984.0,1,29,163 164 165 163 164 165 163 165 163 164 165 163 170 165 163 164 165 163 166 165 163 167 163 170 171 165 165 163 164,0.1909448653459549,0,2026-06-14 15:46:20+00:00,2026-06-14 15:46:24+00:00
all,verify_frontend_cpu_001,356290397,1781451985.0,1781451989.0,1,66,10 2 332 4 5 161 165 163 169 165 163 170 165 163 172 173 163 164 174 175 165 165 163 164 165 163 164 163 169 165 163 164 163 170 163 167 163 165 165 165 165 163 169 165 163 170 171 165 165 163 164 163 164 165 165 163 169 163 169 165 165 163 170 163 170 165,0.2505166232585907,1,2026-06-14 15:46:25+00:00,2026-06-14 15:46:29+00:00
all,verify_frontend_cpu_001,356290398,1781451990.0,1781451994.0,1,66,165 163 164 165 163 164 165 163 165 163 164 163 164 163 166 165 163 167 10 2 333 4 5 161 163 164 165 163 169 165 163 169 165 163 170 165 163 170 165 165 165 163 172 173 171 174 165 163 164 175 165 165 163 169 165 163 170 165 163 164 165 163 169 165 163 170,0.3109402060508728,1,2026-06-14 15:46:30+00:00,2026-06-14 15:46:34+00:00
all,verify_frontend_cpu_001,356290399,1781451995.0,1781451999.0,1,36,165 163 164 165 163 169 165 163 170 163 164 165 163 164 163 164 163 165 165 165 165 163 164 165 163 164 163 164 165 165 163 169 165 163 170 165,0.19449742138385773,0,2026-06-14 15:46:35+00:00,2026-06-14 15:46:39+00:00
all,verify_frontend_cpu_001,356290400,1781452000.0,1781452004.0,1,29,163 164 165 163 170 163 170 165 165 163 164 163 165 165 163 164 165 163 170 165 163 164 165 163 164 163 164 165 165,0.2076532244682312,1,2026-06-14 15:46:40+00:00,2026-06-14 15:46:44+00:00
all,verify_frontend_cpu_001,356290401,1781452006.0,1781452009.0,1,33,163 164 165 163 164 163 165 165 163 167 163 164 163 166 165 165 163 167 171 163 164 163 170 165 165 171 165 165 163 164 165 163 164,0.21290743350982666,1,2026-06-14 15:46:46+00:00,2026-06-14 15:46:49+00:00
all,verify_frontend_cpu_001,356290402,1781452010.0,1781452014.0,1,38,165 163 165 163 164 165 163 164 165 163 169 165 163 170 163 170 165 165 163 164 165 163 169 163 164 165 163 170 163 166 165 163 167 165 165 163 164 165,0.2147630751132965,1,2026-06-14 15:46:50+00:00,2026-06-14 15:46:54+00:00
all,verify_frontend_cpu_001,356290403,1781452015.0,1781452019.0,1,58,171 165 13 163 170 163 164 165 165 163 169 165 163 170 163 166 165 163 167 163 164 163 165 163 164 165 163 172 173 2 334 4 5 161 174 163 164 165 163 164 165 175 165 171 165 165 163 169 165 163 170 165 165 163 164 165 163 164,0.32991376519203186,1,2026-06-14 15:46:55+00:00,2026-06-14 15:46:59+00:00
all,verify_frontend_cpu_001,356290404,1781452020.0,1781452024.0,1,47,165 163 169 165 163 170 165 163 164 163 164 165 163 164 165 163 169 165 165 163 170 163 165 163 164 165 165 163 170 163 164 165 165 163 169 165 163 170 165 163 164 163 164 165 165 163 167,0.2136726826429367,1,2026-06-14 15:47:00+00:00,2026-06-14 15:47:04+00:00
all,verify_frontend_cpu_001,356290405,1781452025.0,1781452029.0,1,53,171 165 163 164 165 163 164 165 163 170 163 165 165 163 164 165 163 170 165 163 164 163 164 165 163 169 165 163 170 165 13 2 335 4 5 161 165 163 172 173 163 164 174 163 166 165 163 167 175 165 163 170 165,0.3256799280643463,1,2026-06-14 15:47:05+00:00,2026-06-14 15:47:09+00:00
all,verify_frontend_cpu_001,356290406,1781452030.0,1781452034.0,1,36,171 165 165 163 166 165 163 167 171 165 163 165 163 164 165 163 164 163 164 163 170 163 164 165 165 163 170 165 165 163 167 165 171 165 163 164,0.2150098830461502,1,2026-06-14 15:47:10+00:00,2026-06-14 15:47:14+00:00
all,verify_frontend_cpu_001,356290407,1781452035.0,1781452039.0,1,55,10 165 163 169 165 163 170 163 164 163 164 200 165 165 165 163 172 173 2 336 4 5 161 174 175 165 163 165 163 164 165 163 164 163 164 165 163 169 165 163 170 165 163 169 165 163 170 165 165 163 164 163 164 165 165,0.34441080689430237,1,2026-06-14 15:47:15+00:00,2026-06-14 15:47:19+00:00
all,verify_frontend_cpu_001,356290408,1781452040.0,1781452044.0,1,39,163 164 165 163 165 163 167 163 164 165 163 170 171 165 163 164 165 163 164 165 163 170 165 165 163 164 165 163 166 165 163 167 163 166 165 163 167 171 165,0.2064327597618103,1,2026-06-14 15:47:20+00:00,2026-06-14 15:47:24+00:00
all,verify_frontend_cpu_001,356290409,1781452045.0,1781452048.0,1,34,171 165 163 164 165 163 165 163 164 165 163 169 165 163 170 163 164 13 2 337 4 5 161 165 165 163 172 173 174 175 165 163 170 165,0.31664249300956726,1,2026-06-14 15:47:25+00:00,2026-06-14 15:47:28+00:00
all,verify_frontend_cpu_001,356290410,1781452050.0,1781452054.0,1,51,163 164 163 166 165 163 167 165 171 163 167 165 171 165 163 164 163 164 163 164 163 165 163 164 165 165 165 165 13 2 338 4 5 161 163 164 165 163 169 165 163 170 163 164 165 163 164 163 172 173 165,0.31024500727653503,1,2026-06-14 15:47:30+00:00,2026-06-14 15:47:34+00:00
all,verify_frontend_cpu_001,356290411,1781452055.0,1781452059.0,1,56,174 175 165 165 163 164 165 163 164 163 165 165 163 164 165 163 169 165 163 170 163 164 163 164 165 165 165 163 164 163 164 165 163 169 165 163 170 163 166 165 165 163 167 163 169 165 163 170 163 164 163 164 165 163 167 165,0.20700322091579437,1,2026-06-14 15:47:35+00:00,2026-06-14 15:47:39+00:00
all,verify_frontend_cpu_001,356290412,1781452060.0,1781452062.0,1,23,165 165 163 169 165 163 170 171 165 163 164 165 165 171 165 163 165 163 170 163 164 165 165,0.18818573653697968,0,2026-06-14 15:47:40+00:00,2026-06-14 15:47:42+00:00
all,verify_frontend_cpu_001,356290413,1781452065.0,1781452069.0,1,73,163 164 165 163 164 163 164 165 163 169 165 163 170 13 2 339 4 5 161 165 165 163 172 173 163 164 174 175 165 163 164 165 163 165 165 163 169 165 163 170 165 163 164 165 163 164 165 163 169 165 163 170 1 2 340 4 5 161 165 163 172 173 174 163 164 175 163 164 163 164 165 163 164,0.3486967980861664,1,2026-06-14 15:47:45+00:00,2026-06-14 15:47:49+00:00
all,verify_frontend_cpu_001,356290414,1781452070.0,1781452073.0,1,15,165 165 165 165 163 165 163 164 165 163 170 165 163 164 165,0.1295177936553955,0,2026-06-14 15:47:50+00:00,2026-06-14 15:47:53+00:00
all,verify_frontend_cpu_001,356290415,1781452075.0,1781452079.0,1,33,163 164 163 164 165 163 167 165 163 164 163 164 163 164 165 165 171 165 163 164 163 165 165 165 163 164 165 163 170 165 163 164 165,0.20581236481666565,1,2026-06-14 15:47:55+00:00,2026-06-14 15:47:59+00:00
all,verify_frontend_cpu_001,356290416,1781452080.0,1781452084.0,1,74,163 164 163 164 163 170 165 165 165 163 164 165 163 165 163 164 163 164 163 164 165 163 169 165 8 2 341 4 5 161 163 170 165 163 169 165 165 163 170 165 165 163 172 173 174 175 165 163 164 163 164 165 163 169 6 2 342 4 5 161 165 163 170 165 163 164 165 163 172 173 174 165 175 165,0.3357665240764618,1,2026-06-14 15:48:00+00:00,2026-06-14 15:48:04+00:00
all,verify_frontend_cpu_001,356290417,1781452085.0,1781452089.0,1,27,163 164 165 163 164 163 164 165 165 163 165 163 164 165 163 164 165 163 164 165 163 164 165 163 170 163 167,0.199997216463089,0,2026-06-14 15:48:05+00:00,2026-06-14 15:48:09+00:00
all,verify_frontend_cpu_001,356290418,1781452090.0,1781452094.0,1,46,165 163 167 171 165 171 163 164 165 35 2 343 4 5 161 163 164 165 165 163 169 165 163 170 163 165 165 163 172 173 174 163 164 163 170 175 165 165 165 163 167 171 165 163 164 165,0.3285686671733856,1,2026-06-14 15:48:10+00:00,2026-06-14 15:48:14+00:00
all,verify_frontend_cpu_001,356290419,1781452095.0,1781452099.0,1,39,163 164 165 163 164 163 164 163 164 165 163 169 165 163 170 165 163 169 165 163 170 165 163 165 165 165 163 170 165 163 167 163 167 171 165 163 164 171 165,0.20592640340328217,1,2026-06-14 15:48:15+00:00,2026-06-14 15:48:19+00:00
all,verify_frontend_cpu_001,356290420,1781452100.0,1781452104.0,1,64,165 163 164 165 163 164 165 163 169 165 1 2 344 4 5 161 163 164 163 170 165 165 163 172 173 174 175 165 163 165 163 166 165 163 167 163 164 171 165 163 167 165 171 165 163 164 165 163 169 163 166 165 163 167 163 164 165 163 170 163 164 165 165 165,0.33769547939300537,1,2026-06-14 15:48:20+00:00,2026-06-14 15:48:24+00:00
all,verify_frontend_cpu_001,356290421,1781452105.0,1781452109.0,1,46,171 165 163 164 165 163 164 163 165 165 163 164 165 163 169 165 163 170 163 164 163 164 165 163 170 165 165 163 169 165 165 163 170 163 164 165 163 164 165 165 163 169 165 163 170 165,0.203446164727211,0,2026-06-14 15:48:25+00:00,2026-06-14 15:48:29+00:00
all,verify_frontend_cpu_001,356290422,1781452110.0,1781452114.0,1,27,163 164 163 164 165 163 169 165 163 170 165 163 164 165 165 163 165 163 170 165 163 164 165 163 167 171 165,0.19904328882694244,0,2026-06-14 15:48:30+00:00,2026-06-14 15:48:34+00:00
all,verify_frontend_cpu_001,356290423,1781452115.0,1781452119.0,1,45,163 164 163 164 165 165 163 169 165 163 170 163 170 165 163 167 165 163 164 165 171 165 163 165 163 164 165 163 166 165 163 167 163 164 171 163 164 165 165 163 169 165 163 170 165,0.20382247865200043,0,2026-06-14 15:48:35+00:00,2026-06-14 15:48:39+00:00
all,verify_frontend_cpu_001,356290424,1781452120.0,1781452124.0,1,45,13 2 345 4 5 161 165 163 172 173 174 175 165 163 164 165 163 164 163 165 163 170 165 165 163 170 163 164 165 165 163 169 165 163 170 163 164 163 164 165 165 165 163 170 165,0.27044564485549927,1,2026-06-14 15:48:40+00:00,2026-06-14 15:48:44+00:00
all,verify_frontend_cpu_001,356290425,1781452125.0,1781452129.0,1,41,163 164 165 163 164 163 164 163 164 165 163 164 165 165 163 169 163 169 165 165 163 170 163 170 165 163 165 165 165 163 164 165 163 164 165 163 169 165 163 170 165,0.20723605155944824,1,2026-06-14 15:48:45+00:00,2026-06-14 15:48:49+00:00
all,verify_frontend_cpu_001,356290426,1781452130.0,1781452134.0,1,39,163 164 163 164 163 164 165 165 165 163 164 163 164 165 165 163 164 165 163 165 163 164 165 163 164 163 164 165 163 169 165 163 169 165 165 163 170 163 170,0.208555206656456,1,2026-06-14 15:48:50+00:00,2026-06-14 15:48:54+00:00
all,verify_frontend_cpu_001,356290427,1781452135.0,1781452139.0,1,50,1 2 346 4 5 161 163 164 165 163 172 173 174 165 163 164 165 163 164 175 165 165 165 163 165 163 167 171 165 163 166 165 163 167 163 164 163 164 171 165 163 164 163 164 165 165 163 164 165 165,0.2722243368625641,1,2026-06-14 15:48:55+00:00,2026-06-14 15:48:59+00:00
all,verify_frontend_cpu_001,356290428,1781452140.0,1781452144.0,1,56,165 163 164 163 164 8 161 163 164 165 163 169 165 163 170 165 163 169 165 163 170 165 163 165 165 163 163 164 172 173 2 347 4 5 35 2 348 4 5 161 174 165 163 172 173 175 174 165 165 175 165 163 164 165 163 170,0.33279603719711304,1,2026-06-14 15:49:00+00:00,2026-06-14 15:49:04+00:00
all,verify_frontend_cpu_001,356290429,1781452145.0,1781452149.0,1,62,165 163 164 165 163 164 165 163 165 163 163 164 164 163 164 163 164 6 2 349 4 5 161 165 165 163 169 165 165 165 163 170 165 163 172 173 174 175 165 163 166 165 163 167 171 165 163 166 165 163 167 163 164 171 165 165 163 164 163 164 165 165,0.3232814073562622,1,2026-06-14 15:49:05+00:00,2026-06-14 15:49:09+00:00
all,verify_frontend_cpu_001,356290430,1781452150.0,1781452154.0,1,67,163 164 165 163 169 165 163 170 165 163 164 165 163 169 165 163 170 165 163 164 165 163 165 163 164 165 163 169 165 163 170 165 163 164 165 10 2 350 4 5 161 163 164 165 163 169 165 163 170 163 164 165 165 163 172 173 174 175 165 163 164 163 166 165 163 167 165,0.3150723874568939,1,2026-06-14 15:49:10+00:00,2026-06-14 15:49:14+00:00
all,verify_frontend_cpu_001,356290431,1781452155.0,1781452159.0,1,29,163 166 165 163 167 163 170 165 171 171 165 165 163 164 165 163 169 165 163 170 165 163 165 163 164 165 163 164 165,0.20321616530418396,0,2026-06-14 15:49:15+00:00,2026-06-14 15:49:19+00:00
all,verify_frontend_cpu_001,356290432,1781452160.0,1781452164.0,1,49,163 164 165 163 164 165 163 166 165 163 167 163 165 171 165 163 164 165 163 164 165 163 164 165 163 164 165 163 164 165 163 164 165 163 164 165 163 164 165 163 166 165 163 167 163 164 165 171 165,0.20906919240951538,1,2026-06-14 15:49:20+00:00,2026-06-14 15:49:24+00:00
all,verify_frontend_cpu_001,356290433,1781452166.0,1781452169.0,1,24,163 164 165 163 166 165 163 167 163 165 171 165 163 164 165 163 169 165 163 170 163 164 165 165,0.19326132535934448,0,2026-06-14 15:49:26+00:00,2026-06-14 15:49:29+00:00
all,verify_frontend_cpu_001,356290434,1781452170.0,1781452174.0,1,29,163 170 165 163 170 165 163 164 165 163 164 163 165 165 163 164 165 163 170 165 163 164 165 163 164 165 163 164 165,0.20416440069675446,0,2026-06-14 15:49:30+00:00,2026-06-14 15:49:34+00:00
all,verify_frontend_cpu_001,356290435,1781452175.0,1781452179.0,1,20,163 164 165 163 165 163 164 165 163 164 165 163 164 165 163 164 165 163 164 165,0.18121059238910675,0,2026-06-14 15:49:35+00:00,2026-06-14 15:49:39+00:00
all,verify_frontend_cpu_001,356290436,1781452180.0,1781452184.0,1,55,163 170 163 164 165 165 163 169 165 163 170 165 163 164 165 163 164 165 163 164 165 163 164 165 163 164 165 163 165 163 164 165 163 164 165 163 169 165 163 170 165 163 164 165 163 164 165 163 164 165 163 169 165 163 170,0.21137171983718872,1,2026-06-14 15:49:40+00:00,2026-06-14 15:49:44+00:00
all,verify_frontend_cpu_001,356290437,1781452185.0,1781452189.0,1,29,165 163 170 165 163 170 165 163 164 165 163 165 163 167 171 165 163 170 165 163 166 165 163 167 163 166 165 163 167,0.20380334556102753,0,2026-06-14 15:49:45+00:00,2026-06-14 15:49:49+00:00
all,verify_frontend_cpu_001,356290438,1781452190.0,1781452194.0,1,58,35 2 351 4 5 161 163 164 171 171 165 165 165 163 164 165 163 169 165 163 170 165 163 172 173 174 175 165 163 164 165 163 164 165 163 164 165 163 165 163 164 165 163 170 165 163 164 165 163 166 165 163 167 163 164 165 171 165,0.2783092260360718,1,2026-06-14 15:49:50+00:00,2026-06-14 15:49:54+00:00
all,verify_frontend_cpu_001,356290439,1781452195.0,1781452199.0,1,68,163 164 165 163 170 165 163 170 165 163 164 165 163 169 165 163 170 163 170 163 164 165 163 165 165 165 163 164 165 163 169 165 163 170 165 163 170 165 163 166 165 163 167 163 164 165 163 167 171 165 171 165 163 164 165 163 164 163 164 165 163 166 165 163 167 165 171 165,0.22081167995929718,1,2026-06-14 15:49:55+00:00,2026-06-14 15:49:59+00:00
all,verify_frontend_cpu_001,356290440,1781452200.0,1781452201.0,1,26,163 164 165 163 170 165 163 170 165 163 164 163 164 165 165 163 165 163 164 165 163 169 165 163 170 165,0.2014157474040985,0,2026-06-14 15:50:00+00:00,2026-06-14 15:50:01+00:00
all,verify_frontend_cpu_001,356290441,1781452205.0,1781452209.0,1,58,163 164 165 8 2 352 4 5 161 163 166 165 163 167 171 165 163 170 163 165 164 165 163 169 165 163 170 163 165 165 163 172 173 174 175 165 163 164 163 164 165 163 169 165 163 170 165 165 163 164 165 163 167 171 165 163 164 165,0.3083088994026184,1,2026-06-14 15:50:05+00:00,2026-06-14 15:50:09+00:00
all,verify_frontend_cpu_001,356290442,1781452210.0,1781452214.0,1,42,163 170 165 163 164 165 163 164 165 163 164 165 163 169 165 163 170 165 163 165 163 166 165 163 167 171 165 163 170 165 163 164 165 163 169 165 163 170 165 163 164 165,0.2106924206018448,1,2026-06-14 15:50:10+00:00,2026-06-14 15:50:14+00:00
all,verify_frontend_cpu_001,356290443,1781452215.0,1781452219.0,1,49,163 164 165 163 164 165 163 164 165 163 164 165 163 165 163 164 165 163 164 165 163 169 165 163 170 165 163 170 165 163 164 165 163 164 165 163 169 165 163 170 165 163 164 165 163 169 165 163 170,0.21314634382724762,1,2026-06-14 15:50:15+00:00,2026-06-14 15:50:19+00:00
all,verify_frontend_cpu_001,356290444,1781452220.0,1781452224.0,1,31,165 163 166 165 163 167 163 164 165 163 169 165 163 170 165 171 165 163 165 163 164 165 163 164 165 163 164 165 163 164 165,0.20870696008205414,1,2026-06-14 15:50:20+00:00,2026-06-14 15:50:24+00:00
all,verify_frontend_cpu_001,356290445,1781452225.0,1781452229.0,1,60,163 166 165 163 167 171 165 163 164 165 163 169 165 163 170 165 163 170 165 163 164 165 163 165 163 164 6 2 353 4 5 161 165 163 169 165 163 170 165 163 172 173 174 175 165 163 170 165 163 170 165 163 170 165 163 170 165 163 164 165,0.3400261104106903,1,2026-06-14 15:50:25+00:00,2026-06-14 15:50:29+00:00
all,verify_frontend_cpu_001,356290446,1781452230.0,1781452234.0,1,48,163 170 165 163 166 165 163 167 171 165 163 164 165 163 165 163 166 165 163 167 171 165 163 164 165 163 169 165 163 170 165 163 166 165 163 167 163 164 165 171 165 163 166 165 163 167 171 165,0.21257387101650238,1,2026-06-14 15:50:30+00:00,2026-06-14 15:50:34+00:00
all,verify_frontend_cpu_001,356290447,1781452235.0,1781452239.0,1,40,163 166 165 163 167 171 165 163 167 171 165 163 165 163 167 171 165 163 166 165 163 167 171 165 163 166 165 163 167 171 165 163 164 165 163 164 165 163 164 165,0.21193157136440277,1,2026-06-14 15:50:35+00:00,2026-06-14 15:50:39+00:00
all,verify_frontend_cpu_001,356290448,1781452241.0,1781452244.0,1,26,163 164 165 163 170 165 163 164 165 163 165 163 164 165 163 164 165 163 164 165 163 170 165 163 164 165,0.19589707255363464,0,2026-06-14 15:50:41+00:00,2026-06-14 15:50:44+00:00
all,verify_frontend_cpu_001,356290449,1781452245.0,1781452248.0,1,41,163 170 165 163 164 165 163 169 165 163 170 165 163 164 165 163 165 163 164 165 163 164 165 163 169 165 163 170 165 163 164 165 163 169 165 163 170 165 163 164 165,0.20195889472961426,0,2026-06-14 15:50:45+00:00,2026-06-14 15:50:48+00:00
all,verify_frontend_cpu_001,356290450,1781452250.0,1781452254.0,1,77,163 166 165 163 167 171 165 163 167 171 165 163 166 165 163 167 171 165 163 167 163 165 163 164 165 163 169 165 171 163 170 165 165 35 2 354 4 5 161 163 164 165 163 169 165 163 170 165 163 164 163 172 173 174 165 163 169 165 163 170 175 165 165 163 164 165 163 170 165 163 170 165 163 166 165 163 167,0.30179861187934875,1,2026-06-14 15:50:50+00:00,2026-06-14 15:50:54+00:00
all,verify_frontend_cpu_001,356290451,1781452255.0,1781452259.0,1,33,171 165 163 164 165 163 165 163 164 165 163 170 165 163 164 163 164 165 165 163 166 165 163 167 163 167 171 165 171 165 163 164 165,0.20361573994159698,0,2026-06-14 15:50:55+00:00,2026-06-14 15:50:59+00:00
all,verify_frontend_cpu_001,356290452,1781452260.0,1781452264.0,1,36,163 170 165 163 166 165 163 167 163 166 165 163 167 171 165 171 165 163 170 165 163 165 163 164 165 163 164 165 163 164 165 163 164 165 163 164,0.20521904528141022,1,2026-06-14 15:51:00+00:00,2026-06-14 15:51:04+00:00
all,verify_frontend_cpu_001,356290453,1781452265.0,1781452269.0,1,48,165 163 166 165 163 167 171 165 163 167 171 165 163 165 163 164 165 163 164 165 163 164 165 163 169 165 163 170 165 163 164 165 163 164 165 163 164 165 163 170 165 163 164 165 163 167 171 165,0.20254339277744293,0,2026-06-14 15:51:05+00:00,2026-06-14 15:51:09+00:00
all,verify_frontend_cpu_001,356290454,1781452270.0,1781452274.0,1,34,163 166 165 163 167 171 165 163 165 163 164 165 163 170 165 163 164 165 163 166 165 163 167 163 164 165 163 164 171 165 165 163 164 165,0.20367342233657837,0,2026-06-14 15:51:10+00:00,2026-06-14 15:51:14+00:00
all,verify_frontend_cpu_001,356290455,1781452275.0,1781452279.0,1,66,35 2 355 4 5 161 163 164 165 163 164 165 163 169 165 163 170 165 163 172 173 163 166 165 163 167 174 175 165 163 164 165 163 164 165 171 165 163 165 163 164 165 163 164 165 163 164 165 163 169 165 163 170 165 163 164 165 163 164 165 163 169 165 163 170 165,0.28389865159988403,1,2026-06-14 15:51:15+00:00,2026-06-14 15:51:19+00:00
all,verify_frontend_cpu_001,356290456,1781452280.0,1781452284.0,1,43,163 164 163 166 165 163 167 165 163 164 165 171 165 163 170 163 165 165 163 164 165 163 164 165 163 164 165 163 164 165 163 166 165 163 167 171 165 163 164 165 163 164 165,0.20948365330696106,1,2026-06-14 15:51:20+00:00,2026-06-14 15:51:24+00:00
all,verify_frontend_cpu_001,356290457,1781452285.0,1781452289.0,1,36,163 164 165 163 164 165 163 166 165 163 167 171 165 163 165 163 164 165 163 170 165 163 164 165 163 164 165 163 169 165 163 170 165 163 164 165,0.2112005650997162,1,2026-06-14 15:51:25+00:00,2026-06-14 15:51:29+00:00
all,verify_frontend_cpu_001,356290458,1781452290.0,1781452294.0,1,35,163 166 165 163 167 171 165 163 165 163 164 165 163 166 165 163 167 171 165 163 164 165 163 166 165 163 167 171 165 163 164 163 164 165 165,0.2107202261686325,1,2026-06-14 15:51:30+00:00,2026-06-14 15:51:34+00:00
all,verify_frontend_cpu_001,356290459,1781452295.0,1781452298.0,1,55,163 170 165 163 166 165 163 167 171 165 163 165 163 170 8 2 356 4 5 161 165 163 164 165 163 164 165 163 169 165 163 170 165 163 172 173 174 175 165 163 164 165 163 170 165 163 166 165 163 167 163 164 165 171 165,0.3388288617134094,1,2026-06-14 15:51:35+00:00,2026-06-14 15:51:38+00:00
all,verify_frontend_cpu_001,356290460,1781452300.0,1781452304.0,1,52,163 164 165 163 164 165 163 164 165 163 164 165 163 165 163 164 165 163 164 165 163 169 165 163 170 165 163 166 165 163 167 171 165 163 164 165 163 164 165 163 169 165 163 170 163 166 165 163 167 165 163 164,0.21249864995479584,1,2026-06-14 15:51:40+00:00,2026-06-14 15:51:44+00:00
all,verify_frontend_cpu_001,356290461,1781452305.0,1781452309.0,1,63,165 163 169 165 163 170 171 165 165 163 170 165 163 165 163 164 163 164 165 163 169 165 165 163 166 165 163 170 163 167 163 170 165 165 171 165 163 164 165 10 2 357 4 5 161 163 170 165 163 164 165 163 169 165 163 170 165 163 172 173 174 175 165,0.32029691338539124,1,2026-06-14 15:51:45+00:00,2026-06-14 15:51:49+00:00
all,verify_frontend_cpu_001,356290462,1781452310.0,1781452313.0,1,43,163 164 165 163 169 165 163 170 163 164 165 165 163 164 165 163 164 165 163 170 165 163 165 163 166 165 163 167 171 165 163 164 165 163 166 165 163 167 171 165 163 164 165,0.20906729996204376,1,2026-06-14 15:51:50+00:00,2026-06-14 15:51:53+00:00
all,verify_frontend_cpu_001,356290463,1781452315.0,1781452319.0,1,57,163 164 165 163 170 165 163 164 165 163 165 8 2 358 4 5 161 163 164 165 163 169 165 163 170 165 163 164 165 163 169 165 163 170 165 163 172 173 174 175 165 163 164 165 163 164 165 163 170 165 163 164 165 163 167 171 165,0.34530001878738403,1,2026-06-14 15:51:55+00:00,2026-06-14 15:51:59+00:00
all,verify_frontend_cpu_001,356290464,1781452320.0,1781452324.0,0,38,163 166 165 163 167 163 167 163 164 165 163 164 171 171 165 165 165 163 170 165 163 165 163 166 165 163 167 171 165 163 170 165 163 164 165 163 164 165,0.21248377859592438,1,2026-06-14 15:52:00+00:00,2026-06-14 15:52:04+00:00
all,verify_frontend_cpu_001,356290465,1781452325.0,1781452329.0,0,46,163 164 165 163 170 165 163 165 163 164 165 163 164 165 163 166 165 163 167 171 165 163 164 165 163 164 165 163 164 165 163 169 165 163 167 163 170 165 171 165 163 170 165 163 164 165,0.21138370037078857,1,2026-06-14 15:52:05+00:00,2026-06-14 15:52:09+00:00
all,verify_frontend_cpu_001,356290466,1781452331.0,1781452334.0,0,37,163 170 165 163 164 165 163 169 165 163 170 165 163 165 163 170 165 163 166 165 163 167 163 167 171 165 171 165 163 164 165 163 169 165 163 170 165,0.21185049414634705,1,2026-06-14 15:52:11+00:00,2026-06-14 15:52:14+00:00
all,verify_frontend_cpu_001,356290467,1781452335.0,1781452339.0,0,33,163 164 165 163 166 165 163 167 163 170 165 171 165 163 165 163 164 165 163 164 165 163 164 165 163 164 165 163 170 165 163 170 165,0.21085940301418304,1,2026-06-14 15:52:15+00:00,2026-06-14 15:52:19+00:00
all,verify_frontend_cpu_001,356290468,1781452340.0,1781452344.0,0,49,163 164 165 163 166 165 163 167 171 165 163 165 163 164 165 163 164 165 163 169 165 163 170 165 163 166 165 163 167 171 165 163 164 165 163 164 165 163 164 165 163 169 165 163 170 165 163 170 165,0.21262477338314056,1,2026-06-14 15:52:20+00:00,2026-06-14 15:52:24+00:00
all,verify_frontend_cpu_001,356290469,1781452345.0,1781452349.0,0,56,163 167 171 165 163 170 165 163 170 165 163 164 165 163 165 163 164 165 163 164 165 163 170 163 164 165 165 163 164 1 2 359 4 5 161 165 163 164 165 163 169 165 163 170 165 163 172 173 174 175 165 163 166 165 163 167,0.3163229823112488,1,2026-06-14 15:52:25+00:00,2026-06-14 15:52:29+00:00
all,verify_frontend_cpu_001,356290470,1781452350.0,1781452354.0,0,61,171 165 163 164 165 163 164 165 163 165 163 164 165 163 170 165 163 164 165 163 169 165 163 170 165 163 164 165 6 2 360 4 5 161 163 164 165 163 169 165 163 170 165 163 172 173 174 175 165 163 166 165 163 167 171 165 163 166 165 163 167,0.32340583205223083,1,2026-06-14 15:52:30+00:00,2026-06-14 15:52:34+00:00
all,verify_frontend_cpu_001,356290471,1781452355.0,1781452359.0,0,55,171 165 163 164 165 163 164 165 163 164 165 163 170 165 163 165 163 164 165 163 164 165 163 167 171 165 163 164 165 163 164 165 163 169 165 163 170 165 163 164 165 163 166 165 163 167 163 167 171 165 171 165 163 164 165,0.21517153084278107,1,2026-06-14 15:52:35+00:00,2026-06-14 15:52:39+00:00
all,verify_frontend_cpu_001,356290472,1781452360.0,1781452364.0,0,24,163 166 165 163 167 171 165 163 170 165 163 165 163 164 165 163 164 165 163 164 165 163 164 165,0.23023392260074615,1,2026-06-14 15:52:40+00:00,2026-06-14 15:52:44+00:00
all,verify_productcatalog_pod_failure_001,2654,,,0,1,168,0.0011685509234666824,0,,
all,verify_productcatalog_pod_failure_001,2655,,,0,1,168,0.0011685509234666824,0,,
all,verify_productcatalog_pod_failure_001,2657,,,0,1,168,0.0011685509234666824,0,,
all,verify_productcatalog_pod_failure_001,2659,,,0,1,168,0.0011685509234666824,0,,
all,verify_productcatalog_pod_failure_001,2660,,,0,1,168,0.0011685509234666824,0,,
all,verify_productcatalog_pod_failure_001,2662,,,0,1,168,0.0011685509234666824,0,,
all,verify_productcatalog_pod_failure_001,2663,,,0,1,168,0.0011685509234666824,0,,
all,verify_productcatalog_pod_failure_001,2664,,,0,1,168,0.002135146874934435,0,,
all,verify_productcatalog_pod_failure_001,2666,,,0,1,168,0.002135146874934435,0,,
all,verify_productcatalog_pod_failure_001,2667,,,0,1,168,0.002135146874934435,0,,
all,verify_productcatalog_pod_failure_001,2668,,,0,1,168,0.002135146874934435,0,,
all,verify_productcatalog_pod_failure_001,2670,,,0,1,168,0.002135146874934435,0,,
all,verify_productcatalog_pod_failure_001,2671,,,0,1,168,0.002135146874934435,0,,
all,verify_productcatalog_pod_failure_001,2673,,,0,1,168,0.002135146874934435,0,,
all,verify_productcatalog_pod_failure_001,2674,,,0,1,168,0.002135146874934435,0,,
all,verify_productcatalog_pod_failure_001,2677,,,0,1,168,0.002135146874934435,0,,
all,verify_productcatalog_pod_failure_001,2678,,,0,1,168,0.002135146874934435,0,,
all,verify_productcatalog_pod_failure_001,2681,,,0,1,168,0.002135146874934435,0,,
all,verify_productcatalog_pod_failure_001,2682,,,0,1,168,0.002135146874934435,0,,
all,verify_productcatalog_pod_failure_001,2685,,,0,1,168,0.002135146874934435,0,,
all,verify_productcatalog_pod_failure_001,2686,,,0,1,168,0.002135146874934435,0,,
all,verify_productcatalog_pod_failure_001,2687,,,0,1,168,0.002135146874934435,0,,
all,verify_productcatalog_pod_failure_001,2688,,,0,1,168,0.002135146874934435,0,,
all,verify_productcatalog_pod_failure_001,2689,,,0,1,168,0.002135146874934435,0,,
all,verify_productcatalog_pod_failure_001,2692,,,0,1,168,0.002135146874934435,0,,
all,verify_productcatalog_pod_failure_001,2693,,,0,1,168,0.002135146874934435,0,,
all,verify_productcatalog_pod_failure_001,2695,,,0,1,168,0.002135146874934435,0,,
all,verify_productcatalog_pod_failure_001,2696,,,0,1,168,0.002135146874934435,0,,
all,verify_productcatalog_pod_failure_001,2697,,,0,1,168,0.002135146874934435,0,,
all,verify_productcatalog_pod_failure_001,2698,,,0,1,168,0.002135146874934435,0,,
all,verify_productcatalog_pod_failure_001,2699,,,0,1,168,0.002135146874934435,0,,
all,verify_productcatalog_pod_failure_001,2700,,,0,1,168,0.002135146874934435,0,,
all,verify_productcatalog_pod_failure_001,2702,,,0,1,168,0.002135146874934435,0,,
all,verify_productcatalog_pod_failure_001,2703,,,0,1,168,0.002135146874934435,0,,
all,verify_productcatalog_pod_failure_001,2704,,,0,1,168,0.002135146874934435,0,,
all,verify_productcatalog_pod_failure_001,2705,,,0,1,168,0.002135146874934435,0,,
all,verify_productcatalog_pod_failure_001,2706,,,0,1,168,0.002135146874934435,0,,
all,verify_productcatalog_pod_failure_001,2707,,,0,1,168,0.002135146874934435,0,,
all,verify_productcatalog_pod_failure_001,2708,,,0,1,168,0.002135146874934435,0,,
all,verify_productcatalog_pod_failure_001,2710,,,0,1,168,0.002135146874934435,0,,
all,verify_productcatalog_pod_failure_001,2711,,,0,1,168,0.002135146874934435,0,,
all,verify_productcatalog_pod_failure_001,2713,,,0,1,168,0.002135146874934435,0,,
all,verify_productcatalog_pod_failure_001,2714,,,0,1,168,0.002135146874934435,0,,
all,verify_productcatalog_pod_failure_001,2715,,,0,1,168,0.002135146874934435,0,,
all,verify_productcatalog_pod_failure_001,2719,,,0,1,168,0.002135146874934435,0,,
all,verify_productcatalog_pod_failure_001,2720,,,0,1,168,0.002135146874934435,0,,
all,verify_productcatalog_pod_failure_001,2722,,,0,1,168,0.002135146874934435,0,,
all,verify_productcatalog_pod_failure_001,2723,,,0,1,168,0.002135146874934435,0,,
all,verify_productcatalog_pod_failure_001,2725,,,0,1,168,0.002135146874934435,0,,
all,verify_productcatalog_pod_failure_001,2726,,,0,1,168,0.002135146874934435,0,,
all,verify_productcatalog_pod_failure_001,2728,,,0,1,168,0.002135146874934435,0,,
all,verify_productcatalog_pod_failure_001,2729,,,0,1,168,0.002135146874934435,0,,
all,verify_productcatalog_pod_failure_001,2731,,,0,1,168,0.002135146874934435,0,,
all,verify_productcatalog_pod_failure_001,2732,,,0,1,168,0.002135146874934435,0,,
all,verify_productcatalog_pod_failure_001,2733,,,0,1,168,0.002135146874934435,0,,
all,verify_productcatalog_pod_failure_001,2734,,,0,1,168,0.002135146874934435,0,,
all,verify_productcatalog_pod_failure_001,2735,,,0,1,168,0.002135146874934435,0,,
all,verify_productcatalog_pod_failure_001,2738,,,0,1,168,0.002135146874934435,0,,
all,verify_productcatalog_pod_failure_001,2739,,,0,1,168,0.002135146874934435,0,,
all,verify_productcatalog_pod_failure_001,2742,,,0,1,168,0.002135146874934435,0,,
all,verify_productcatalog_pod_failure_001,2744,,,0,1,168,0.002135146874934435,0,,
all,verify_productcatalog_pod_failure_001,2745,,,0,1,168,0.002135146874934435,0,,
all,verify_productcatalog_pod_failure_001,2746,,,0,1,168,0.002135146874934435,0,,
all,verify_productcatalog_pod_failure_001,2748,,,0,1,168,0.002135146874934435,0,,
all,verify_productcatalog_pod_failure_001,2749,,,0,1,168,0.002135146874934435,0,,
all,verify_productcatalog_pod_failure_001,2750,,,0,1,168,0.002135146874934435,0,,
all,verify_productcatalog_pod_failure_001,2751,,,0,1,168,0.002135146874934435,0,,
all,verify_productcatalog_pod_failure_001,2752,,,0,1,168,0.002135146874934435,0,,
all,verify_productcatalog_pod_failure_001,2755,,,0,1,168,0.002135146874934435,0,,
all,verify_productcatalog_pod_failure_001,2757,,,0,1,168,0.002135146874934435,0,,
all,verify_productcatalog_pod_failure_001,2758,,,0,1,168,0.002135146874934435,0,,
all,verify_productcatalog_pod_failure_001,2761,,,0,1,168,0.002135146874934435,0,,
all,verify_productcatalog_pod_failure_001,2762,,,0,1,168,0.002135146874934435,0,,
all,verify_productcatalog_pod_failure_001,2763,,,0,1,168,0.002135146874934435,0,,
all,verify_productcatalog_pod_failure_001,2764,,,0,1,168,0.002135146874934435,0,,
all,verify_productcatalog_pod_failure_001,2766,,,0,1,168,0.002135146874934435,0,,
all,verify_productcatalog_pod_failure_001,2767,,,0,1,168,0.002135146874934435,0,,
all,verify_productcatalog_pod_failure_001,2769,,,0,1,168,0.002135146874934435,0,,
all,verify_productcatalog_pod_failure_001,2770,,,0,1,168,0.002135146874934435,0,,
all,verify_productcatalog_pod_failure_001,2772,,,0,1,168,0.002135146874934435,0,,
all,verify_productcatalog_pod_failure_001,2777,,,0,1,168,0.002135146874934435,0,,
all,verify_productcatalog_pod_failure_001,2778,,,0,1,168,0.002135146874934435,0,,
all,verify_productcatalog_pod_failure_001,2779,,,0,1,168,0.002135146874934435,0,,
all,verify_productcatalog_pod_failure_001,2780,,,0,1,168,0.002135146874934435,0,,
all,verify_productcatalog_pod_failure_001,2782,,,0,1,168,0.002135146874934435,0,,
all,verify_productcatalog_pod_failure_001,2783,,,0,1,168,0.002135146874934435,0,,
all,verify_productcatalog_pod_failure_001,2784,,,0,1,168,0.002135146874934435,0,,
all,verify_productcatalog_pod_failure_001,2786,,,0,1,168,0.002135146874934435,0,,
all,verify_productcatalog_pod_failure_001,2787,,,0,1,168,0.002135146874934435,0,,
all,verify_productcatalog_pod_failure_001,2789,,,0,1,168,0.002135146874934435,0,,
all,verify_productcatalog_pod_failure_001,2792,,,0,1,168,0.002135146874934435,0,,
all,verify_productcatalog_pod_failure_001,2793,,,0,1,168,0.002135146874934435,0,,
all,verify_productcatalog_pod_failure_001,2795,,,0,1,168,0.002135146874934435,0,,
all,verify_productcatalog_pod_failure_001,2796,,,0,1,168,0.002135146874934435,0,,
all,verify_productcatalog_pod_failure_001,2797,,,0,1,168,0.002135146874934435,0,,
all,verify_productcatalog_pod_failure_001,2798,,,0,1,168,0.002135146874934435,0,,
all,verify_productcatalog_pod_failure_001,2800,,,0,1,168,0.002135146874934435,0,,
all,verify_productcatalog_pod_failure_001,2801,,,0,1,168,0.002135146874934435,0,,
all,verify_productcatalog_pod_failure_001,2802,,,0,1,168,0.002135146874934435,0,,
all,verify_productcatalog_pod_failure_001,2803,,,0,1,168,0.002135146874934435,0,,
all,verify_productcatalog_pod_failure_001,2804,,,0,1,168,0.002135146874934435,0,,
all,verify_productcatalog_pod_failure_001,2807,,,0,1,168,0.002135146874934435,0,,
all,verify_productcatalog_pod_failure_001,2808,,,0,1,168,0.002135146874934435,0,,
all,verify_productcatalog_pod_failure_001,2809,,,0,1,168,0.002135146874934435,0,,
all,verify_productcatalog_pod_failure_001,2810,,,0,1,168,0.002135146874934435,0,,
all,verify_productcatalog_pod_failure_001,2811,,,0,1,168,0.002135146874934435,0,,
all,verify_productcatalog_pod_failure_001,2813,,,0,1,168,0.002135146874934435,0,,
all,verify_productcatalog_pod_failure_001,2814,,,0,1,168,0.002135146874934435,0,,
all,verify_productcatalog_pod_failure_001,2816,,,0,1,168,0.002135146874934435,0,,
all,verify_productcatalog_pod_failure_001,2817,,,0,1,168,0.002135146874934435,0,,
all,verify_productcatalog_pod_failure_001,2819,,,0,1,168,0.002135146874934435,0,,
all,verify_productcatalog_pod_failure_001,2820,,,0,1,168,0.002135146874934435,0,,
all,verify_productcatalog_pod_failure_001,2821,,,0,1,168,0.002135146874934435,0,,
all,verify_productcatalog_pod_failure_001,2823,,,0,1,168,0.002135146874934435,0,,
all,verify_productcatalog_pod_failure_001,2824,,,0,1,168,0.002135146874934435,0,,
all,verify_productcatalog_pod_failure_001,2825,,,0,1,168,0.002135146874934435,0,,
all,verify_productcatalog_pod_failure_001,2827,,,0,1,168,0.002135146874934435,0,,
all,verify_productcatalog_pod_failure_001,2828,,,0,1,168,0.002135146874934435,0,,
all,verify_productcatalog_pod_failure_001,2830,,,0,1,168,0.002135146874934435,0,,
all,verify_productcatalog_pod_failure_001,2832,,,0,1,168,0.002135146874934435,0,,
all,verify_productcatalog_pod_failure_001,2833,,,0,1,168,0.002135146874934435,0,,
all,verify_productcatalog_pod_failure_001,2834,,,0,1,168,0.002135146874934435,0,,
all,verify_productcatalog_pod_failure_001,2835,,,0,1,168,0.002135146874934435,0,,
all,verify_productcatalog_pod_failure_001,2836,,,0,1,168,0.002135146874934435,0,,
all,verify_productcatalog_pod_failure_001,2838,,,0,1,168,0.002135146874934435,0,,
all,verify_productcatalog_pod_failure_001,2839,,,0,1,168,0.002135146874934435,0,,
all,verify_productcatalog_pod_failure_001,2840,,,0,1,168,0.002135146874934435,0,,
all,verify_productcatalog_pod_failure_001,2842,,,0,1,168,0.002135146874934435,0,,
all,verify_productcatalog_pod_failure_001,2843,,,0,1,168,0.002135146874934435,0,,
all,verify_productcatalog_pod_failure_001,2844,,,0,1,168,0.002135146874934435,0,,
all,verify_productcatalog_pod_failure_001,2846,,,0,1,168,0.002135146874934435,0,,
all,verify_productcatalog_pod_failure_001,2847,,,0,1,168,0.002135146874934435,0,,
all,verify_productcatalog_pod_failure_001,2848,,,0,1,168,0.002135146874934435,0,,
all,verify_productcatalog_pod_failure_001,2850,,,0,1,168,0.002135146874934435,0,,
all,verify_productcatalog_pod_failure_001,2851,,,0,1,168,0.002135146874934435,0,,
all,verify_productcatalog_pod_failure_001,2853,,,0,1,168,0.002135146874934435,0,,
all,verify_productcatalog_pod_failure_001,2854,,,0,1,168,0.002135146874934435,0,,
all,verify_productcatalog_pod_failure_001,2856,,,0,1,168,0.002135146874934435,0,,
all,verify_productcatalog_pod_failure_001,2858,,,0,1,168,0.002135146874934435,0,,
all,verify_productcatalog_pod_failure_001,2859,,,0,1,168,0.002135146874934435,0,,
all,verify_productcatalog_pod_failure_001,2860,,,0,1,168,0.002135146874934435,0,,
all,verify_productcatalog_pod_failure_001,2861,,,0,1,168,0.002135146874934435,0,,
all,verify_productcatalog_pod_failure_001,2862,,,0,1,168,0.002135146874934435,0,,
all,verify_productcatalog_pod_failure_001,2863,,,0,1,168,0.002135146874934435,0,,
all,verify_productcatalog_pod_failure_001,2865,,,0,1,168,0.002135146874934435,0,,
all,verify_productcatalog_pod_failure_001,2866,,,0,1,168,0.002135146874934435,0,,
all,verify_productcatalog_pod_failure_001,2867,,,0,1,168,0.002135146874934435,0,,
all,verify_productcatalog_pod_failure_001,2869,,,0,1,168,0.002135146874934435,0,,
all,verify_productcatalog_pod_failure_001,2871,,,0,1,168,0.002135146874934435,0,,
all,verify_productcatalog_pod_failure_001,2873,,,0,1,168,0.002135146874934435,0,,
all,verify_productcatalog_pod_failure_001,2874,,,0,1,168,0.002135146874934435,0,,
all,verify_productcatalog_pod_failure_001,2876,,,0,1,168,0.002135146874934435,0,,
all,verify_productcatalog_pod_failure_001,2879,,,0,1,168,0.002135146874934435,0,,
all,verify_productcatalog_pod_failure_001,2880,,,0,1,168,0.002135146874934435,0,,
all,verify_productcatalog_pod_failure_001,2881,,,0,1,168,0.002135146874934435,0,,
all,verify_productcatalog_pod_failure_001,2883,,,0,1,168,0.002135146874934435,0,,
all,verify_productcatalog_pod_failure_001,2884,,,0,1,168,0.002135146874934435,0,,
all,verify_productcatalog_pod_failure_001,2886,,,0,1,168,0.002135146874934435,0,,
all,verify_productcatalog_pod_failure_001,2888,,,0,1,168,0.002135146874934435,0,,
all,verify_productcatalog_pod_failure_001,2890,,,0,1,168,0.002135146874934435,0,,
all,verify_productcatalog_pod_failure_001,2891,,,0,1,168,0.002135146874934435,0,,
all,verify_productcatalog_pod_failure_001,2893,,,0,1,168,0.002135146874934435,0,,
all,verify_productcatalog_pod_failure_001,2894,,,0,1,168,0.002135146874934435,0,,
all,verify_productcatalog_pod_failure_001,2896,,,0,1,168,0.002135146874934435,0,,
all,verify_productcatalog_pod_failure_001,2897,,,0,1,168,0.002135146874934435,0,,
all,verify_productcatalog_pod_failure_001,2900,,,0,1,168,0.002135146874934435,0,,
all,verify_productcatalog_pod_failure_001,2901,,,0,1,168,0.002135146874934435,0,,
all,verify_productcatalog_pod_failure_001,2905,,,0,1,168,0.002135146874934435,0,,
all,verify_productcatalog_pod_failure_001,2906,,,0,1,168,0.002135146874934435,0,,
all,verify_productcatalog_pod_failure_001,2908,,,0,1,168,0.002135146874934435,0,,
all,verify_productcatalog_pod_failure_001,2911,,,0,1,168,0.002135146874934435,0,,
all,verify_productcatalog_pod_failure_001,2913,,,0,1,168,0.002135146874934435,0,,
all,verify_productcatalog_pod_failure_001,2915,,,0,1,168,0.002135146874934435,0,,
all,verify_productcatalog_pod_failure_001,2916,,,0,1,168,0.002135146874934435,0,,
all,verify_productcatalog_pod_failure_001,2917,,,0,1,168,0.002135146874934435,0,,
all,verify_productcatalog_pod_failure_001,2918,,,0,1,168,0.002135146874934435,0,,
all,verify_productcatalog_pod_failure_001,2919,,,0,1,168,0.002135146874934435,0,,
all,verify_productcatalog_pod_failure_001,2920,,,0,1,168,0.002135146874934435,0,,
all,verify_productcatalog_pod_failure_001,2921,,,0,1,168,0.002135146874934435,0,,
all,verify_productcatalog_pod_failure_001,2923,,,0,1,168,0.002135146874934435,0,,
all,verify_productcatalog_pod_failure_001,2925,,,0,1,168,0.002135146874934435,0,,
all,verify_productcatalog_pod_failure_001,2926,,,0,1,168,0.002135146874934435,0,,
all,verify_productcatalog_pod_failure_001,2928,,,0,1,168,0.002135146874934435,0,,
all,verify_productcatalog_pod_failure_001,2929,,,0,1,168,0.002135146874934435,0,,
all,verify_productcatalog_pod_failure_001,2930,,,0,1,168,0.002135146874934435,0,,
all,verify_productcatalog_pod_failure_001,2931,,,0,1,168,0.002135146874934435,0,,
all,verify_productcatalog_pod_failure_001,2933,,,0,1,168,0.002135146874934435,0,,
all,verify_productcatalog_pod_failure_001,2935,,,0,1,168,0.002135146874934435,0,,
all,verify_productcatalog_pod_failure_001,2936,,,0,1,168,0.002135146874934435,0,,
all,verify_productcatalog_pod_failure_001,2938,,,0,1,168,0.002135146874934435,0,,
all,verify_productcatalog_pod_failure_001,2939,,,0,1,168,0.002135146874934435,0,,
all,verify_productcatalog_pod_failure_001,2940,,,0,1,168,0.002135146874934435,0,,
all,verify_productcatalog_pod_failure_001,2941,,,0,1,168,0.002135146874934435,0,,
all,verify_productcatalog_pod_failure_001,2942,,,0,1,168,0.002135146874934435,0,,
all,verify_productcatalog_pod_failure_001,2944,,,0,1,168,0.002135146874934435,0,,
all,verify_productcatalog_pod_failure_001,2945,,,0,1,168,0.002135146874934435,0,,
all,verify_productcatalog_pod_failure_001,2946,,,0,1,168,0.002135146874934435,0,,
all,verify_productcatalog_pod_failure_001,2947,,,0,1,168,0.002135146874934435,0,,
all,verify_productcatalog_pod_failure_001,2949,,,0,1,168,0.002135146874934435,0,,
all,verify_productcatalog_pod_failure_001,2950,,,0,1,168,0.002135146874934435,0,,
all,verify_productcatalog_pod_failure_001,2951,,,0,1,168,0.002135146874934435,0,,
all,verify_productcatalog_pod_failure_001,2953,,,0,1,168,0.002135146874934435,0,,
all,verify_productcatalog_pod_failure_001,2954,,,0,1,168,0.002135146874934435,0,,
all,verify_productcatalog_pod_failure_001,2955,,,0,1,168,0.002135146874934435,0,,
all,verify_productcatalog_pod_failure_001,2957,,,0,1,168,0.002135146874934435,0,,
all,verify_productcatalog_pod_failure_001,2958,,,0,1,168,0.002135146874934435,0,,
all,verify_productcatalog_pod_failure_001,2959,,,0,1,168,0.002135146874934435,0,,
all,verify_productcatalog_pod_failure_001,2960,,,0,1,168,0.002135146874934435,0,,
all,verify_productcatalog_pod_failure_001,2961,,,0,1,168,0.002135146874934435,0,,
all,verify_productcatalog_pod_failure_001,2963,,,0,1,168,0.002135146874934435,0,,
all,verify_productcatalog_pod_failure_001,2965,,,0,1,168,0.002135146874934435,0,,
all,verify_productcatalog_pod_failure_001,2966,,,0,1,168,0.002135146874934435,0,,
all,verify_productcatalog_pod_failure_001,2968,,,0,1,168,0.002135146874934435,0,,
all,verify_productcatalog_pod_failure_001,2970,,,0,1,168,0.002135146874934435,0,,
all,verify_productcatalog_pod_failure_001,2971,,,0,1,168,0.002135146874934435,0,,
all,verify_productcatalog_pod_failure_001,2972,,,0,1,168,0.002135146874934435,0,,
all,verify_productcatalog_pod_failure_001,2974,,,0,1,168,0.002135146874934435,0,,
all,verify_productcatalog_pod_failure_001,2975,,,0,1,168,0.002135146874934435,0,,
all,verify_productcatalog_pod_failure_001,2976,,,0,1,168,0.002135146874934435,0,,
all,verify_productcatalog_pod_failure_001,2978,,,0,1,168,0.002135146874934435,0,,
all,verify_productcatalog_pod_failure_001,2980,,,0,1,168,0.002135146874934435,0,,
all,verify_productcatalog_pod_failure_001,2981,,,0,1,168,0.002135146874934435,0,,
all,verify_productcatalog_pod_failure_001,2982,,,0,1,168,0.002135146874934435,0,,
all,verify_productcatalog_pod_failure_001,2985,,,0,1,168,0.002135146874934435,0,,
all,verify_productcatalog_pod_failure_001,2986,,,0,1,168,0.002135146874934435,0,,
all,verify_productcatalog_pod_failure_001,2987,,,0,1,168,0.002135146874934435,0,,
all,verify_productcatalog_pod_failure_001,2988,,,0,1,168,0.002135146874934435,0,,
all,verify_productcatalog_pod_failure_001,2989,,,0,1,168,0.002135146874934435,0,,
all,verify_productcatalog_pod_failure_001,2990,,,0,1,168,0.002135146874934435,0,,
all,verify_productcatalog_pod_failure_001,2991,,,0,1,168,0.002135146874934435,0,,
all,verify_productcatalog_pod_failure_001,2992,,,0,1,168,0.002135146874934435,0,,
all,verify_productcatalog_pod_failure_001,2994,,,0,1,168,0.002135146874934435,0,,
all,verify_productcatalog_pod_failure_001,2995,,,0,1,168,0.002135146874934435,0,,
all,verify_productcatalog_pod_failure_001,2998,,,0,1,168,0.002135146874934435,0,,
all,verify_productcatalog_pod_failure_001,2999,,,0,1,168,0.002135146874934435,0,,
all,verify_productcatalog_pod_failure_001,3001,,,0,1,168,0.002135146874934435,0,,
all,verify_productcatalog_pod_failure_001,3002,,,0,1,168,0.002135146874934435,0,,
all,verify_productcatalog_pod_failure_001,3003,,,0,1,168,0.002135146874934435,0,,
all,verify_productcatalog_pod_failure_001,3004,,,0,1,168,0.002135146874934435,0,,
all,verify_productcatalog_pod_failure_001,3006,,,0,1,168,0.002135146874934435,0,,
all,verify_productcatalog_pod_failure_001,3007,,,0,1,168,0.002135146874934435,0,,
all,verify_productcatalog_pod_failure_001,3008,,,0,1,168,0.002135146874934435,0,,
all,verify_productcatalog_pod_failure_001,3009,,,0,1,168,0.002135146874934435,0,,
all,verify_productcatalog_pod_failure_001,3010,,,0,1,168,0.002135146874934435,0,,
all,verify_productcatalog_pod_failure_001,3011,,,0,1,168,0.002135146874934435,0,,
all,verify_productcatalog_pod_failure_001,3012,,,0,1,168,0.002135146874934435,0,,
all,verify_productcatalog_pod_failure_001,3014,,,0,1,168,0.002135146874934435,0,,
all,verify_productcatalog_pod_failure_001,3015,,,0,1,168,0.002135146874934435,0,,
all,verify_productcatalog_pod_failure_001,3017,,,0,1,168,0.002135146874934435,0,,
all,verify_productcatalog_pod_failure_001,3018,,,0,1,168,0.002135146874934435,0,,
all,verify_productcatalog_pod_failure_001,3020,,,0,1,168,0.002135146874934435,0,,
all,verify_productcatalog_pod_failure_001,3021,,,0,1,168,0.002135146874934435,0,,
all,verify_productcatalog_pod_failure_001,3023,,,0,1,168,0.002135146874934435,0,,
all,verify_productcatalog_pod_failure_001,3024,,,0,1,168,0.002135146874934435,0,,
all,verify_productcatalog_pod_failure_001,3026,,,0,1,168,0.002135146874934435,0,,
all,verify_productcatalog_pod_failure_001,3028,,,0,1,168,0.002135146874934435,0,,
all,verify_productcatalog_pod_failure_001,3029,,,0,1,168,0.002135146874934435,0,,
all,verify_productcatalog_pod_failure_001,3030,,,0,1,168,0.002135146874934435,0,,
all,verify_productcatalog_pod_failure_001,3031,,,0,1,168,0.002135146874934435,0,,
all,verify_productcatalog_pod_failure_001,3032,,,0,1,168,0.002135146874934435,0,,
all,verify_productcatalog_pod_failure_001,3034,,,0,1,168,0.002135146874934435,0,,
all,verify_productcatalog_pod_failure_001,3035,,,0,1,168,0.002135146874934435,0,,
all,verify_productcatalog_pod_failure_001,3036,,,0,1,168,0.002135146874934435,0,,
all,verify_productcatalog_pod_failure_001,3038,,,0,1,168,0.002135146874934435,0,,
all,verify_productcatalog_pod_failure_001,3039,,,0,1,168,0.002135146874934435,0,,
all,verify_productcatalog_pod_failure_001,3041,,,0,1,168,0.002135146874934435,0,,
all,verify_productcatalog_pod_failure_001,3042,,,0,1,168,0.002135146874934435,0,,
all,verify_productcatalog_pod_failure_001,3043,,,0,1,168,0.002135146874934435,0,,
all,verify_productcatalog_pod_failure_001,3044,,,0,1,168,0.002135146874934435,0,,
all,verify_productcatalog_pod_failure_001,3046,,,0,1,168,0.002135146874934435,0,,
all,verify_productcatalog_pod_failure_001,3047,,,0,1,168,0.002135146874934435,0,,
all,verify_productcatalog_pod_failure_001,3049,,,0,1,168,0.002135146874934435,0,,
all,verify_productcatalog_pod_failure_001,3051,,,0,1,168,0.002135146874934435,0,,
all,verify_productcatalog_pod_failure_001,3053,,,0,1,168,0.002135146874934435,0,,
all,verify_productcatalog_pod_failure_001,3055,,,0,1,168,0.002135146874934435,0,,
all,verify_productcatalog_pod_failure_001,3056,,,0,1,168,0.002135146874934435,0,,
all,verify_productcatalog_pod_failure_001,3058,,,0,1,168,0.002135146874934435,0,,
all,verify_productcatalog_pod_failure_001,3059,,,0,1,168,0.002135146874934435,0,,
all,verify_productcatalog_pod_failure_001,3060,,,0,1,168,0.002135146874934435,0,,
all,verify_productcatalog_pod_failure_001,3061,,,0,1,168,0.002135146874934435,0,,
all,verify_productcatalog_pod_failure_001,3063,,,0,1,168,0.002135146874934435,0,,
all,verify_productcatalog_pod_failure_001,3065,,,0,1,168,0.002135146874934435,0,,
all,verify_productcatalog_pod_failure_001,3066,,,0,1,168,0.002135146874934435,0,,
all,verify_productcatalog_pod_failure_001,3067,,,0,1,168,0.002135146874934435,0,,
all,verify_productcatalog_pod_failure_001,3069,,,0,1,168,0.002135146874934435,0,,
all,verify_productcatalog_pod_failure_001,3071,,,0,1,168,0.002135146874934435,0,,
all,verify_productcatalog_pod_failure_001,3072,,,0,1,168,0.002135146874934435,0,,
all,verify_productcatalog_pod_failure_001,3073,,,0,1,168,0.002135146874934435,0,,
all,verify_productcatalog_pod_failure_001,3076,,,0,1,168,0.002135146874934435,0,,
all,verify_productcatalog_pod_failure_001,3077,,,0,1,168,0.002135146874934435,0,,
all,verify_productcatalog_pod_failure_001,3079,,,0,1,168,0.002135146874934435,0,,
all,verify_productcatalog_pod_failure_001,3081,,,0,1,168,0.002135146874934435,0,,
all,verify_productcatalog_pod_failure_001,3083,,,0,1,168,0.002135146874934435,0,,
all,verify_productcatalog_pod_failure_001,3084,,,0,1,168,0.002135146874934435,0,,
all,verify_productcatalog_pod_failure_001,3085,,,0,1,168,0.002135146874934435,0,,
all,verify_productcatalog_pod_failure_001,3086,,,0,1,168,0.002135146874934435,0,,
all,verify_productcatalog_pod_failure_001,3088,,,0,1,168,0.002135146874934435,0,,
all,verify_productcatalog_pod_failure_001,3089,,,0,1,168,0.002135146874934435,0,,
all,verify_productcatalog_pod_failure_001,3092,,,0,1,168,0.002135146874934435,0,,
all,verify_productcatalog_pod_failure_001,3093,,,0,1,168,0.002135146874934435,0,,
all,verify_productcatalog_pod_failure_001,3094,,,0,1,168,0.002135146874934435,0,,
all,verify_productcatalog_pod_failure_001,3097,,,0,1,168,0.002135146874934435,0,,
all,verify_productcatalog_pod_failure_001,3098,,,0,1,168,0.002135146874934435,0,,
all,verify_productcatalog_pod_failure_001,3099,,,0,1,168,0.002135146874934435,0,,
all,verify_productcatalog_pod_failure_001,3100,,,0,1,168,0.002135146874934435,0,,
all,verify_productcatalog_pod_failure_001,3104,,,0,1,168,0.002135146874934435,0,,
all,verify_productcatalog_pod_failure_001,3106,,,0,1,168,0.002135146874934435,0,,
all,verify_productcatalog_pod_failure_001,3107,,,0,1,168,0.002135146874934435,0,,
all,verify_productcatalog_pod_failure_001,3109,,,0,1,168,0.002135146874934435,0,,
all,verify_productcatalog_pod_failure_001,3110,,,0,1,168,0.002135146874934435,0,,
all,verify_productcatalog_pod_failure_001,3111,,,0,1,168,0.002135146874934435,0,,
all,verify_productcatalog_pod_failure_001,3112,,,0,1,168,0.002135146874934435,0,,
all,verify_productcatalog_pod_failure_001,3113,,,0,1,168,0.002135146874934435,0,,
all,verify_productcatalog_pod_failure_001,3115,,,0,1,168,0.002135146874934435,0,,
all,verify_productcatalog_pod_failure_001,3116,,,0,1,168,0.002135146874934435,0,,
all,verify_productcatalog_pod_failure_001,3117,,,0,1,168,0.002135146874934435,0,,
all,verify_productcatalog_pod_failure_001,3118,,,0,1,168,0.002135146874934435,0,,
all,verify_productcatalog_pod_failure_001,3120,,,0,1,168,0.002135146874934435,0,,
all,verify_productcatalog_pod_failure_001,3121,,,0,1,168,0.002135146874934435,0,,
all,verify_productcatalog_pod_failure_001,3122,,,0,1,168,0.002135146874934435,0,,
all,verify_productcatalog_pod_failure_001,3124,,,0,1,168,0.002135146874934435,0,,
all,verify_productcatalog_pod_failure_001,3125,,,0,1,168,0.002135146874934435,0,,
all,verify_productcatalog_pod_failure_001,3126,,,0,1,168,0.002135146874934435,0,,
all,verify_productcatalog_pod_failure_001,3127,,,0,1,168,0.002135146874934435,0,,
all,verify_productcatalog_pod_failure_001,3128,,,0,1,168,0.002135146874934435,0,,
all,verify_productcatalog_pod_failure_001,3130,,,0,1,168,0.002135146874934435,0,,
all,verify_productcatalog_pod_failure_001,3132,,,0,1,168,0.002135146874934435,0,,
all,verify_productcatalog_pod_failure_001,3135,,,0,1,168,0.002135146874934435,0,,
all,verify_productcatalog_pod_failure_001,3137,,,0,1,168,0.002135146874934435,0,,
all,verify_productcatalog_pod_failure_001,3138,,,0,1,168,0.002135146874934435,0,,
all,verify_productcatalog_pod_failure_001,3139,,,0,1,168,0.002135146874934435,0,,
all,verify_productcatalog_pod_failure_001,3141,,,0,1,168,0.002135146874934435,0,,
all,verify_productcatalog_pod_failure_001,3142,,,0,1,168,0.002135146874934435,0,,
all,verify_productcatalog_pod_failure_001,3143,,,0,1,168,0.002135146874934435,0,,
all,verify_productcatalog_pod_failure_001,3144,,,0,1,168,0.002135146874934435,0,,
all,verify_productcatalog_pod_failure_001,3146,,,0,1,168,0.002135146874934435,0,,
all,verify_productcatalog_pod_failure_001,3147,,,0,1,168,0.002135146874934435,0,,
all,verify_productcatalog_pod_failure_001,3148,,,0,1,168,0.002135146874934435,0,,
all,verify_productcatalog_pod_failure_001,3149,,,0,1,168,0.002135146874934435,0,,
all,verify_productcatalog_pod_failure_001,3150,,,0,1,168,0.002135146874934435,0,,
all,verify_productcatalog_pod_failure_001,3153,,,0,1,168,0.002135146874934435,0,,
all,verify_productcatalog_pod_failure_001,3154,,,0,1,168,0.002135146874934435,0,,
all,verify_productcatalog_pod_failure_001,3155,,,0,1,168,0.002135146874934435,0,,
all,verify_productcatalog_pod_failure_001,3157,,,0,1,168,0.002135146874934435,0,,
all,verify_productcatalog_pod_failure_001,3158,,,0,1,168,0.002135146874934435,0,,
all,verify_productcatalog_pod_failure_001,3160,,,0,1,168,0.002135146874934435,0,,
all,verify_productcatalog_pod_failure_001,3162,,,0,1,168,0.002135146874934435,0,,
all,verify_productcatalog_pod_failure_001,3163,,,0,1,168,0.002135146874934435,0,,
all,verify_productcatalog_pod_failure_001,3164,,,0,1,168,0.002135146874934435,0,,
all,verify_productcatalog_pod_failure_001,3165,,,0,1,168,0.002135146874934435,0,,
all,verify_productcatalog_pod_failure_001,3167,,,0,1,168,0.002135146874934435,0,,
all,verify_productcatalog_pod_failure_001,3168,,,0,1,168,0.002135146874934435,0,,
all,verify_productcatalog_pod_failure_001,3169,,,0,1,168,0.002135146874934435,0,,
all,verify_productcatalog_pod_failure_001,3170,,,0,1,168,0.002135146874934435,0,,
all,verify_productcatalog_pod_failure_001,3194,,,0,1,168,0.002135146874934435,0,,
all,verify_productcatalog_pod_failure_001,3196,,,0,1,168,0.002135146874934435,0,,
all,verify_productcatalog_pod_failure_001,3197,,,0,1,168,0.002135146874934435,0,,
all,verify_productcatalog_pod_failure_001,3199,,,0,1,168,0.002135146874934435,0,,
all,verify_productcatalog_pod_failure_001,3200,,,0,1,168,0.002135146874934435,0,,
all,verify_productcatalog_pod_failure_001,3202,,,0,1,168,0.002135146874934435,0,,
all,verify_productcatalog_pod_failure_001,3203,,,0,1,168,0.002135146874934435,0,,
all,verify_productcatalog_pod_failure_001,3204,,,0,1,168,0.002135146874934435,0,,
all,verify_productcatalog_pod_failure_001,3206,,,0,1,168,0.002135146874934435,0,,
all,verify_productcatalog_pod_failure_001,3208,,,0,1,168,0.002135146874934435,0,,
all,verify_productcatalog_pod_failure_001,3211,,,0,1,168,0.002135146874934435,0,,
all,verify_productcatalog_pod_failure_001,3212,,,0,1,168,0.002135146874934435,0,,
all,verify_productcatalog_pod_failure_001,3213,,,0,1,168,0.002135146874934435,0,,
all,verify_productcatalog_pod_failure_001,3214,,,0,1,168,0.002135146874934435,0,,
all,verify_productcatalog_pod_failure_001,3215,,,0,1,168,0.002135146874934435,0,,
all,verify_productcatalog_pod_failure_001,3217,,,0,1,168,0.002135146874934435,0,,
all,verify_productcatalog_pod_failure_001,3219,,,0,1,168,0.002135146874934435,0,,
all,verify_productcatalog_pod_failure_001,3220,,,0,1,168,0.002135146874934435,0,,
all,verify_productcatalog_pod_failure_001,3223,,,0,1,168,0.002135146874934435,0,,
all,verify_productcatalog_pod_failure_001,3224,,,0,1,168,0.002135146874934435,0,,
all,verify_productcatalog_pod_failure_001,3225,,,0,1,168,0.002135146874934435,0,,
all,verify_productcatalog_pod_failure_001,3227,,,0,1,168,0.002135146874934435,0,,
all,verify_productcatalog_pod_failure_001,3228,,,0,1,168,0.002135146874934435,0,,
all,verify_productcatalog_pod_failure_001,3231,,,0,1,168,0.002135146874934435,0,,
all,verify_productcatalog_pod_failure_001,3232,,,0,1,168,0.002135146874934435,0,,
all,verify_productcatalog_pod_failure_001,3233,,,0,1,168,0.002135146874934435,0,,
all,verify_productcatalog_pod_failure_001,3236,,,0,1,168,0.002135146874934435,0,,
all,verify_productcatalog_pod_failure_001,3237,,,0,1,168,0.002135146874934435,0,,
all,verify_productcatalog_pod_failure_001,3238,,,0,1,168,0.002135146874934435,0,,
all,verify_productcatalog_pod_failure_001,3240,,,0,1,168,0.002135146874934435,0,,
all,verify_productcatalog_pod_failure_001,3241,,,0,1,168,0.002135146874934435,0,,
all,verify_productcatalog_pod_failure_001,3244,,,0,1,168,0.002135146874934435,0,,
all,verify_productcatalog_pod_failure_001,3247,,,0,1,168,0.002135146874934435,0,,
all,verify_productcatalog_pod_failure_001,3248,,,0,1,168,0.002135146874934435,0,,
all,verify_productcatalog_pod_failure_001,3249,,,0,1,168,0.002135146874934435,0,,
all,verify_productcatalog_pod_failure_001,3250,,,0,1,168,0.002135146874934435,0,,
all,verify_productcatalog_pod_failure_001,3252,,,0,1,168,0.002135146874934435,0,,
all,verify_productcatalog_pod_failure_001,3253,,,0,1,168,0.002135146874934435,0,,
all,verify_productcatalog_pod_failure_001,3254,,,0,1,168,0.002135146874934435,0,,
all,verify_productcatalog_pod_failure_001,3255,,,0,1,168,0.002135146874934435,0,,
all,verify_productcatalog_pod_failure_001,3257,,,0,1,168,0.002135146874934435,0,,
all,verify_productcatalog_pod_failure_001,3258,,,0,1,168,0.002135146874934435,0,,
all,verify_productcatalog_pod_failure_001,3259,,,0,1,168,0.002135146874934435,0,,
all,verify_productcatalog_pod_failure_001,3261,,,0,1,168,0.002135146874934435,0,,
all,verify_productcatalog_pod_failure_001,3262,,,0,1,168,0.002135146874934435,0,,
all,verify_productcatalog_pod_failure_001,3263,,,0,1,168,0.002135146874934435,0,,
all,verify_productcatalog_pod_failure_001,3265,,,0,1,168,0.002135146874934435,0,,
all,verify_productcatalog_pod_failure_001,3266,,,0,1,168,0.002135146874934435,0,,
all,verify_productcatalog_pod_failure_001,3267,,,0,1,168,0.002135146874934435,0,,
all,verify_productcatalog_pod_failure_001,3269,,,0,1,168,0.002135146874934435,0,,
all,verify_productcatalog_pod_failure_001,3270,,,0,1,168,0.002135146874934435,0,,
all,verify_productcatalog_pod_failure_001,3271,,,0,1,168,0.002135146874934435,0,,
all,verify_productcatalog_pod_failure_001,3272,,,0,1,168,0.002135146874934435,0,,
all,verify_productcatalog_pod_failure_001,3274,,,0,1,168,0.002135146874934435,0,,
all,verify_productcatalog_pod_failure_001,3276,,,0,1,168,0.002135146874934435,0,,
all,verify_productcatalog_pod_failure_001,3277,,,0,1,168,0.002135146874934435,0,,
all,verify_productcatalog_pod_failure_001,3278,,,0,1,168,0.002135146874934435,0,,
all,verify_productcatalog_pod_failure_001,3279,,,0,1,168,0.002135146874934435,0,,
all,verify_productcatalog_pod_failure_001,3280,,,0,1,168,0.002135146874934435,0,,
all,verify_productcatalog_pod_failure_001,3281,,,0,1,168,0.002135146874934435,0,,
all,verify_productcatalog_pod_failure_001,3283,,,0,1,168,0.002135146874934435,0,,
all,verify_productcatalog_pod_failure_001,3285,,,0,1,168,0.002135146874934435,0,,
all,verify_productcatalog_pod_failure_001,3286,,,0,1,168,0.002135146874934435,0,,
all,verify_productcatalog_pod_failure_001,3287,,,0,1,168,0.002135146874934435,0,,
all,verify_productcatalog_pod_failure_001,3288,,,0,1,168,0.002135146874934435,0,,
all,verify_productcatalog_pod_failure_001,3290,,,0,1,168,0.002135146874934435,0,,
all,verify_productcatalog_pod_failure_001,3291,,,0,1,168,0.002135146874934435,0,,
all,verify_productcatalog_pod_failure_001,3292,,,0,1,168,0.002135146874934435,0,,
all,verify_productcatalog_pod_failure_001,3293,,,0,1,168,0.002135146874934435,0,,
all,verify_productcatalog_pod_failure_001,3294,,,0,1,168,0.002135146874934435,0,,
all,verify_productcatalog_pod_failure_001,3296,,,0,1,168,0.002135146874934435,0,,
all,verify_productcatalog_pod_failure_001,3297,,,0,1,168,0.002135146874934435,0,,
all,verify_productcatalog_pod_failure_001,3299,,,0,1,168,0.002135146874934435,0,,
all,verify_productcatalog_pod_failure_001,3300,,,0,1,168,0.002135146874934435,0,,
all,verify_productcatalog_pod_failure_001,3301,,,0,1,168,0.002135146874934435,0,,
all,verify_productcatalog_pod_failure_001,3303,,,0,1,168,0.002135146874934435,0,,
all,verify_productcatalog_pod_failure_001,3304,,,0,1,168,0.002135146874934435,0,,
all,verify_productcatalog_pod_failure_001,3305,,,0,1,168,0.002135146874934435,0,,
all,verify_productcatalog_pod_failure_001,3307,,,0,1,168,0.002135146874934435,0,,
all,verify_productcatalog_pod_failure_001,3308,,,0,1,168,0.002135146874934435,0,,
all,verify_productcatalog_pod_failure_001,3311,,,0,1,168,0.002135146874934435,0,,
all,verify_productcatalog_pod_failure_001,3312,,,0,1,168,0.002135146874934435,0,,
all,verify_productcatalog_pod_failure_001,3313,,,0,1,168,0.002135146874934435,0,,
all,verify_productcatalog_pod_failure_001,3314,,,0,1,168,0.002135146874934435,0,,
all,verify_productcatalog_pod_failure_001,3315,,,0,1,168,0.002135146874934435,0,,
all,verify_productcatalog_pod_failure_001,3316,,,0,1,168,0.002135146874934435,0,,
all,verify_productcatalog_pod_failure_001,3318,,,0,1,168,0.002135146874934435,0,,
all,verify_productcatalog_pod_failure_001,3319,,,0,1,168,0.002135146874934435,0,,
all,verify_productcatalog_pod_failure_001,3323,,,0,1,168,0.002135146874934435,0,,
all,verify_productcatalog_pod_failure_001,3324,,,0,1,168,0.002135146874934435,0,,
all,verify_productcatalog_pod_failure_001,3325,,,0,1,168,0.002135146874934435,0,,
all,verify_productcatalog_pod_failure_001,3326,,,0,1,168,0.002135146874934435,0,,
all,verify_productcatalog_pod_failure_001,3328,,,0,1,168,0.002135146874934435,0,,
all,verify_productcatalog_pod_failure_001,356290365,1781451828.0,1781451829.0,0,15,171 165 163 170 165 163 166 165 163 167 171 165 163 164 165,0.1411713808774948,0,2026-06-14 15:43:48+00:00,2026-06-14 15:43:49+00:00
all,verify_productcatalog_pod_failure_001,356290366,1781451830.0,1781451834.0,0,41,163 169 165 163 170 165 163 164 165 163 165 163 170 165 163 164 165 163 170 165 163 164 165 161 163 164 165 163 169 165 163 170 165 163 172 173 174 175 165 163 167,0.21666604280471802,1,2026-06-14 15:43:50+00:00,2026-06-14 15:43:54+00:00
all,verify_productcatalog_pod_failure_001,356290367,1781451835.0,1781451838.0,0,29,163 167 171 165 163 164 165 171 165 163 165 163 164 165 163 164 165 163 164 165 163 169 165 163 170 165 163 164 165,0.21120783686637878,1,2026-06-14 15:43:55+00:00,2026-06-14 15:43:58+00:00
all,verify_productcatalog_pod_failure_001,356290368,1781451840.0,1781451844.0,0,40,163 166 165 163 167 171 165 163 164 165 163 170 165 163 170 165 163 164 165 163 165 163 166 165 163 167 171 165 163 170 165 163 164 165 163 169 165 163 170 165,0.2177278995513916,1,2026-06-14 15:44:00+00:00,2026-06-14 15:44:04+00:00
all,verify_productcatalog_pod_failure_001,356290369,1781451845.0,1781451849.0,0,34,163 164 165 163 167 171 165 163 164 165 163 165 163 167 163 164 165 171 165 163 164 165 163 170 163 164 165 165 163 164 165 163 164 165,0.21734926104545593,1,2026-06-14 15:44:05+00:00,2026-06-14 15:44:09+00:00
all,verify_productcatalog_pod_failure_001,356290370,1781451850.0,1781451854.0,0,49,163 164 165 163 169 165 163 170 165 163 164 165 163 165 163 164 163 166 165 163 167 165 163 164 161 165 163 169 165 163 170 165 163 172 173 174 175 165 171 165 163 170 163 170 165 163 164 165 165,0.22214336693286896,1,2026-06-14 15:44:10+00:00,2026-06-14 15:44:14+00:00
all,verify_productcatalog_pod_failure_001,356290371,1781451855.0,1781451859.0,0,46,163 164 165 163 164 163 166 165 163 167 165 163 165 171 165 163 164 165 163 164 165 163 167 163 164 163 164 163 164 165 163 169 165 163 170 165 165 163 169 171 163 164 165 165 163 170,0.22024059295654297,1,2026-06-14 15:44:15+00:00,2026-06-14 15:44:19+00:00
all,verify_productcatalog_pod_failure_001,356290372,1781451860.0,1781451863.0,0,49,161 165 165 163 172 173 174 165 175 165 163 164 165 163 165 163 166 165 163 167 163 164 171 163 164 165 165 165 163 164 165 163 169 165 163 163 164 170 163 170 165 165 163 164 165 163 170 165 165,0.22300384938716888,1,2026-06-14 15:44:20+00:00,2026-06-14 15:44:23+00:00
all,verify_productcatalog_pod_failure_001,356290373,1781451866.0,1781451868.0,0,19,163 164 165 163 165 163 170 165 163 170 165 163 170 163 166 165 163 167 165,0.17735673487186432,0,2026-06-14 15:44:26+00:00,2026-06-14 15:44:28+00:00
all,verify_productcatalog_pod_failure_001,356290374,1781451870.0,1781451874.0,0,64,171 165 163 164 165 163 164 163 167 165 163 165 171 165 163 170 163 164 163 170 165 165 163 164 163 169 161 165 163 170 165 165 163 169 165 163 170 165 163 172 173 174 163 164 175 165 165 163 164 165 165 163 164 165 163 169 165 163 170 163 166 165 163 167,0.21821260452270508,1,2026-06-14 15:44:30+00:00,2026-06-14 15:44:34+00:00
all,verify_productcatalog_pod_failure_001,356290375,1781451875.0,1781451879.0,0,30,165 163 164 171 165 165 163 166 165 163 167 171 165 163 165 163 164 165 163 170 165 163 164 163 170 163 164 165 165 165,0.20652011036872864,1,2026-06-14 15:44:35+00:00,2026-06-14 15:44:39+00:00
all,verify_productcatalog_pod_failure_001,356290376,1781451880.0,1781451884.0,0,23,163 164 165 163 164 165 163 164 165 163 165 163 164 165 163 164 163 164 165 165 163 164 165,0.1918766349554062,0,2026-06-14 15:44:40+00:00,2026-06-14 15:44:44+00:00
all,verify_productcatalog_pod_failure_001,356290377,1781451885.0,1781451889.0,0,42,163 164 163 167 165 163 170 163 164 163 164 165 163 169 165 165 163 170 165 165 163 165 171 165 163 167 163 164 165 171 165 163 164 165 163 164 163 164 165 165 163 170,0.20851284265518188,1,2026-06-14 15:44:45+00:00,2026-06-14 15:44:49+00:00
all,verify_productcatalog_pod_failure_001,356290378,1781451890.0,1781451894.0,0,45,163 164 165 163 164 165 165 163 164 165 163 164 163 165 165 163 170 165 163 164 165 161 163 164 165 163 169 165 163 170 165 163 172 173 174 175 165 163 164 163 164 165 165 163 170,0.20862074196338654,1,2026-06-14 15:44:50+00:00,2026-06-14 15:44:54+00:00
all,verify_productcatalog_pod_failure_001,356290379,1781451895.0,1781451899.0,0,30,165 163 164 165 163 164 165 163 165 163 164 165 163 164 165 163 164 163 170 165 165 163 164 165 163 169 165 163 170 165,0.20539690554141998,1,2026-06-14 15:44:55+00:00,2026-06-14 15:44:59+00:00
all,verify_productcatalog_pod_failure_001,356290380,1781451900.0,1781451904.0,0,32,163 170 165 163 164 165 163 165 163 170 163 164 165 165 163 164 163 170 165 163 164 165 165 163 166 165 163 167 163 170 171 165,0.2081470936536789,1,2026-06-14 15:45:00+00:00,2026-06-14 15:45:04+00:00
all,verify_productcatalog_pod_failure_001,356290381,1781451905.0,1781451909.0,0,52,161 165 163 164 165 163 164 165 163 169 165 163 170 165 163 172 173 163 164 174 175 165 163 164 165 165 163 165 163 164 165 163 170 165 163 166 165 163 167 163 164 165 171 165 163 164 165 163 169 165 163 170,0.21346813440322876,1,2026-06-14 15:45:05+00:00,2026-06-14 15:45:09+00:00
all,verify_productcatalog_pod_failure_001,356290382,1781451910.0,1781451914.0,0,33,165 163 170 163 164 165 165 163 165 163 164 163 164 165 163 169 165 163 170 165 165 163 164 163 164 165 163 169 165 165 163 170 165,0.2091054469347,1,2026-06-14 15:45:10+00:00,2026-06-14 15:45:14+00:00
all,verify_productcatalog_pod_failure_001,356290383,1781451915.0,1781451919.0,0,43,163 164 165 163 166 165 163 163 167 166 165 163 167 163 167 171 165 171 165 171 165 163 165 163 170 163 167 165 163 164 165 163 166 165 163 167 171 163 170 165 165 171 165,0.20962533354759216,1,2026-06-14 15:45:15+00:00,2026-06-14 15:45:19+00:00
all,verify_productcatalog_pod_failure_001,356290384,1781451921.0,1781451923.0,0,17,163 165 163 164 165 163 169 165 163 170 163 164 163 164 165 165 165,0.16011057794094086,0,2026-06-14 15:45:21+00:00,2026-06-14 15:45:23+00:00
all,verify_productcatalog_pod_failure_001,356290385,1781451925.0,1781451929.0,0,40,163 164 163 164 165 163 166 165 163 164 163 167 165 163 169 165 163 170 165 171 165 165 163 164 163 170 163 164 165 163 165 165 165 163 170 165 163 164 163 164,0.21062082052230835,1,2026-06-14 15:45:25+00:00,2026-06-14 15:45:29+00:00
all,verify_productcatalog_pod_failure_001,356290386,1781451930.0,1781451933.0,0,45,165 163 169 165 165 163 170 165 163 164 163 164 165 163 165 165 161 163 164 163 170 165 163 169 165 163 170 165 163 172 173 174 163 164 175 165 165 165 163 166 165 163 167 171 165,0.20886637270450592,1,2026-06-14 15:45:30+00:00,2026-06-14 15:45:33+00:00
all,verify_productcatalog_pod_failure_001,356290387,1781451935.0,1781451939.0,0,62,163 164 163 164 165 163 164 165 163 169 163 169 165 165 163 170 163 170 163 166 165 165 163 167 165 165 163 164 171 165 165 163 169 165 163 170 163 165 165 163 166 165 163 167 171 165 163 164 163 167 165 163 166 165 163 167 171 165 171 165 163 167,0.21785958111286163,1,2026-06-14 15:45:35+00:00,2026-06-14 15:45:39+00:00
all,verify_productcatalog_pod_failure_001,356290388,1781451940.0,1781451944.0,0,44,171 165 163 164 163 164 161 165 165 163 169 165 163 170 163 164 163 170 165 165 163 172 173 163 165 174 175 165 165 163 164 165 163 166 165 163 167 163 164 165 171 165 163 164,0.2100982517004013,1,2026-06-14 15:45:40+00:00,2026-06-14 15:45:44+00:00
all,verify_productcatalog_pod_failure_001,356290389,1781451945.0,1781451949.0,0,50,165 163 169 165 163 170 163 164 165 163 167 163 164 165 165 171 165 163 165 163 170 165 163 164 163 164 165 163 169 165 165 163 170 163 164 165 165 163 164 165 163 169 165 163 170 163 167 165 171 165,0.19924452900886536,0,2026-06-14 15:45:45+00:00,2026-06-14 15:45:49+00:00
all,verify_productcatalog_pod_failure_001,356290390,1781451950.0,1781451954.0,0,49,163 170 165 163 164 165 163 169 165 163 170 161 163 164 165 165 163 172 173 163 166 165 174 163 167 175 165 163 165 163 164 171 165 165 163 164 165 163 170 163 164 165 165 163 169 165 163 170 165,0.20034237205982208,0,2026-06-14 15:45:50+00:00,2026-06-14 15:45:54+00:00
all,verify_productcatalog_pod_failure_001,356290391,1781451955.0,1781451959.0,0,43,163 164 165 163 170 165 163 166 165 163 167 171 165 163 165 163 164 165 163 164 165 163 164 163 164 165 161 163 169 165 165 163 169 163 170 165 163 170 165 165 163 172 173,0.1981949657201767,0,2026-06-14 15:45:55+00:00,2026-06-14 15:45:59+00:00
all,verify_productcatalog_pod_failure_001,356290392,1781451960.0,1781451964.0,0,60,174 175 165 163 164 165 163 169 165 163 170 163 164 165 165 163 164 163 164 165 163 166 165 163 164 163 169 163 167 165 163 165 163 170 165 165 165 163 164 171 165 165 163 169 165 163 170 163 164 161 165 165 163 172 173 174 175 165 163 164,0.20173008739948273,0,2026-06-14 15:46:00+00:00,2026-06-14 15:46:04+00:00
all,verify_productcatalog_pod_failure_001,356290393,1781451965.0,1781451969.0,0,82,161 165 163 169 165 163 170 163 164 163 170 165 163 172 173 165 163 169 174 165 163 170 161 165 175 165 165 163 172 173 174 163 164 175 165 163 164 165 163 165 161 163 164 200 165 165 163 169 165 163 170 165 163 172 173 174 175 165 163 167 163 164 165 163 169 165 163 170 163 171 170 163 164 165 165 165 165 163 166 165 163 167,0.2822082042694092,1,2026-06-14 15:46:05+00:00,2026-06-14 15:46:09+00:00
all,verify_productcatalog_pod_failure_001,356290394,1781451970.0,1781451973.0,0,25,171 163 164 165 165 163 169 163 164 165 163 170 165 165 163 165 163 164 165 163 164 163 164 165 165,0.1913684904575348,0,2026-06-14 15:46:10+00:00,2026-06-14 15:46:13+00:00
all,verify_productcatalog_pod_failure_001,356290395,1781451975.0,1781451979.0,0,62,163 170 165 163 164 165 163 169 165 163 170 165 163 164 163 165 165 163 164 163 164 165 163 167 165 163 169 165 163 170 163 164 165 165 163 164 163 164 171 165 165 163 169 165 163 170 165 161 165 163 172 173 174 163 166 165 163 167 175 165 171 165,0.20268936455249786,0,2026-06-14 15:46:15+00:00,2026-06-14 15:46:19+00:00
all,verify_productcatalog_pod_failure_001,356290396,1781451980.0,1781451984.0,0,29,163 164 165 163 164 165 163 165 163 164 165 163 170 165 163 164 165 163 166 165 163 167 163 170 171 165 165 163 164,0.19781112670898438,0,2026-06-14 15:46:20+00:00,2026-06-14 15:46:24+00:00
all,verify_productcatalog_pod_failure_001,356290397,1781451985.0,1781451989.0,0,61,161 165 163 169 165 163 170 165 163 172 173 163 164 174 175 165 165 163 164 165 163 164 163 169 165 163 164 163 170 163 167 163 165 165 165 165 163 169 165 163 170 171 165 165 163 164 163 164 165 165 163 169 163 169 165 165 163 170 163 170 165,0.2193034589290619,1,2026-06-14 15:46:25+00:00,2026-06-14 15:46:29+00:00
all,verify_productcatalog_pod_failure_001,356290398,1781451990.0,1781451994.0,0,61,165 163 164 165 163 164 165 163 165 163 164 163 164 163 166 165 163 167 161 163 164 165 163 169 165 163 169 165 163 170 165 163 170 165 165 165 163 172 173 171 174 165 163 164 175 165 165 163 169 165 163 170 165 163 164 165 163 169 165 163 170,0.21852640807628632,1,2026-06-14 15:46:30+00:00,2026-06-14 15:46:34+00:00
all,verify_productcatalog_pod_failure_001,356290399,1781451995.0,1781451999.0,0,36,165 163 164 165 163 169 165 163 170 163 164 165 163 164 163 164 163 165 165 165 165 163 164 165 163 164 163 164 165 165 163 169 165 163 170 165,0.21155963838100433,1,2026-06-14 15:46:35+00:00,2026-06-14 15:46:39+00:00
all,verify_productcatalog_pod_failure_001,356290400,1781452000.0,1781452004.0,0,29,163 164 165 163 170 163 170 165 165 163 164 163 165 165 163 164 165 163 170 165 163 164 165 163 164 163 164 165 165,0.20585030317306519,1,2026-06-14 15:46:40+00:00,2026-06-14 15:46:44+00:00
all,verify_productcatalog_pod_failure_001,356290401,1781452006.0,1781452009.0,0,33,163 164 165 163 164 163 165 165 163 167 163 164 163 166 165 165 163 167 171 163 164 163 170 165 165 171 165 165 163 164 165 163 164,0.21098929643630981,1,2026-06-14 15:46:46+00:00,2026-06-14 15:46:49+00:00
all,verify_productcatalog_pod_failure_001,356290402,1781452010.0,1781452014.0,0,38,165 163 165 163 164 165 163 164 165 163 169 165 163 170 163 170 165 165 163 164 165 163 169 163 164 165 163 170 163 166 165 163 167 165 165 163 164 165,0.212535098195076,1,2026-06-14 15:46:50+00:00,2026-06-14 15:46:54+00:00
all,verify_productcatalog_pod_failure_001,356290403,1781452015.0,1781452019.0,0,53,171 165 163 170 163 164 165 165 163 169 165 163 170 163 166 165 163 167 163 164 163 165 163 164 165 163 172 173 161 174 163 164 165 163 164 165 175 165 171 165 165 163 169 165 163 170 165 165 163 164 165 163 164,0.21429120004177094,1,2026-06-14 15:46:55+00:00,2026-06-14 15:46:59+00:00
all,verify_productcatalog_pod_failure_001,356290404,1781452020.0,1781452024.0,0,47,165 163 169 165 163 170 165 163 164 163 164 165 163 164 165 163 169 165 165 163 170 163 165 163 164 165 165 163 170 163 164 165 165 163 169 165 163 170 165 163 164 163 164 165 165 163 167,0.21101024746894836,1,2026-06-14 15:47:00+00:00,2026-06-14 15:47:04+00:00
all,verify_productcatalog_pod_failure_001,356290405,1781452025.0,1781452029.0,0,48,171 165 163 164 165 163 164 165 163 170 163 165 165 163 164 165 163 170 165 163 164 163 164 165 163 169 165 163 170 165 161 165 163 172 173 163 164 174 163 166 165 163 167 175 165 163 170 165,0.21453611552715302,1,2026-06-14 15:47:05+00:00,2026-06-14 15:47:09+00:00
all,verify_productcatalog_pod_failure_001,356290406,1781452030.0,1781452034.0,0,36,171 165 165 163 166 165 163 167 171 165 163 165 163 164 165 163 164 163 164 163 170 163 164 165 165 163 170 165 165 163 167 165 171 165 163 164,0.2162594348192215,1,2026-06-14 15:47:10+00:00,2026-06-14 15:47:14+00:00
all,verify_productcatalog_pod_failure_001,356290407,1781452035.0,1781452039.0,0,50,165 163 169 165 163 170 163 164 163 164 200 165 165 165 163 172 173 161 174 175 165 163 165 163 164 165 163 164 163 164 165 163 169 165 163 170 165 163 169 165 163 170 165 165 163 164 163 164 165 165,0.3046687841415405,1,2026-06-14 15:47:15+00:00,2026-06-14 15:47:19+00:00
all,verify_productcatalog_pod_failure_001,356290408,1781452040.0,1781452044.0,0,39,163 164 165 163 165 163 167 163 164 165 163 170 171 165 163 164 165 163 164 165 163 170 165 165 163 164 165 163 166 165 163 167 163 166 165 163 167 171 165,0.21549098193645477,1,2026-06-14 15:47:20+00:00,2026-06-14 15:47:24+00:00
all,verify_productcatalog_pod_failure_001,356290409,1781452045.0,1781452048.0,0,29,171 165 163 164 165 163 165 163 164 165 163 169 165 163 170 163 164 161 165 165 163 172 173 174 175 165 163 170 165,0.2088722139596939,1,2026-06-14 15:47:25+00:00,2026-06-14 15:47:28+00:00
all,verify_productcatalog_pod_failure_001,356290410,1781452050.0,1781452054.0,0,46,163 164 163 166 165 163 167 165 171 163 167 165 171 165 163 164 163 164 163 164 163 165 163 164 165 165 165 165 161 163 164 165 163 169 165 163 170 163 164 165 163 164 163 172 173 165,0.21477501094341278,1,2026-06-14 15:47:30+00:00,2026-06-14 15:47:34+00:00
all,verify_productcatalog_pod_failure_001,356290411,1781452055.0,1781452059.0,0,56,174 175 165 165 163 164 165 163 164 163 165 165 163 164 165 163 169 165 163 170 163 164 163 164 165 165 165 163 164 163 164 165 163 169 165 163 170 163 166 165 165 163 167 163 169 165 163 170 163 164 163 164 165 163 167 165,0.22010967135429382,1,2026-06-14 15:47:35+00:00,2026-06-14 15:47:39+00:00
all,verify_productcatalog_pod_failure_001,356290412,1781452060.0,1781452062.0,0,23,165 165 163 169 165 163 170 171 165 163 164 165 165 171 165 163 165 163 170 163 164 165 165,0.193491131067276,0,2026-06-14 15:47:40+00:00,2026-06-14 15:47:42+00:00
all,verify_productcatalog_pod_failure_001,356290413,1781452065.0,1781452069.0,0,63,163 164 165 163 164 163 164 165 163 169 165 163 170 161 165 165 163 172 173 163 164 174 175 165 163 164 165 163 165 165 163 169 165 163 170 165 163 164 165 163 164 165 163 169 165 163 170 161 165 163 172 173 174 163 164 175 163 164 163 164 165 163 164,0.21803312003612518,1,2026-06-14 15:47:45+00:00,2026-06-14 15:47:49+00:00
all,verify_productcatalog_pod_failure_001,356290414,1781452070.0,1781452073.0,0,15,165 165 165 165 163 165 163 164 165 163 170 165 163 164 165,0.13453233242034912,0,2026-06-14 15:47:50+00:00,2026-06-14 15:47:53+00:00
all,verify_productcatalog_pod_failure_001,356290415,1781452075.0,1781452079.0,0,33,163 164 163 164 165 163 167 165 163 164 163 164 163 164 165 165 171 165 163 164 163 165 165 165 163 164 165 163 170 165 163 164 165,0.20907436311244965,1,2026-06-14 15:47:55+00:00,2026-06-14 15:47:59+00:00
all,verify_productcatalog_pod_failure_001,356290416,1781452080.0,1781452084.0,0,64,163 164 163 164 163 170 165 165 165 163 164 165 163 165 163 164 163 164 163 164 165 163 169 165 161 163 170 165 163 169 165 165 163 170 165 165 163 172 173 174 175 165 163 164 163 164 165 163 169 161 165 163 170 165 163 164 165 163 172 173 174 165 175 165,0.21853047609329224,1,2026-06-14 15:48:00+00:00,2026-06-14 15:48:04+00:00
all,verify_productcatalog_pod_failure_001,356290417,1781452085.0,1781452089.0,0,27,163 164 165 163 164 163 164 165 165 163 165 163 164 165 163 164 165 163 164 165 163 164 165 163 170 163 167,0.20304526388645172,0,2026-06-14 15:48:05+00:00,2026-06-14 15:48:09+00:00
all,verify_productcatalog_pod_failure_001,356290418,1781452090.0,1781452094.0,0,41,165 163 167 171 165 171 163 164 165 161 163 164 165 165 163 169 165 163 170 163 165 165 163 172 173 174 163 164 163 170 175 165 165 165 163 167 171 165 163 164 165,0.20872962474822998,1,2026-06-14 15:48:10+00:00,2026-06-14 15:48:14+00:00
all,verify_productcatalog_pod_failure_001,356290419,1781452095.0,1781452099.0,0,39,163 164 165 163 164 163 164 163 164 165 163 169 165 163 170 165 163 169 165 163 170 165 163 165 165 165 163 170 165 163 167 163 167 171 165 163 164 171 165,0.21061983704566956,1,2026-06-14 15:48:15+00:00,2026-06-14 15:48:19+00:00
all,verify_productcatalog_pod_failure_001,356290420,1781452100.0,1781452104.0,0,59,165 163 164 165 163 164 165 163 169 165 161 163 164 163 170 165 165 163 172 173 174 175 165 163 165 163 166 165 163 167 163 164 171 165 163 167 165 171 165 163 164 165 163 169 163 166 165 163 167 163 164 165 163 170 163 164 165 165 165,0.2160758227109909,1,2026-06-14 15:48:20+00:00,2026-06-14 15:48:24+00:00
all,verify_productcatalog_pod_failure_001,356290421,1781452105.0,1781452109.0,0,46,171 165 163 164 165 163 164 163 165 165 163 164 165 163 169 165 163 170 163 164 163 164 165 163 170 165 165 163 169 165 165 163 170 163 164 165 163 164 165 165 163 169 165 163 170 165,0.2240799516439438,1,2026-06-14 15:48:25+00:00,2026-06-14 15:48:29+00:00
all,verify_productcatalog_pod_failure_001,356290422,1781452110.0,1781452114.0,0,27,163 164 163 164 165 163 169 165 163 170 165 163 164 165 165 163 165 163 170 165 163 164 165 163 167 171 165,0.2104332149028778,1,2026-06-14 15:48:30+00:00,2026-06-14 15:48:34+00:00
all,verify_productcatalog_pod_failure_001,356290423,1781452115.0,1781452119.0,0,45,163 164 163 164 165 165 163 169 165 163 170 163 170 165 163 167 165 163 164 165 171 165 163 165 163 164 165 163 166 165 163 167 163 164 171 163 164 165 165 163 169 165 163 170 165,0.22360385954380035,1,2026-06-14 15:48:35+00:00,2026-06-14 15:48:39+00:00
all,verify_productcatalog_pod_failure_001,356290424,1781452120.0,1781452124.0,0,40,161 165 163 172 173 174 175 165 163 164 165 163 164 163 165 163 170 165 165 163 170 163 164 165 165 163 169 165 163 170 163 164 163 164 165 165 165 163 170 165,0.22194136679172516,1,2026-06-14 15:48:40+00:00,2026-06-14 15:48:44+00:00
all,verify_productcatalog_pod_failure_001,356290425,1781452125.0,1781452129.0,0,41,163 164 165 163 164 163 164 163 164 165 163 164 165 165 163 169 163 169 165 165 163 170 163 170 165 163 165 165 165 163 164 165 163 164 165 163 169 165 163 170 165,0.2213384509086609,1,2026-06-14 15:48:45+00:00,2026-06-14 15:48:49+00:00
all,verify_productcatalog_pod_failure_001,356290426,1781452130.0,1781452134.0,0,39,163 164 163 164 163 164 165 165 165 163 164 163 164 165 165 163 164 165 163 165 163 164 165 163 164 163 164 165 163 169 165 163 169 165 165 163 170 163 170,0.22179554402828217,1,2026-06-14 15:48:50+00:00,2026-06-14 15:48:54+00:00
all,verify_productcatalog_pod_failure_001,356290427,1781452135.0,1781452139.0,0,45,161 163 164 165 163 172 173 174 165 163 164 165 163 164 175 165 165 165 163 165 163 167 171 165 163 166 165 163 167 163 164 163 164 171 165 163 164 163 164 165 165 163 164 165 165,0.22437885403633118,1,2026-06-14 15:48:55+00:00,2026-06-14 15:48:59+00:00
all,verify_productcatalog_pod_failure_001,356290428,1781452140.0,1781452144.0,0,46,165 163 164 163 164 161 163 164 165 163 169 165 163 170 165 163 169 165 163 170 165 163 165 165 163 163 164 172 173 161 174 165 163 172 173 175 174 165 165 175 165 163 164 165 163 170,0.2227037101984024,1,2026-06-14 15:49:00+00:00,2026-06-14 15:49:04+00:00
all,verify_productcatalog_pod_failure_001,356290429,1781452145.0,1781452149.0,0,57,165 163 164 165 163 164 165 163 165 163 163 164 164 163 164 163 164 161 165 165 163 169 165 165 165 163 170 165 163 172 173 174 175 165 163 166 165 163 167 171 165 163 166 165 163 167 163 164 171 165 165 163 164 163 164 165 165,0.21645618975162506,1,2026-06-14 15:49:05+00:00,2026-06-14 15:49:09+00:00
all,verify_productcatalog_pod_failure_001,356290430,1781452150.0,1781452154.0,0,62,163 164 165 163 169 165 163 170 165 163 164 165 163 169 165 163 170 165 163 164 165 163 165 163 164 165 163 169 165 163 170 165 163 164 165 161 163 164 165 163 169 165 163 170 163 164 165 165 163 172 173 174 175 165 163 164 163 166 165 163 167 165,0.21794091165065765,1,2026-06-14 15:49:10+00:00,2026-06-14 15:49:14+00:00
all,verify_productcatalog_pod_failure_001,356290431,1781452155.0,1781452159.0,0,29,163 166 165 163 167 163 170 165 171 171 165 165 163 164 165 163 169 165 163 170 165 163 165 163 164 165 163 164 165,0.20453399419784546,0,2026-06-14 15:49:15+00:00,2026-06-14 15:49:19+00:00
all,verify_productcatalog_pod_failure_001,356290432,1781452160.0,1781452164.0,0,49,163 164 165 163 164 165 163 166 165 163 167 163 165 171 165 163 164 165 163 164 165 163 164 165 163 164 165 163 164 165 163 164 165 163 164 165 163 164 165 163 166 165 163 167 163 164 165 171 165,0.212198868393898,1,2026-06-14 15:49:20+00:00,2026-06-14 15:49:24+00:00
all,verify_productcatalog_pod_failure_001,356290433,1781452166.0,1781452169.0,0,24,163 164 165 163 166 165 163 167 163 165 171 165 163 164 165 163 169 165 163 170 163 164 165 165,0.19435836374759674,0,2026-06-14 15:49:26+00:00,2026-06-14 15:49:29+00:00
all,verify_productcatalog_pod_failure_001,356290434,1781452170.0,1781452174.0,0,29,163 170 165 163 170 165 163 164 165 163 164 163 165 165 163 164 165 163 170 165 163 164 165 163 164 165 163 164 165,0.20574402809143066,1,2026-06-14 15:49:30+00:00,2026-06-14 15:49:34+00:00
all,verify_productcatalog_pod_failure_001,356290435,1781452175.0,1781452179.0,0,20,163 164 165 163 165 163 164 165 163 164 165 163 164 165 163 164 165 163 164 165,0.1819099336862564,0,2026-06-14 15:49:35+00:00,2026-06-14 15:49:39+00:00
all,verify_productcatalog_pod_failure_001,356290436,1781452180.0,1781452184.0,0,55,163 170 163 164 165 165 163 169 165 163 170 165 163 164 165 163 164 165 163 164 165 163 164 165 163 164 165 163 165 163 164 165 163 164 165 163 169 165 163 170 165 163 164 165 163 164 165 163 164 165 163 169 165 163 170,0.214983731508255,1,2026-06-14 15:49:40+00:00,2026-06-14 15:49:44+00:00
all,verify_productcatalog_pod_failure_001,356290437,1781452185.0,1781452189.0,0,29,165 163 170 165 163 170 165 163 164 165 163 165 163 167 171 165 163 170 165 163 166 165 163 167 163 166 165 163 167,0.20380334556102753,0,2026-06-14 15:49:45+00:00,2026-06-14 15:49:49+00:00
all,verify_productcatalog_pod_failure_001,356290438,1781452190.0,1781452194.0,0,53,161 163 164 171 171 165 165 165 163 164 165 163 169 165 163 170 165 163 172 173 174 175 165 163 164 165 163 164 165 163 164 165 163 165 163 164 165 163 170 165 163 164 165 163 166 165 163 167 163 164 165 171 165,0.21033236384391785,1,2026-06-14 15:49:50+00:00,2026-06-14 15:49:54+00:00
all,verify_productcatalog_pod_failure_001,356290439,1781452195.0,1781452199.0,0,68,163 164 165 163 170 165 163 170 165 163 164 165 163 169 165 163 170 163 170 163 164 165 163 165 165 165 163 164 165 163 169 165 163 170 165 163 170 165 163 166 165 163 167 163 164 165 163 167 171 165 171 165 163 164 165 163 164 163 164 165 163 166 165 163 167 165 171 165,0.22081167995929718,1,2026-06-14 15:49:55+00:00,2026-06-14 15:49:59+00:00
all,verify_productcatalog_pod_failure_001,356290440,1781452200.0,1781452201.0,0,26,163 164 165 163 170 165 163 170 165 163 164 163 164 165 165 163 165 163 164 165 163 169 165 163 170 165,0.19938868284225464,0,2026-06-14 15:50:00+00:00,2026-06-14 15:50:01+00:00
all,verify_productcatalog_pod_failure_001,356290441,1781452205.0,1781452209.0,0,53,163 164 165 161 163 166 165 163 167 171 165 163 170 163 165 164 165 163 169 165 163 170 163 165 165 163 172 173 174 175 165 163 164 163 164 165 163 169 165 163 170 165 165 163 164 165 163 167 171 165 163 164 165,0.20988939702510834,1,2026-06-14 15:50:05+00:00,2026-06-14 15:50:09+00:00
all,verify_productcatalog_pod_failure_001,356290442,1781452210.0,1781452214.0,0,42,163 170 165 163 164 165 163 164 165 163 164 165 163 169 165 163 170 165 163 165 163 166 165 163 167 171 165 163 170 165 163 164 165 163 169 165 163 170 165 163 164 165,0.20684681832790375,1,2026-06-14 15:50:10+00:00,2026-06-14 15:50:14+00:00
all,verify_productcatalog_pod_failure_001,356290443,1781452215.0,1781452219.0,0,49,163 164 165 163 164 165 163 164 165 163 164 165 163 165 163 164 165 163 164 165 163 169 165 163 170 165 163 170 165 163 164 165 163 164 165 163 169 165 163 170 165 163 164 165 163 169 165 163 170,0.2084437906742096,1,2026-06-14 15:50:15+00:00,2026-06-14 15:50:19+00:00
all,verify_productcatalog_pod_failure_001,356290444,1781452220.0,1781452224.0,0,31,165 163 166 165 163 167 163 164 165 163 169 165 163 170 165 171 165 163 165 163 164 165 163 164 165 163 164 165 163 164 165,0.20607376098632812,1,2026-06-14 15:50:20+00:00,2026-06-14 15:50:24+00:00
all,verify_productcatalog_pod_failure_001,356290445,1781452225.0,1781452229.0,0,55,163 166 165 163 167 171 165 163 164 165 163 169 165 163 170 165 163 170 165 163 164 165 163 165 163 164 161 165 163 169 165 163 170 165 163 172 173 174 175 165 163 170 165 163 170 165 163 170 165 163 170 165 163 164 165,0.20751319825649261,1,2026-06-14 15:50:25+00:00,2026-06-14 15:50:29+00:00
all,verify_productcatalog_pod_failure_001,356290446,1781452230.0,1781452234.0,0,48,163 170 165 163 166 165 163 167 171 165 163 164 165 163 165 163 166 165 163 167 171 165 163 164 165 163 169 165 163 170 165 163 166 165 163 167 163 164 165 171 165 163 166 165 163 167 171 165,0.2056114375591278,1,2026-06-14 15:50:30+00:00,2026-06-14 15:50:34+00:00
all,verify_productcatalog_pod_failure_001,356290447,1781452235.0,1781452239.0,0,40,163 166 165 163 167 171 165 163 167 171 165 163 165 163 167 171 165 163 166 165 163 167 171 165 163 166 165 163 167 171 165 163 164 165 163 164 165 163 164 165,0.20634685456752777,1,2026-06-14 15:50:35+00:00,2026-06-14 15:50:39+00:00
all,verify_productcatalog_pod_failure_001,356290448,1781452241.0,1781452244.0,0,26,163 164 165 163 170 165 163 164 165 163 165 163 164 165 163 164 165 163 164 165 163 170 165 163 164 165,0.19819378852844238,0,2026-06-14 15:50:41+00:00,2026-06-14 15:50:44+00:00
all,verify_productcatalog_pod_failure_001,356290449,1781452245.0,1781452248.0,0,41,163 170 165 163 164 165 163 169 165 163 170 165 163 164 165 163 165 163 164 165 163 164 165 163 169 165 163 170 165 163 164 165 163 169 165 163 170 165 163 164 165,0.20506756007671356,1,2026-06-14 15:50:45+00:00,2026-06-14 15:50:48+00:00
all,verify_productcatalog_pod_failure_001,356290450,1781452250.0,1781452254.0,0,72,163 166 165 163 167 171 165 163 167 171 165 163 166 165 163 167 171 165 163 167 163 165 163 164 165 163 169 165 171 163 170 165 165 161 163 164 165 163 169 165 163 170 165 163 164 163 172 173 174 165 163 169 165 163 170 175 165 165 163 164 165 163 170 165 163 170 165 163 166 165 163 167,0.2202729433774948,1,2026-06-14 15:50:50+00:00,2026-06-14 15:50:54+00:00
all,verify_productcatalog_pod_failure_001,356290451,1781452255.0,1781452259.0,0,33,171 165 163 164 165 163 165 163 164 165 163 170 165 163 164 163 164 165 165 163 166 165 163 167 163 167 171 165 171 165 163 164 165,0.20629215240478516,1,2026-06-14 15:50:55+00:00,2026-06-14 15:50:59+00:00
all,verify_productcatalog_pod_failure_001,356290452,1781452260.0,1781452264.0,0,36,163 170 165 163 166 165 163 167 163 166 165 163 167 171 165 171 165 163 170 165 163 165 163 164 165 163 164 165 163 164 165 163 164 165 163 164,0.20810022950172424,1,2026-06-14 15:51:00+00:00,2026-06-14 15:51:04+00:00
all,verify_productcatalog_pod_failure_001,356290453,1781452265.0,1781452269.0,0,48,165 163 166 165 163 167 171 165 163 167 171 165 163 165 163 164 165 163 164 165 163 164 165 163 169 165 163 170 165 163 164 165 163 164 165 163 164 165 163 170 165 163 164 165 163 167 171 165,0.2122357189655304,1,2026-06-14 15:51:05+00:00,2026-06-14 15:51:09+00:00
all,verify_productcatalog_pod_failure_001,356290454,1781452270.0,1781452274.0,0,34,163 166 165 163 167 171 165 163 165 163 164 165 163 170 165 163 164 165 163 166 165 163 167 163 164 165 163 164 171 165 165 163 164 165,0.21041977405548096,1,2026-06-14 15:51:10+00:00,2026-06-14 15:51:14+00:00
all,verify_productcatalog_pod_failure_001,356290455,1781452275.0,1781452279.0,0,61,161 163 164 165 163 164 165 163 169 165 163 170 165 163 172 173 163 166 165 163 167 174 175 165 163 164 165 163 164 165 171 165 163 165 163 164 165 163 164 165 163 164 165 163 169 165 163 170 165 163 164 165 163 164 165 163 169 165 163 170 165,0.21936558187007904,1,2026-06-14 15:51:15+00:00,2026-06-14 15:51:19+00:00
all,verify_productcatalog_pod_failure_001,356290456,1781452280.0,1781452284.0,0,43,163 164 163 166 165 163 167 165 163 164 165 171 165 163 170 163 165 165 163 164 165 163 164 165 163 164 165 163 164 165 163 166 165 163 167 171 165 163 164 165 163 164 165,0.21065789461135864,1,2026-06-14 15:51:20+00:00,2026-06-14 15:51:24+00:00
all,verify_productcatalog_pod_failure_001,356290457,1781452285.0,1781452289.0,0,36,163 164 165 163 164 165 163 166 165 163 167 171 165 163 165 163 164 165 163 170 165 163 164 165 163 164 165 163 169 165 163 170 165 163 164 165,0.21215718984603882,1,2026-06-14 15:51:25+00:00,2026-06-14 15:51:29+00:00
all,verify_productcatalog_pod_failure_001,356290458,1781452290.0,1781452294.0,0,35,163 166 165 163 167 171 165 163 165 163 164 165 163 166 165 163 167 171 165 163 164 165 163 166 165 163 167 171 165 163 164 163 164 165 165,0.2116250991821289,1,2026-06-14 15:51:30+00:00,2026-06-14 15:51:34+00:00
all,verify_productcatalog_pod_failure_001,356290459,1781452295.0,1781452298.0,0,50,163 170 165 163 166 165 163 167 171 165 163 165 163 170 161 165 163 164 165 163 164 165 163 169 165 163 170 165 163 172 173 174 175 165 163 164 165 163 170 165 163 166 165 163 167 163 164 165 171 165,0.21369506418704987,1,2026-06-14 15:51:35+00:00,2026-06-14 15:51:38+00:00
all,verify_productcatalog_pod_failure_001,356290460,1781452300.0,1781452304.0,0,52,163 164 165 163 164 165 163 164 165 163 164 165 163 165 163 164 165 163 164 165 163 169 165 163 170 165 163 166 165 163 167 171 165 163 164 165 163 164 165 163 169 165 163 170 163 166 165 163 167 165 163 164,0.21396656334400177,1,2026-06-14 15:51:40+00:00,2026-06-14 15:51:44+00:00
all,verify_productcatalog_pod_failure_001,356290461,1781452305.0,1781452309.0,0,58,165 163 169 165 163 170 171 165 165 163 170 165 163 165 163 164 163 164 165 163 169 165 165 163 166 165 163 170 163 167 163 170 165 165 171 165 163 164 165 161 163 170 165 163 164 165 163 169 165 163 170 165 163 172 173 174 175 165,0.2191505879163742,1,2026-06-14 15:51:45+00:00,2026-06-14 15:51:49+00:00
all,verify_productcatalog_pod_failure_001,356290462,1781452310.0,1781452313.0,0,43,163 164 165 163 169 165 163 170 163 164 165 165 163 164 165 163 164 165 163 170 165 163 165 163 166 165 163 167 171 165 163 164 165 163 166 165 163 167 171 165 163 164 165,0.21266083419322968,1,2026-06-14 15:51:50+00:00,2026-06-14 15:51:53+00:00
all,verify_productcatalog_pod_failure_001,356290463,1781452315.0,1781452319.0,0,52,163 164 165 163 170 165 163 164 165 163 165 161 163 164 165 163 169 165 163 170 165 163 164 165 163 169 165 163 170 165 163 172 173 174 175 165 163 164 165 163 164 165 163 170 165 163 164 165 163 167 171 165,0.2172517031431198,1,2026-06-14 15:51:55+00:00,2026-06-14 15:51:59+00:00
all,verify_productcatalog_pod_failure_001,356290464,1781452320.0,1781452324.0,0,38,163 166 165 163 167 163 167 163 164 165 163 164 171 171 165 165 165 163 170 165 163 165 163 166 165 163 167 171 165 163 170 165 163 164 165 163 164 165,0.2147248387336731,1,2026-06-14 15:52:00+00:00,2026-06-14 15:52:04+00:00
all,verify_productcatalog_pod_failure_001,356290465,1781452325.0,1781452329.0,0,46,163 164 165 163 170 165 163 165 163 164 165 163 164 165 163 166 165 163 167 171 165 163 164 165 163 164 165 163 164 165 163 169 165 163 167 163 170 165 171 165 163 170 165 163 164 165,0.21393592655658722,1,2026-06-14 15:52:05+00:00,2026-06-14 15:52:09+00:00
all,verify_productcatalog_pod_failure_001,356290466,1781452331.0,1781452334.0,0,37,163 170 165 163 164 165 163 169 165 163 170 165 163 165 163 170 165 163 166 165 163 167 163 167 171 165 171 165 163 164 165 163 169 165 163 170 165,0.2140001505613327,1,2026-06-14 15:52:11+00:00,2026-06-14 15:52:14+00:00
all,verify_productcatalog_pod_failure_001,356290467,1781452335.0,1781452339.0,0,33,163 164 165 163 166 165 163 167 163 170 165 171 165 163 165 163 164 165 163 164 165 163 164 165 163 164 165 163 170 165 163 170 165,0.2127966433763504,1,2026-06-14 15:52:15+00:00,2026-06-14 15:52:19+00:00
all,verify_productcatalog_pod_failure_001,356290468,1781452340.0,1781452344.0,0,49,163 164 165 163 166 165 163 167 171 165 163 165 163 164 165 163 164 165 163 169 165 163 170 165 163 166 165 163 167 171 165 163 164 165 163 164 165 163 164 165 163 169 165 163 170 165 163 170 165,0.215354785323143,1,2026-06-14 15:52:20+00:00,2026-06-14 15:52:24+00:00
all,verify_productcatalog_pod_failure_001,356290469,1781452345.0,1781452349.0,0,51,163 167 171 165 163 170 165 163 170 165 163 164 165 163 165 163 164 165 163 164 165 163 170 163 164 165 165 163 164 161 165 163 164 165 163 169 165 163 170 165 163 172 173 174 175 165 163 166 165 163 167,0.2118167132139206,1,2026-06-14 15:52:25+00:00,2026-06-14 15:52:29+00:00
all,verify_productcatalog_pod_failure_001,356290470,1781452350.0,1781452354.0,0,56,171 165 163 164 165 163 164 165 163 165 163 164 165 163 170 165 163 164 165 163 169 165 163 170 165 163 164 165 161 163 164 165 163 169 165 163 170 165 163 172 173 174 175 165 163 166 165 163 167 171 165 163 166 165 163 167,0.21434153616428375,1,2026-06-14 15:52:30+00:00,2026-06-14 15:52:34+00:00
all,verify_productcatalog_pod_failure_001,356290471,1781452355.0,1781452359.0,0,55,171 165 163 164 165 163 164 165 163 164 165 163 170 165 163 165 163 164 165 163 164 165 163 167 171 165 163 164 165 163 164 165 163 169 165 163 170 165 163 164 165 163 166 165 163 167 163 167 171 165 171 165 163 164 165,0.21517153084278107,1,2026-06-14 15:52:35+00:00,2026-06-14 15:52:39+00:00
all,verify_productcatalog_pod_failure_001,356290472,1781452360.0,1781452364.0,0,24,163 166 165 163 167 171 165 163 170 165 163 165 163 164 165 163 164 165 163 164 165 163 164 165,0.19498498737812042,0,2026-06-14 15:52:40+00:00,2026-06-14 15:52:44+00:00
all,verify_productcatalog_pod_failure_001,356290473,1781452365.0,1781452369.0,0,45,163 164 165 163 164 165 163 165 163 164 165 163 163 164 164 165 165 163 169 165 163 170 165 163 164 165 163 166 165 163 167 163 170 171 165 165 163 170 165 163 170 165 163 164 165,0.21123142540454865,1,2026-06-14 15:52:45+00:00,2026-06-14 15:52:49+00:00
all,verify_productcatalog_pod_failure_001,356290474,1781452370.0,1781452374.0,0,52,163 164 165 163 164 165 163 169 165 163 170 165 163 164 165 163 170 163 164 165 165 163 165 163 166 165 163 167 171 165 163 164 165 163 166 165 163 167 163 164 165 163 169 165 163 170 165 171 165 163 164 165,0.21366311609745026,1,2026-06-14 15:52:50+00:00,2026-06-14 15:52:54+00:00
all,verify_productcatalog_pod_failure_001,356290475,1781452375.0,1781452379.0,0,61,163 164 165 163 169 165 163 170 163 164 161 161 163 170 163 164 165 165 163 169 163 172 173 165 165 163 170 165 174 163 165 175 165 165 163 172 173 174 175 165 163 164 165 163 164 165 163 164 165 163 164 165 163 170 165 163 164 165 163 164 165,0.2203737497329712,1,2026-06-14 15:52:55+00:00,2026-06-14 15:52:59+00:00
all,verify_productcatalog_pod_failure_001,356290476,1781452380.0,1781452384.0,0,36,163 164 165 163 165 163 170 165 163 166 165 163 167 163 164 165 163 164 171 165 165 163 169 165 163 170 165 163 164 165 163 170 165 163 164 165,0.21216925978660583,1,2026-06-14 15:53:00+00:00,2026-06-14 15:53:04+00:00
all,verify_productcatalog_pod_failure_001,356290477,1781452385.0,1781452389.0,0,23,163 164 165 163 169 165 163 170 165 163 165 163 164 165 163 164 165 163 164 165 163 170 165,0.19239938259124756,0,2026-06-14 15:53:05+00:00,2026-06-14 15:53:09+00:00
all,verify_productcatalog_pod_failure_001,356290478,1781452390.0,1781452394.0,0,58,163 164 165 163 164 165 163 165 163 164 163 164 165 165 163 164 165 163 164 165 161 163 164 165 163 169 165 163 170 165 163 172 173 174 175 165 163 164 165 163 169 161 165 163 170 165 163 172 173 174 175 165 163 164 163 164 165 165,0.21721163392066956,1,2026-06-14 15:53:10+00:00,2026-06-14 15:53:14+00:00
all,verify_productcatalog_pod_failure_001,356290479,1781452395.0,1781452399.0,0,46,163 170 165 163 164 165 163 170 165 163 164 163 166 165 163 167 165 163 167 171 165 163 165 171 165 163 164 165 163 164 163 170 165 163 169 165 163 170 165 165 163 170 165 163 164 165,0.21254561841487885,1,2026-06-14 15:53:15+00:00,2026-06-14 15:53:19+00:00
all,verify_productcatalog_pod_failure_001,356290480,1781452400.0,1781452404.0,0,52,163 164 165 163 164 165 163 164 165 163 166 165 163 167 171 165 163 165 163 164 163 164 165 165 163 170 165 161 163 164 165 163 169 163 170 165 163 170 165 165 163 172 173 174 175 165 163 164 163 164 165 165,0.21379350125789642,1,2026-06-14 15:53:20+00:00,2026-06-14 15:53:24+00:00
all,verify_productcatalog_pod_failure_001,356290481,1781452405.0,1781452409.0,0,60,163 164 165 163 164 165 161 163 164 165 163 169 165 163 170 165 163 172 173 174 175 165 163 164 165 163 165 163 164 165 163 169 165 163 170 165 163 164 165 163 164 165 163 169 165 163 170 165 163 164 165 163 169 165 163 170 165 163 170 165,0.21920597553253174,1,2026-06-14 15:53:25+00:00,2026-06-14 15:53:29+00:00
all,verify_productcatalog_pod_failure_001,356290482,1781452410.0,1781452413.0,0,34,163 164 165 163 169 165 163 170 165 163 167 171 165 163 167 171 165 163 165 163 164 165 163 164 165 163 169 165 163 170 165 163 164 165,0.2109164297580719,1,2026-06-14 15:53:30+00:00,2026-06-14 15:53:33+00:00
all,verify_productcatalog_pod_failure_001,356290483,1781452415.0,1781452418.0,0,45,163 164 165 163 164 165 163 169 165 163 170 165 163 170 165 163 170 165 163 164 165 163 169 165 163 170 165 163 165 163 164 165 163 166 165 163 167 163 164 165 171 165 163 170 165,0.21131497621536255,1,2026-06-14 15:53:35+00:00,2026-06-14 15:53:38+00:00
all,verify_productcatalog_pod_failure_001,356290484,1781452420.0,1781452424.0,0,45,163 164 165 163 164 165 163 165 163 164 165 163 166 165 163 167 163 164 171 165 165 163 164 165 163 170 165 163 164 165 163 164 165 163 170 163 164 165 163 169 165 163 170 165 165,0.2120487242937088,1,2026-06-14 15:53:40+00:00,2026-06-14 15:53:44+00:00
all,verify_productcatalog_pod_failure_001,356290485,1781452425.0,1781452429.0,0,46,163 164 165 163 169 165 163 170 165 163 164 165 163 164 165 163 165 163 170 165 163 166 165 163 167 171 165 163 166 165 163 167 163 164 165 171 165 163 164 165 163 169 165 163 170 165,0.2171584963798523,1,2026-06-14 15:53:45+00:00,2026-06-14 15:53:49+00:00
all,verify_productcatalog_pod_failure_001,356290486,1781452430.0,1781452434.0,0,52,163 166 165 163 167 163 166 165 163 167 163 164 165 163 164 171 171 165 165 165 163 170 163 165 165 163 164 165 163 164 165 163 169 165 163 170 165 163 164 165 163 169 165 163 170 165 163 164 165 163 164 165,0.2202758491039276,1,2026-06-14 15:53:50+00:00,2026-06-14 15:53:54+00:00
all,verify_productcatalog_pod_failure_001,356290487,1781452435.0,1781452439.0,0,23,163 164 165 163 170 165 163 165 163 164 165 163 167 163 164 165 171 165 163 164 165 163 167,0.19592250883579254,0,2026-06-14 15:53:55+00:00,2026-06-14 15:53:59+00:00
all,verify_productcatalog_pod_failure_001,356290488,1781452440.0,1781452444.0,0,46,171 165 163 164 165 163 164 163 164 165 165 163 164 165 163 169 165 163 170 165 163 165 163 164 165 163 164 163 164 165 165 163 169 163 169 165 165 163 170 163 170 165 165 163 164 165,0.21733996272087097,1,2026-06-14 15:54:00+00:00,2026-06-14 15:54:04+00:00
all,verify_productcatalog_pod_failure_001,356290489,1781452446.0,1781452449.0,0,43,163 166 165 163 167 171 165 163 166 165 163 167 163 164 163 165 165 171 165 163 164 165 163 164 165 163 170 165 163 164 165 163 169 165 163 170 165 163 164 165 163 164 165,0.21598856151103973,1,2026-06-14 15:54:06+00:00,2026-06-14 15:54:09+00:00
all,verify_productcatalog_pod_failure_001,356290490,1781452450.0,1781452454.0,0,50,163 164 165 163 169 165 163 170 165 163 165 163 164 165 163 164 165 163 164 165 163 164 163 164 165 165 163 164 165 163 169 165 163 170 165 163 164 163 164 165 165 163 169 165 163 170 165 163 164 165,0.2196161299943924,1,2026-06-14 15:54:10+00:00,2026-06-14 15:54:14+00:00
all,verify_productcatalog_pod_failure_001,356290491,1781452455.0,1781452459.0,0,41,163 164 165 163 169 165 163 170 165 163 165 163 164 165 163 169 165 163 170 165 163 164 163 164 165 165 163 164 165 163 164 165 163 169 165 163 170 165 163 170 165,0.21561311185359955,1,2026-06-14 15:54:15+00:00,2026-06-14 15:54:19+00:00
all,verify_productcatalog_pod_failure_001,356290492,1781452460.0,1781452464.0,0,40,163 164 165 163 164 165 163 165 163 170 163 164 165 165 163 164 165 163 169 165 163 170 165 163 170 165 163 164 165 163 164 165 163 164 165 163 169 165 163 170,0.2155696153640747,1,2026-06-14 15:54:20+00:00,2026-06-14 15:54:24+00:00
all,verify_productcatalog_pod_failure_001,356290493,1781452465.0,1781452469.0,0,61,161 165 163 164 165 163 169 165 163 170 163 164 165 165 163 172 173 174 175 165 163 165 163 164 165 163 164 165 163 164 165 163 164 165 163 164 165 163 164 165 163 169 165 163 170 165 163 170 163 170 163 164 165 165 165 163 164 165 163 164 165,0.21069027483463287,1,2026-06-14 15:54:25+00:00,2026-06-14 15:54:29+00:00
all,verify_productcatalog_pod_failure_001,356290494,1781452470.0,1781452474.0,0,53,163 166 165 163 167 171 165 163 164 165 163 164 165 163 165 163 164 161 165 163 169 165 163 170 165 163 172 173 174 175 165 163 164 163 164 165 165 163 170 165 163 166 165 163 167 171 165 163 164 165 163 164 165,0.20631206035614014,1,2026-06-14 15:54:30+00:00,2026-06-14 15:54:34+00:00
all,verify_productcatalog_pod_failure_001,356290495,1781452476.0,1781452479.0,0,54,163 164 165 163 169 165 163 170 165 163 164 165 163 166 165 163 167 163 165 171 165 163 164 165 163 169 165 163 170 163 164 165 165 163 164 165 163 164 165 163 169 165 163 170 165 163 164 165 163 164 165 163 170 165,0.2072664052248001,1,2026-06-14 15:54:36+00:00,2026-06-14 15:54:39+00:00
all,verify_productcatalog_pod_failure_001,356290496,1781452481.0,1781452484.0,0,41,163 164 165 163 165 163 164 165 163 170 165 163 170 165 163 164 165 163 164 165 163 169 165 163 170 165 163 164 165 163 164 165 163 164 165 163 164 165 163 164 165,0.205093652009964,1,2026-06-14 15:54:41+00:00,2026-06-14 15:54:44+00:00
all,verify_productcatalog_pod_failure_001,356290497,1781452485.0,1781452489.0,0,30,163 164 165 163 169 165 163 170 165 163 164 163 165 165 163 170 163 164 165 165 163 166 165 163 167 171 165 163 170 165,0.2022431641817093,0,2026-06-14 15:54:45+00:00,2026-06-14 15:54:49+00:00
all,verify_productcatalog_pod_failure_001,356290498,1781452490.0,1781452494.0,0,32,163 164 163 170 165 165 163 170 163 164 165 165 163 164 165 163 164 165 163 164 165 163 165 163 164 165 163 164 165 163 170 165,0.20552222430706024,1,2026-06-14 15:54:50+00:00,2026-06-14 15:54:54+00:00
all,verify_productcatalog_pod_failure_001,356290499,1781452495.0,1781452499.0,0,73,163 164 165 163 169 165 163 170 165 163 164 165 163 164 165 163 164 165 163 164 165 161 163 165 163 164 165 163 169 165 163 170 165 163 172 173 174 175 165 163 164 163 164 165 163 169 165 163 170 165 163 169 165 163 170 165 165 163 170 165 163 166 165 163 167 163 164 165 171 165 163 170 165,0.21981702744960785,1,2026-06-14 15:54:55+00:00,2026-06-14 15:54:59+00:00
all,verify_productcatalog_pod_failure_001,356290500,1781452500.0,1781452504.0,0,48,163 167 163 167 163 164 171 165 165 163 164 165 163 169 165 163 170 171 165 165 163 164 165 163 165 163 170 165 163 164 165 163 169 165 163 170 165 163 164 165 163 169 165 163 170 163 167 165,0.20389686524868011,0,2026-06-14 15:55:00+00:00,2026-06-14 15:55:04+00:00
all,verify_productcatalog_pod_failure_001,356290501,1781452505.0,1781452509.0,0,59,171 165 163 164 165 163 166 165 163 167 163 164 163 167 165 163 165 171 165 171 165 163 164 165 163 164 165 163 164 165 161 163 164 165 163 169 165 163 170 165 163 172 173 174 175 165 163 170 163 164 165 163 166 165 163 167 165 171 165,0.2183007448911667,1,2026-06-14 15:55:05+00:00,2026-06-14 15:55:09+00:00
all,verify_productcatalog_pod_failure_001,356290502,1781452510.0,1781452514.0,0,49,163 170 165 163 166 165 163 167 163 165 171 165 163 164 165 163 164 165 163 164 165 161 163 164 165 163 169 165 163 170 165 163 172 173 174 175 165 163 164 165 163 169 163 164 165 163 170 165 165,0.21400319039821625,1,2026-06-14 15:55:10+00:00,2026-06-14 15:55:14+00:00
all,verify_productcatalog_pod_failure_001,356290503,1781452515.0,1781452519.0,0,41,163 170 165 163 164 165 163 165 163 170 165 163 164 165 163 166 165 163 167 171 165 163 170 163 170 165 165 163 164 165 163 164 165 163 164 165 163 164 165 163 164,0.21293751895427704,1,2026-06-14 15:55:15+00:00,2026-06-14 15:55:19+00:00
all,verify_productcatalog_pod_failure_001,356290504,1781452520.0,1781452524.0,0,37,165 163 169 165 163 170 165 163 164 165 163 165 163 164 165 163 164 163 167 165 171 165 163 164 165 163 169 165 163 170 163 164 163 164 165 163 164,0.2140456587076187,1,2026-06-14 15:55:20+00:00,2026-06-14 15:55:24+00:00
all,verify_productcatalog_pod_failure_001,356290505,1781452525.0,1781452528.0,0,46,161 165 163 170 165 163 172 173 165 163 169 163 164 165 163 170 165 165 174 175 165 165 163 164 165 163 165 163 170 165 163 164 165 163 164 165 163 164 165 163 166 165 163 167 171 165,0.21240700781345367,1,2026-06-14 15:55:25+00:00,2026-06-14 15:55:28+00:00
all,verify_productcatalog_pod_failure_001,356290506,1781452531.0,1781452534.0,0,34,163 164 165 163 169 165 163 170 165 163 170 163 165 163 170 165 165 163 167 171 165 163 166 165 163 167 163 170 171 165 165 163 164 165,0.2111194133758545,1,2026-06-14 15:55:31+00:00,2026-06-14 15:55:34+00:00
all,verify_productcatalog_pod_failure_001,356290507,1781452535.0,1781452539.0,0,53,163 164 165 163 170 165 163 170 163 170 165 165 163 165 163 164 165 163 166 165 163 167 171 165 163 164 165 161 163 164 165 163 169 165 163 170 165 163 172 173 163 166 165 163 167 174 175 165 163 164 165 171 165,0.21481113135814667,1,2026-06-14 15:55:35+00:00,2026-06-14 15:55:39+00:00
all,verify_productcatalog_pod_failure_001,356290508,1781452540.0,1781452544.0,0,41,163 164 165 163 169 165 163 170 165 161 163 165 163 164 165 163 169 165 163 170 165 163 172 173 174 175 165 163 164 165 163 164 165 163 164 165 163 170 163 164 165,0.21239972114562988,1,2026-06-14 15:55:40+00:00,2026-06-14 15:55:44+00:00
all,verify_productcatalog_pod_failure_001,356290509,1781452545.0,1781452549.0,0,34,165 163 164 165 163 164 165 163 164 165 163 165 163 164 165 163 164 165 163 169 165 163 170 165 163 166 165 163 167 171 165 163 170 165,0.21455878019332886,1,2026-06-14 15:55:45+00:00,2026-06-14 15:55:49+00:00
all,verify_productcatalog_pod_failure_001,356290510,1781452550.0,1781452554.0,0,46,163 164 165 163 165 163 170 165 163 164 165 163 166 165 163 167 171 165 163 164 165 163 166 165 163 167 171 165 163 164 165 163 164 165 163 164 165 163 169 165 163 170 165 163 164 165,0.21767747402191162,1,2026-06-14 15:55:50+00:00,2026-06-14 15:55:54+00:00
all,verify_productcatalog_pod_failure_001,356290511,1781452556.0,1781452559.0,0,36,163 164 165 163 165 163 164 165 163 169 165 163 170 165 163 164 165 163 164 165 161 163 164 165 163 169 165 163 170 165 163 172 173 174 175 165,0.21575020253658295,1,2026-06-14 15:55:56+00:00,2026-06-14 15:55:59+00:00
all,verify_productcatalog_pod_failure_001,356290512,1781452561.0,1781452564.0,0,39,163 164 165 163 164 165 163 165 163 166 165 163 167 163 164 165 171 165 163 166 165 163 167 163 164 165 171 165 163 170 165 163 164 165 163 166 165 163 167,0.21690301597118378,1,2026-06-14 15:56:01+00:00,2026-06-14 15:56:04+00:00
all,verify_productcatalog_pod_failure_001,356290513,1781452565.0,1781452569.0,0,45,171 165 163 166 165 163 167 163 170 165 171 165 163 164 165 163 165 163 164 165 163 164 165 163 170 165 163 164 165 163 164 165 163 169 165 163 170 161 165 163 172 173 174 175 165,0.21497677266597748,1,2026-06-14 15:56:05+00:00,2026-06-14 15:56:09+00:00
all,verify_productcatalog_pod_failure_001,356290514,1781452570.0,1781452574.0,0,52,163 166 165 163 167 171 165 163 170 165 163 164 165 163 170 165 163 164 165 163 165 161 163 164 165 163 169 165 163 170 165 163 172 173 174 175 165 163 164 165 163 164 165 163 164 165 163 164 163 164 165 165,0.22075006365776062,1,2026-06-14 15:56:10+00:00,2026-06-14 15:56:14+00:00
all,verify_productcatalog_pod_failure_001,356290515,1781452575.0,1781452579.0,0,37,163 166 165 163 167 171 165 163 164 163 166 165 163 167 165 163 164 165 163 165 171 165 163 166 165 163 167 171 165 163 164 163 164 165 165 163 167,0.21725714206695557,1,2026-06-14 15:56:15+00:00,2026-06-14 15:56:19+00:00
all,verify_productcatalog_pod_failure_001,356290516,1781452580.0,1781452583.0,0,40,171 165 163 170 165 163 164 165 163 169 165 163 170 165 163 170 165 163 167 171 165 163 165 163 166 165 163 167 171 165 163 167 171 165 163 164 165 163 164 165,0.21635447442531586,1,2026-06-14 15:56:20+00:00,2026-06-14 15:56:23+00:00
all,verify_productcatalog_pod_failure_001,356290517,1781452585.0,1781452589.0,0,48,163 166 165 163 167 171 165 163 165 163 164 165 163 164 165 163 169 165 163 170 165 163 164 165 163 164 165 163 169 165 163 170 165 163 164 165 163 164 163 164 165 165 163 169 165 163 170 165,0.2172161340713501,1,2026-06-14 15:56:25+00:00,2026-06-14 15:56:29+00:00
all,verify_productcatalog_pod_failure_001,356290518,1781452590.0,1781452594.0,0,53,163 164 165 163 164 165 163 169 165 163 170 165 163 165 163 164 165 163 169 165 163 170 161 165 163 172 173 174 175 165 163 166 165 163 167 163 164 165 171 165 163 164 165 163 166 165 163 167 163 164 165 171 165,0.22043146193027496,1,2026-06-14 15:56:30+00:00,2026-06-14 15:56:34+00:00
all,verify_productcatalog_pod_failure_001,356290519,1781452595.0,1781452598.0,0,40,163 166 165 163 167 171 165 163 166 165 163 167 171 165 163 167 171 165 163 165 163 164 165 163 169 165 163 170 165 163 170 165 163 167 171 165 163 167 171 165,0.21518026292324066,1,2026-06-14 15:56:35+00:00,2026-06-14 15:56:38+00:00
all,verify_productcatalog_pod_failure_001,356290520,1781452601.0,1781452604.0,0,33,163 164 165 163 165 163 164 165 163 167 171 165 163 164 165 163 169 165 163 170 165 163 164 165 163 164 163 170 165 165 163 164 165,0.21400052309036255,1,2026-06-14 15:56:41+00:00,2026-06-14 15:56:44+00:00
all,verify_productcatalog_pod_failure_001,356290521,1781452606.0,1781452609.0,0,42,163 164 165 163 165 163 164 165 163 164 161 165 163 169 165 163 170 165 163 172 173 174 175 165 163 164 165 163 169 165 163 170 163 164 165 165 163 164 165 163 164 165,0.2161194533109665,1,2026-06-14 15:56:46+00:00,2026-06-14 15:56:49+00:00
all,verify_productcatalog_pod_failure_001,356290522,1781452610.0,1781452614.0,0,46,163 170 165 163 170 163 164 165 165 163 170 165 163 167 163 165 171 165 163 164 165 163 169 165 163 166 165 163 170 163 167 165 171 165 163 164 165 163 169 165 163 170 165 163 164 165,0.21665214002132416,1,2026-06-14 15:56:50+00:00,2026-06-14 15:56:54+00:00
all,verify_productcatalog_pod_failure_001,356290523,1781452615.0,1781452618.0,0,27,163 164 165 163 165 163 164 165 163 164 165 163 166 165 163 167 171 165 163 164 165 163 164 165 163 170 165,0.20709247887134552,1,2026-06-14 15:56:55+00:00,2026-06-14 15:56:58+00:00
all,verify_productcatalog_pod_failure_001,356290524,1781452620.0,1781452624.0,0,37,163 170 165 163 164 165 163 169 165 163 170 165 163 165 163 166 165 163 167 163 166 165 163 167 171 165 171 165 163 164 165 163 164 165 163 170 165,0.2172141671180725,1,2026-06-14 15:57:00+00:00,2026-06-14 15:57:04+00:00
all,verify_productcatalog_pod_failure_001,356290525,1781452625.0,1781452629.0,0,55,163 164 165 163 166 165 163 167 171 165 163 165 163 164 165 163 169 165 163 170 161 165 163 164 165 163 164 165 163 169 165 163 170 165 163 170 163 172 173 165 174 175 165 163 170 165 163 164 165 163 170 165 163 164 165,0.20944781601428986,1,2026-06-14 15:57:05+00:00,2026-06-14 15:57:09+00:00
all,verify_productcatalog_pod_failure_001,356290526,1781452630.0,1781452634.0,0,26,163 164 165 163 165 163 164 165 163 164 165 163 170 165 163 166 165 163 167 171 165 163 164 165 163 164,0.1996580958366394,0,2026-06-14 15:57:10+00:00,2026-06-14 15:57:14+00:00
all,verify_productcatalog_pod_failure_001,356290527,1781452635.0,1781452639.0,0,70,165 163 164 165 163 169 165 163 170 165 163 166 165 163 167 171 165 163 170 165 163 165 163 170 165 163 170 165 163 164 165 163 169 165 163 170 165 163 164 165 163 164 165 163 169 165 163 170 165 161 163 164 165 163 169 165 163 170 165 163 172 173 174 175 165 163 166 165 163 167,0.22053837776184082,1,2026-06-14 15:57:15+00:00,2026-06-14 15:57:19+00:00
all,verify_productcatalog_pod_failure_001,356290528,1781452640.0,1781452644.0,0,47,171 165 163 164 165 163 164 165 163 164 165 163 164 163 169 165 163 170 165 163 165 165 163 164 165 163 166 165 163 167 163 164 165 171 165 163 164 165 163 169 165 163 170 165 163 164 165,0.20706915855407715,1,2026-06-14 15:57:20+00:00,2026-06-14 15:57:24+00:00
all,verify_productcatalog_pod_failure_001,356290529,1781452645.0,1781452649.0,0,26,163 164 165 163 167 171 165 163 165 163 164 165 163 167 171 165 163 164 165 163 166 165 163 167 171 165,0.19835758209228516,0,2026-06-14 15:57:25+00:00,2026-06-14 15:57:29+00:00
all,verify_productcatalog_pod_failure_001,356290530,1781452650.0,1781452654.0,0,59,163 164 165 163 164 163 170 165 163 169 165 163 170 163 164 165 165 165 163 169 165 163 170 165 163 164 165 163 169 165 163 170 163 165 165 163 164 165 163 164 165 163 170 165 163 164 165 163 169 165 163 170 165 163 164 165 163 170 165,0.2111024260520935,1,2026-06-14 15:57:30+00:00,2026-06-14 15:57:34+00:00
all,verify_productcatalog_pod_failure_001,356290531,1781452656.0,1781452658.0,0,23,163 165 163 164 165 163 170 165 163 164 165 163 164 165 163 170 165 163 164 165 163 170 165,0.1903001070022583,0,2026-06-14 15:57:36+00:00,2026-06-14 15:57:38+00:00
all,verify_productcatalog_pod_failure_001,356290532,1781452660.0,1781452664.0,0,43,163 170 165 161 163 164 165 163 164 165 163 169 165 163 170 163 165 163 164 165 163 172 173 165 174 175 165 163 164 165 163 169 165 163 170 165 163 164 165 163 167 171 165,0.20599274337291718,1,2026-06-14 15:57:40+00:00,2026-06-14 15:57:44+00:00
all,verify_productcatalog_pod_failure_001,356290533,1781452665.0,1781452668.0,0,58,163 166 165 163 167 171 165 163 164 165 161 163 164 165 163 169 165 163 170 163 165 165 163 172 173 174 175 165 163 166 165 163 167 163 166 165 163 167 163 166 165 163 167 163 170 163 170 165 163 170 171 165 165 171 171 165 165 165,0.2149609476327896,1,2026-06-14 15:57:45+00:00,2026-06-14 15:57:48+00:00
all,verify_productcatalog_pod_failure_001,356290534,1781452671.0,1781452673.0,0,40,161 163 166 165 163 167 171 165 163 164 165 163 169 165 163 170 165 163 172 173 163 165 174 175 165 163 164 165 163 170 165 163 170 165 163 164 165 163 164 165,0.20953862369060516,1,2026-06-14 15:57:51+00:00,2026-06-14 15:57:53+00:00
all,verify_productcatalog_pod_failure_001,356290535,1781452675.0,1781452679.0,0,56,163 164 165 163 165 163 166 165 163 167 171 165 163 167 171 163 164 165 165 163 164 165 163 169 165 163 170 161 165 163 164 165 163 169 165 163 170 165 163 172 173 174 175 165 163 164 165 163 164 165 163 164 165 163 164 165,0.2133171260356903,1,2026-06-14 15:57:55+00:00,2026-06-14 15:57:59+00:00
all,verify_productcatalog_pod_failure_001,356290536,1781452680.0,1781452684.0,0,58,163 164 165 163 164 165 163 164 165 163 164 165 163 165 163 164 165 163 164 165 163 166 165 163 167 163 166 165 163 167 171 171 165 165 163 164 165 163 170 165 163 164 165 163 169 165 163 170 165 163 164 165 163 169 165 163 170 165,0.21462436020374298,1,2026-06-14 15:58:00+00:00,2026-06-14 15:58:04+00:00
all,verify_productcatalog_pod_failure_001,356290537,1781452685.0,1781452689.0,0,35,163 164 165 163 164 165 163 169 165 163 170 163 170 165 165 163 165 163 170 165 163 164 165 163 164 165 163 164 165 163 164 165 163 164 165,0.2100725919008255,1,2026-06-14 15:58:05+00:00,2026-06-14 15:58:09+00:00
all,verify_productcatalog_pod_failure_001,356290538,1781452690.0,1781452694.0,0,61,163 164 165 163 169 165 163 170 165 163 166 165 163 167 171 165 163 164 163 164 163 164 165 165 165 163 164 165 163 165 163 170 165 163 164 165 163 169 165 163 170 165 163 164 165 163 170 165 163 164 163 166 165 163 167 165 171 165 163 170 165,0.2167702168226242,1,2026-06-14 15:58:10+00:00,2026-06-14 15:58:14+00:00
all,verify_productcatalog_pod_failure_001,356290539,1781452695.0,1781452699.0,0,30,163 164 165 163 164 165 163 169 165 163 170 165 163 165 163 170 165 163 170 165 163 170 165 163 164 165 163 164 163 164,0.2064119130373001,1,2026-06-14 15:58:15+00:00,2026-06-14 15:58:19+00:00
all,verify_productcatalog_pod_failure_001,356290540,1781452700.0,1781452704.0,0,64,165 165 163 169 165 163 170 165 163 170 165 163 166 165 163 167 171 165 163 164 165 163 165 163 164 165 161 163 164 165 163 169 165 163 170 163 164 165 163 169 165 163 170 165 165 163 172 173 174 175 165 163 164 165 163 164 165 163 166 165 163 167 163 167,0.21908193826675415,1,2026-06-14 15:58:20+00:00,2026-06-14 15:58:24+00:00
all,verify_productcatalog_pod_failure_001,356290541,1781452705.0,1781452709.0,0,38,171 165 171 165 163 165 163 170 165 163 164 165 163 169 165 163 170 165 163 172 173 161 163 166 165 163 167 174 175 165 171 165 163 164 165 163 164 165,0.21631771326065063,1,2026-06-14 15:58:25+00:00,2026-06-14 15:58:29+00:00
all,verify_productcatalog_pod_failure_001,356290542,1781452710.0,1781452714.0,0,48,163 164 165 163 164 165 163 164 165 163 164 165 163 165 163 164 165 163 169 165 163 170 165 163 170 165 163 164 165 163 164 165 163 164 165 163 169 165 163 170 165 163 166 165 163 167 171 165,0.2164999544620514,1,2026-06-14 15:58:30+00:00,2026-06-14 15:58:34+00:00
all,verify_productcatalog_pod_failure_001,356290543,1781452715.0,1781452719.0,0,43,163 164 161 165 163 169 165 163 170 165 163 172 173 163 164 174 175 165 165 163 164 163 165 165 163 164 165 163 164 165 163 166 165 163 167 171 165 163 164 165 163 164 165,0.2160857617855072,1,2026-06-14 15:58:35+00:00,2026-06-14 15:58:39+00:00
all,verify_productcatalog_pod_failure_001,356290544,1781452720.0,1781452724.0,0,45,163 164 165 163 164 165 163 164 165 163 164 165 163 166 165 163 167 171 165 163 165 163 164 165 163 164 165 163 170 165 163 166 165 163 167 171 165 163 164 165 183 184 163 164 165,0.21516743302345276,1,2026-06-14 15:58:40+00:00,2026-06-14 15:58:44+00:00
all,verify_productcatalog_pod_failure_001,356290545,1781452725.0,1781452729.0,0,40,185 186 163 164 165 163 164 165 163 164 165 163 165 163 166 165 163 167 171 165 163 166 165 163 167 171 165 163 166 165 163 167 163 164 165 171 165 163 170 165,0.21528367698192596,1,2026-06-14 15:58:45+00:00,2026-06-14 15:58:49+00:00
all,verify_productcatalog_pod_failure_001,356290546,1781452730.0,1781452734.0,0,55,163 166 165 163 167 171 165 163 170 163 164 165 165 163 164 165 163 164 165 163 169 165 163 170 165 163 165 163 164 165 163 166 165 163 167 171 165 163 170 165 163 164 165 163 169 165 163 170 165 163 164 165 163 164 165,0.22049662470817566,1,2026-06-14 15:58:50+00:00,2026-06-14 15:58:54+00:00
all,verify_productcatalog_pod_failure_001,356290547,1781452735.0,1781452739.0,0,53,13 2 187 4 5 161 163 164 165 163 164 165 163 169 165 163 170 165 163 172 173 174 175 165 163 170 165 163 164 165 163 165 163 164 165 163 164 165 163 170 165 163 164 165 163 169 165 163 170 165 163 164 165,0.30064553022384644,1,2026-06-14 15:58:55+00:00,2026-06-14 15:58:59+00:00
all,verify_productcatalog_pod_failure_001,356290548,1781452740.0,1781452744.0,0,40,163 167 171 165 163 164 165 163 164 165 163 169 165 163 170 165 163 165 163 164 165 163 169 165 163 170 165 163 164 165 163 164 165 163 167 171 165 163 170 165,0.21509981155395508,1,2026-06-14 15:59:00+00:00,2026-06-14 15:59:04+00:00
all,verify_productcatalog_pod_failure_001,356290549,1781452745.0,1781452749.0,0,35,163 167 171 165 163 164 165 163 164 165 163 170 165 163 164 165 163 165 163 164 165 163 169 165 163 170 165 163 164 165 163 170 165 163 164,0.2070602923631668,1,2026-06-14 15:59:05+00:00,2026-06-14 15:59:09+00:00
all,verify_productcatalog_pod_failure_001,356290550,1781452750.0,1781452754.0,0,53,35 2 188 4 5 161 165 163 164 165 163 169 165 163 170 165 163 172 173 174 175 165 163 164 165 163 165 163 164 165 163 170 165 163 164 165 163 164 165 163 164 165 163 164 165 163 169 165 163 170 165 163 170,0.28373709321022034,1,2026-06-14 15:59:10+00:00,2026-06-14 15:59:14+00:00
all,verify_productcatalog_pod_failure_001,356290551,1781452755.0,1781452759.0,0,36,165 163 164 165 163 164 165 163 165 163 164 165 6 2 189 4 5 161 163 164 165 163 169 165 163 170 165 163 172 173 174 175 165 163 164 165,0.32234492897987366,1,2026-06-14 15:59:15+00:00,2026-06-14 15:59:19+00:00
all,verify_productcatalog_pod_failure_001,356290552,1781452760.0,1781452764.0,0,72,163 164 165 163 164 165 163 165 163 170 165 163 164 165 163 164 165 163 164 165 163 166 165 163 167 171 165 13 2 190 4 5 35 2 191 4 5 161 161 163 164 165 163 169 165 163 170 165 163 172 173 163 164 174 163 164 165 163 169 165 163 170 175 165 165 165 163 172 173 174 175 165,0.3323039710521698,1,2026-06-14 15:59:20+00:00,2026-06-14 15:59:24+00:00
all,verify_productcatalog_pod_failure_001,356290553,1781452765.0,1781452769.0,0,49,163 166 165 163 167 163 164 163 164 165 165 163 169 165 163 164 163 170 171 165 165 163 169 163 170 165 163 170 165 165 165 163 165 163 166 165 163 167 171 165 163 164 165 163 164 165 163 164 165,0.206407368183136,1,2026-06-14 15:59:25+00:00,2026-06-14 15:59:29+00:00
all,verify_productcatalog_pod_failure_001,356290554,1781452770.0,1781452774.0,0,30,163 166 165 163 167 171 163 164 165 165 163 164 165 163 165 163 164 165 163 164 165 163 164 165 163 164 165 163 164 165,0.20385392010211945,0,2026-06-14 15:59:30+00:00,2026-06-14 15:59:34+00:00
all,verify_productcatalog_pod_failure_001,356290555,1781452775.0,1781452779.0,0,43,163 164 165 163 166 165 163 167 163 164 165 171 165 163 164 165 163 169 165 163 170 165 163 165 163 164 165 163 167 171 165 163 164 165 163 164 163 170 165 165 163 170 165,0.20527072250843048,1,2026-06-14 15:59:35+00:00,2026-06-14 15:59:39+00:00
all,verify_productcatalog_pod_failure_001,356290556,1781452781.0,1781452784.0,0,62,163 164 165 163 164 165 163 165 1 2 192 4 5 161 163 167 163 164 165 163 169 165 163 170 171 165 165 163 172 173 163 164 165 174 175 165 163 164 165 163 169 165 163 170 163 166 165 163 167 165 163 164 165 171 165 163 164 165 163 167 171 165,0.3201885521411896,1,2026-06-14 15:59:41+00:00,2026-06-14 15:59:44+00:00
all,verify_productcatalog_pod_failure_001,356290557,1781452785.0,1781452789.0,0,51,163 170 165 163 164 165 163 165 163 170 165 163 164 165 163 166 165 163 167 163 164 165 163 169 165 163 170 165 171 165 163 170 165 163 164 165 163 164 165 163 164 165 163 169 165 163 170 165 163 164 165,0.20548900961875916,1,2026-06-14 15:59:45+00:00,2026-06-14 15:59:49+00:00
all,verify_productcatalog_pod_failure_001,356290558,1781452790.0,1781452794.0,0,74,163 164 165 163 164 165 163 169 165 163 170 165 163 165 10 2 193 4 5 161 163 164 165 163 164 165 163 169 165 163 170 165 163 172 173 174 175 165 163 170 165 10 2 194 4 5 161 163 164 165 163 169 165 163 170 165 163 172 173 174 175 165 163 167 163 166 165 171 163 167 165 163 164 165,0.3284973204135895,1,2026-06-14 15:59:50+00:00,2026-06-14 15:59:54+00:00
all,verify_productcatalog_pod_failure_001,356290559,1781452795.0,1781452799.0,0,36,171 165 163 164 165 163 170 165 163 167 163 164 165 171 165 163 165 163 164 165 163 166 165 163 167 171 165 163 164 165 163 164 165 163 170 165,0.20609024167060852,1,2026-06-14 15:59:55+00:00,2026-06-14 15:59:59+00:00
all,verify_productcatalog_pod_failure_001,356290560,1781452800.0,1781452804.0,0,39,163 166 165 163 167 171 165 163 165 163 166 165 163 167 163 167 163 164 165 163 169 165 163 170 163 166 165 163 167 165 163 164 165 163 164 165 163 164 165,0.2068580687046051,1,2026-06-14 16:00:00+00:00,2026-06-14 16:00:04+00:00
all,verify_productcatalog_pod_failure_001,356290561,1781452805.0,1781452809.0,0,37,163 167 163 164 165 163 169 165 163 170 163 170 171 165 165 165 163 165 171 165 163 164 165 171 165 163 170 165 163 164 165 163 167 171 171 165 165,0.20576578378677368,1,2026-06-14 16:00:05+00:00,2026-06-14 16:00:09+00:00
all,verify_productcatalog_pod_failure_001,356290562,1781452810.0,1781452814.0,0,39,163 164 165 163 169 165 163 170 165 163 170 165 163 164 165 163 164 165 163 165 163 166 165 163 167 163 164 165 171 165 163 164 165 163 170 165 163 164 165,0.20550072193145752,1,2026-06-14 16:00:10+00:00,2026-06-14 16:00:14+00:00
all,verify_productcatalog_pod_failure_001,356290563,1781452815.0,1781452819.0,0,27,163 166 165 163 167 171 165 163 164 165 163 165 163 164 165 163 164 165 163 164 165 163 164 165 163 170 165,0.1991456151008606,0,2026-06-14 16:00:15+00:00,2026-06-14 16:00:19+00:00
all,verify_productcatalog_pod_failure_001,356290564,1781452820.0,1781452824.0,0,47,163 164 165 163 164 165 163 164 165 163 164 165 163 164 165 163 165 163 164 165 163 164 165 163 164 165 163 170 165 163 164 165 163 169 165 163 170 163 170 165 165 163 164 165 163 164 165,0.20428800582885742,0,2026-06-14 16:00:20+00:00,2026-06-14 16:00:24+00:00
all,verify_productcatalog_pod_failure_001,356290565,1781452825.0,1781452829.0,0,52,1 2 195 4 5 161 163 164 165 163 169 165 163 170 165 163 172 173 174 175 165 163 164 165 163 169 165 163 170 165 163 164 165 163 165 163 164 165 163 164 165 163 164 165 163 170 165 163 166 165 163 167,0.2960319221019745,1,2026-06-14 16:00:25+00:00,2026-06-14 16:00:29+00:00
all,verify_productcatalog_pod_failure_001,356290566,1781452830.0,1781452834.0,0,43,163 164 165 163 169 165 163 170 171 165 165 163 165 163 164 165 163 170 165 163 166 165 163 167 163 167 171 171 165 165 163 164 165 163 169 163 166 165 163 167 165 163 170,0.21088802814483643,1,2026-06-14 16:00:30+00:00,2026-06-14 16:00:34+00:00
all,verify_productcatalog_pod_failure_001,356290567,1781452835.0,1781452839.0,0,38,163 164 165 165 163 164 165 163 164 165 171 165 163 170 165 163 165 163 170 165 163 164 165 163 164 165 163 164 165 163 169 165 163 170 165 163 170 165,0.21345441043376923,1,2026-06-14 16:00:35+00:00,2026-06-14 16:00:39+00:00
all,verify_productcatalog_pod_failure_001,356290568,1781452840.0,1781452844.0,0,59,163 164 165 163 164 165 163 164 165 163 166 165 163 167 163 165 171 165 163 166 165 163 167 171 165 10 2 196 4 5 161 163 164 165 163 169 165 163 170 165 163 172 173 174 175 165 163 166 165 163 167 171 165 163 170 165 163 164 165,0.32400810718536377,1,2026-06-14 16:00:40+00:00,2026-06-14 16:00:44+00:00
all,verify_productcatalog_pod_failure_001,356290569,1781452845.0,1781452849.0,0,45,163 170 165 163 164 165 163 165 163 170 165 163 164 165 163 164 165 163 164 165 163 170 165 163 167 171 165 163 164 165 163 169 165 163 170 165 163 164 165 163 169 165 163 170 165,0.21150492131710052,1,2026-06-14 16:00:45+00:00,2026-06-14 16:00:49+00:00
all,verify_productcatalog_pod_failure_001,356290570,1781452850.0,1781452854.0,0,41,163 170 163 164 163 170 165 165 165 163 164 165 163 169 165 163 170 165 163 165 163 164 165 163 164 165 163 170 165 163 164 165 163 169 165 163 170 163 164 165 165,0.21139949560165405,1,2026-06-14 16:00:50+00:00,2026-06-14 16:00:54+00:00
all,verify_productcatalog_pod_failure_001,356290571,1781452855.0,1781452859.0,0,53,163 164 163 164 165 165 163 165 163 164 165 163 166 165 163 167 163 167 171 165 171 165 13 163 167 163 164 165 171 165 163 164 165 163 169 165 163 170 165 163 172 173 2 197 4 5 161 174 175 165 163 164 165,0.30452069640159607,1,2026-06-14 16:00:55+00:00,2026-06-14 16:00:59+00:00
all,verify_productcatalog_pod_failure_001,356290572,1781452860.0,1781452864.0,0,27,163 164 165 163 164 165 163 170 165 163 165 163 164 165 163 164 165 163 170 165 163 167 163 164 165 171 165,0.20446376502513885,0,2026-06-14 16:01:00+00:00,2026-06-14 16:01:04+00:00
all,verify_productcatalog_pod_failure_001,356290573,1781452865.0,1781452869.0,0,44,163 166 165 163 167 171 165 163 166 165 163 167 163 164 165 171 165 163 164 165 163 165 163 164 165 163 166 165 163 167 163 164 165 171 165 163 164 165 163 170 165 163 164 165,0.19710275530815125,0,2026-06-14 16:01:05+00:00,2026-06-14 16:01:09+00:00
all,verify_productcatalog_pod_failure_001,356290574,1781452870.0,1781452874.0,0,28,163 170 165 163 164 165 163 165 163 164 165 163 164 165 163 169 165 163 170 163 164 165 165 163 169 165 163 170,0.1945115327835083,0,2026-06-14 16:01:10+00:00,2026-06-14 16:01:14+00:00
all,verify_productcatalog_pod_failure_001,356290575,1781452875.0,1781452879.0,0,52,165 163 164 165 163 169 165 163 170 165 163 164 165 163 164 165 163 164 165 163 165 163 166 165 163 167 171 165 163 166 165 163 167 163 170 165 171 165 163 164 165 163 164 165 163 164 165 163 170 165 163 164,0.19788256287574768,0,2026-06-14 16:01:15+00:00,2026-06-14 16:01:19+00:00
all,verify_productcatalog_pod_failure_001,356290576,1781452880.0,1781452884.0,0,28,165 163 165 163 164 165 163 169 165 163 170 165 163 167 171 165 163 164 165 163 164 165 163 170 165 163 170 165,0.19509798288345337,0,2026-06-14 16:01:20+00:00,2026-06-14 16:01:24+00:00
all,verify_productcatalog_pod_failure_001,356290577,1781452885.0,1781452889.0,0,30,163 164 165 163 164 165 163 165 163 164 165 163 166 165 163 167 171 165 163 164 165 163 164 165 163 170 165 163 164 165,0.19791638851165771,0,2026-06-14 16:01:25+00:00,2026-06-14 16:01:29+00:00
all,verify_productcatalog_pod_failure_001,356290578,1781452890.0,1781452894.0,0,50,163 164 165 163 164 165 163 169 165 163 170 165 163 166 165 163 167 171 165 163 165 163 164 165 163 164 165 163 164 165 163 166 165 163 167 171 165 163 166 165 163 167 171 165 163 164 165 163 164 165,0.19766773283481598,0,2026-06-14 16:01:30+00:00,2026-06-14 16:01:34+00:00
all,verify_productcatalog_pod_failure_001,356290579,1781452895.0,1781452899.0,0,87,163 164 165 163 169 165 163 170 165 163 164 165 163 165 163 170 165 163 164 165 163 164 165 163 164 163 164 165 165 163 169 165 163 170 165 163 166 165 163 167 1 6 2 198 4 5 2 199 4 5 161 161 163 164 163 164 165 163 169 165 163 170 165 163 169 165 163 170 171 165 165 163 172 173 163 170 165 163 172 173 174 175 165 174 165 175 165,0.30416789650917053,1,2026-06-14 16:01:35+00:00,2026-06-14 16:01:39+00:00
all,verify_productcatalog_pod_failure_001,356290580,1781452900.0,1781452903.0,0,37,163 164 165 163 169 165 163 170 165 163 164 165 163 167 171 165 163 170 165 163 165 163 170 163 164 165 165 163 164 165 163 166 165 163 167 171 165,0.19978949427604675,0,2026-06-14 16:01:40+00:00,2026-06-14 16:01:43+00:00
all,verify_productcatalog_pod_failure_001,356290581,1781452905.0,1781452909.0,0,53,163 164 165 163 164 165 163 164 165 163 165 163 164 165 163 164 165 163 169 165 163 170 165 163 164 165 163 164 165 163 169 165 163 170 163 170 165 165 163 164 165 163 164 165 163 164 165 163 169 165 163 170 165,0.19756264984607697,0,2026-06-14 16:01:45+00:00,2026-06-14 16:01:49+00:00
all,verify_productcatalog_pod_failure_001,356290582,1781452910.0,1781452914.0,0,41,163 164 165 163 166 165 163 164 163 167 165 171 165 163 165 163 167 171 165 163 164 165 163 169 165 163 170 165 163 164 165 163 164 165 163 166 165 163 167 171 165,0.19760653376579285,0,2026-06-14 16:01:50+00:00,2026-06-14 16:01:54+00:00
all,verify_productcatalog_pod_failure_001,356290583,1781452915.0,1781452919.0,0,41,163 164 165 163 164 165 163 164 165 163 165 163 164 165 163 164 165 163 164 165 163 164 165 163 164 165 163 169 165 163 170 165 163 170 165 163 164 165 163 164 165,0.19732598960399628,0,2026-06-14 16:01:55+00:00,2026-06-14 16:01:59+00:00
all,verify_productcatalog_pod_failure_001,356290584,1781452920.0,1781452923.0,0,61,163 164 165 163 166 165 163 167 163 164 165 163 169 165 163 170 163 164 171 165 165 165 163 164 165 163 165 163 164 165 163 169 165 163 170 165 163 167 171 165 163 170 163 164 165 165 163 164 163 164 165 165 163 164 165 163 169 165 163 170 165,0.2000247985124588,0,2026-06-14 16:02:00+00:00,2026-06-14 16:02:03+00:00
all,verify_productcatalog_pod_failure_001,356290585,1781452925.0,1781452929.0,0,87,163 164 165 163 169 165 163 170 165 163 165 163 164 165 163 166 165 163 167 171 165 163 170 165 163 164 165 163 164 165 163 169 165 163 170 1 2 3 4 5 6 2 7 4 5 161 161 165 163 172 173 163 164 165 163 169 165 163 170 163 164 163 164 163 164 174 165 165 163 169 175 165 165 163 170 165 165 163 164 165 163 172 173 165 174 175 165,0.30075231194496155,1,2026-06-14 16:02:05+00:00,2026-06-14 16:02:09+00:00
all,verify_productcatalog_pod_failure_001,356290586,1781452931.0,1781452934.0,0,61,163 165 163 164 165 163 169 163 164 165 163 170 165 163 169 165 163 170 165 163 164 163 170 165 165 163 164 165 165 163 164 165 163 170 165 8 2 9 4 5 161 163 166 165 163 167 171 165 163 164 165 163 169 165 163 170 165 163 172 173 174,0.26615771651268005,1,2026-06-14 16:02:11+00:00,2026-06-14 16:02:14+00:00
all,verify_productcatalog_pod_failure_001,356290587,1781452935.0,1781452939.0,0,40,175 165 163 164 165 163 165 163 170 165 163 164 165 163 164 165 163 169 165 163 170 165 163 170 165 163 170 165 163 164 165 163 170 165 163 170 165 163 164 165,0.19763043522834778,0,2026-06-14 16:02:15+00:00,2026-06-14 16:02:19+00:00
all,verify_productcatalog_pod_failure_001,356290588,1781452940.0,1781452944.0,0,36,163 170 165 163 164 165 163 164 165 163 165 163 164 165 163 164 165 163 164 165 163 164 165 163 164 165 163 164 165 163 169 165 163 170 163 164,0.20034055411815643,0,2026-06-14 16:02:20+00:00,2026-06-14 16:02:24+00:00
all,verify_productcatalog_pod_failure_001,356290589,1781452945.0,1781452949.0,0,37,165 163 169 165 163 170 163 170 163 164 165 165 165 165 163 165 163 167 171 165 163 164 165 163 170 165 163 164 165 163 164 165 163 164 165 163 169,0.19936135411262512,0,2026-06-14 16:02:25+00:00,2026-06-14 16:02:29+00:00
all,verify_productcatalog_pod_failure_001,356290590,1781452950.0,1781452954.0,0,41,165 163 170 163 167 165 171 165 163 170 165 163 164 165 163 170 165 163 165 163 166 165 163 167 163 164 165 171 165 163 164 165 163 164 165 163 169 165 163 170 165,0.1966879963874817,0,2026-06-14 16:02:30+00:00,2026-06-14 16:02:34+00:00
all,verify_productcatalog_pod_failure_001,356290591,1781452955.0,1781452958.0,0,35,163 164 165 163 164 165 163 164 165 163 164 165 163 164 165 163 169 165 163 170 165 163 165 163 164 165 163 169 165 163 170 165 163 164 165,0.19927801191806793,0,2026-06-14 16:02:35+00:00,2026-06-14 16:02:38+00:00
all,verify_productcatalog_pod_failure_001,356290592,1781452960.0,1781452964.0,0,81,163 164 165 163 164 165 163 169 165 163 164 163 170 165 165 10 2 11 4 5 161 163 164 165 163 169 165 163 170 165 163 172 173 163 165 174 175 165 163 164 165 163 166 165 163 167 171 165 163 164 165 163 164 165 163 164 165 163 166 165 163 167 163 164 163 164 165 163 169 165 163 170 165 165 163 166 165 163 167 171 165,0.3063127100467682,1,2026-06-14 16:02:40+00:00,2026-06-14 16:02:44+00:00
all,verify_productcatalog_pod_failure_001,356290593,1781452965.0,1781452968.0,0,42,171 165 163 167 171 165 163 165 10 2 12 4 5 161 163 166 165 163 167 171 165 163 164 165 163 169 165 163 170 165 163 172 173 174 175 165 163 164 165 163 170 165,0.3068964183330536,1,2026-06-14 16:02:45+00:00,2026-06-14 16:02:48+00:00
all,verify_productcatalog_pod_failure_001,356290594,1781452970.0,1781452974.0,0,53,163 164 165 163 170 165 163 166 165 163 167 171 165 163 167 171 165 163 165 163 170 165 163 166 165 163 167 171 165 163 164 165 163 164 165 163 164 165 163 170 165 163 164 165 163 164 165 163 169 165 163 170 165,0.19827069342136383,0,2026-06-14 16:02:50+00:00,2026-06-14 16:02:54+00:00
all,verify_productcatalog_pod_failure_001,356290595,1781452975.0,1781452979.0,0,87,13 2 14 4 5 161 163 170 165 163 164 165 163 169 165 163 170 165 163 164 165 163 169 165 163 170 165 163 172 173 174 175 165 163 166 165 163 167 163 164 165 171 165 163 165 10 2 15 4 5 161 163 170 165 163 164 165 163 169 165 163 170 165 163 172 173 163 164 174 165 175 165 163 164 165 163 164 165 163 164 165 163 169 165 163 170 165,0.30731308460235596,1,2026-06-14 16:02:55+00:00,2026-06-14 16:02:59+00:00
all,verify_productcatalog_pod_failure_001,356290596,1781452980.0,1781452984.0,0,29,163 164 163 164 165 165 163 169 165 163 170 165 163 165 163 164 165 163 164 165 163 164 165 163 164 165 163 164 165,0.19647784531116486,0,2026-06-14 16:03:00+00:00,2026-06-14 16:03:04+00:00
all,verify_productcatalog_pod_failure_001,356290597,1781452985.0,1781452989.0,0,74,163 164 165 163 164 163 170 163 170 165 163 164 165 165 165 163 164 165 163 165 163 164 165 163 169 165 163 170 165 10 2 16 4 5 161 163 166 165 163 167 171 165 163 164 165 163 164 165 163 169 165 163 170 165 163 172 173 163 170 174 175 165 163 170 165 165 163 164 165 163 169 165 163 170,0.3135671317577362,1,2026-06-14 16:03:05+00:00,2026-06-14 16:03:09+00:00
all,verify_productcatalog_pod_failure_001,356290598,1781452990.0,1781452994.0,0,44,165 163 165 163 164 165 163 164 165 163 166 165 163 167 163 164 165 163 169 6 2 17 4 5 161 165 163 170 163 167 171 165 163 164 165 163 172 173 165 174 175 165 171 165,0.316981703042984,1,2026-06-14 16:03:10+00:00,2026-06-14 16:03:14+00:00
all,verify_productcatalog_pod_failure_001,356290599,1781452995.0,1781452999.0,0,52,163 166 165 163 167 163 170 171 165 165 163 170 165 163 170 163 164 165 165 163 170 165 163 165 163 170 165 163 164 165 163 164 165 163 166 165 163 167 163 164 165 163 169 165 163 170 165 171 165 163 170 165,0.20481939613819122,0,2026-06-14 16:03:15+00:00,2026-06-14 16:03:19+00:00
all,verify_productcatalog_pod_failure_001,356290600,1781453001.0,1781453004.0,0,60,163 164 165 163 165 163 170 165 163 164 165 163 169 165 163 170 165 163 166 165 163 167 171 165 163 170 165 6 2 18 4 5 161 163 164 165 163 169 165 163 170 165 163 172 173 174 175 165 163 164 165 163 169 165 163 170 165 163 164 165,0.3148646354675293,1,2026-06-14 16:03:21+00:00,2026-06-14 16:03:24+00:00
all,verify_productcatalog_pod_failure_001,356290601,1781453005.0,1781453009.0,0,56,163 167 171 165 163 165 163 164 165 163 169 165 163 170 165 163 164 163 170 165 165 163 164 165 163 164 165 163 164 165 163 169 165 163 170 10 2 19 4 5 161 165 163 172 173 174 175 165 163 164 163 166 165 165 163 167,0.2752561569213867,1,2026-06-14 16:03:25+00:00,2026-06-14 16:03:29+00:00
all,verify_productcatalog_pod_failure_001,356290602,1781453010.0,1781453014.0,0,35,171 165 163 164 163 170 165 165 163 164 165 163 167 171 165 163 165 163 164 165 163 164 165 163 170 165 163 164 165 163 164 165 163 164 165,0.20612116158008575,1,2026-06-14 16:03:30+00:00,2026-06-14 16:03:34+00:00
all,verify_productcatalog_pod_failure_001,356290603,1781453016.0,1781453019.0,0,21,163 165 163 164 165 163 164 165 163 166 165 163 167 163 170 165 171 165 163 164 165,0.18255196511745453,0,2026-06-14 16:03:36+00:00,2026-06-14 16:03:39+00:00
all,verify_productcatalog_pod_failure_001,356290604,1781453020.0,1781453024.0,0,29,163 164 165 163 164 165 163 165 163 164 165 163 164 165 163 164 165 163 164 165 163 164 165 163 164 165 163 164 165,0.20189997553825378,0,2026-06-14 16:03:40+00:00,2026-06-14 16:03:44+00:00
all,verify_productcatalog_pod_failure_001,356290605,1781453025.0,1781453029.0,0,39,163 164 165 163 167 163 170 165 171 165 163 165 163 164 165 163 164 165 163 169 165 163 170 165 163 164 165 163 164 165 163 164 165 163 169 165 163 170 165,0.20279984176158905,0,2026-06-14 16:03:45+00:00,2026-06-14 16:03:49+00:00
all,verify_productcatalog_pod_failure_001,356290606,1781453030.0,1781453034.0,0,41,163 164 165 163 166 165 163 167 163 166 165 163 167 171 165 171 165 163 170 165 163 164 165 163 169 165 163 170 165 163 165 163 166 165 163 167 171 165 163 164 165,0.20146794617176056,0,2026-06-14 16:03:50+00:00,2026-06-14 16:03:54+00:00
all,verify_productcatalog_pod_failure_001,356290607,1781453035.0,1781453038.0,0,45,163 164 163 164 165 165 163 164 165 163 164 165 163 164 165 163 170 165 163 164 163 164 165 165 163 165 163 164 165 163 164 165 163 169 165 163 170 165 163 167 171 165 163 164 165,0.2009122669696808,0,2026-06-14 16:03:55+00:00,2026-06-14 16:03:58+00:00
all,verify_productcatalog_pod_failure_001,356290608,1781453041.0,1781453044.0,0,52,10 2 20 4 5 161 163 164 163 166 165 163 167 165 163 169 165 163 170 165 163 172 173 163 165 174 175 165 171 165 163 164 165 163 164 165 163 164 165 163 167 171 165 163 170 165 163 164 165 163 170 165,0.2762605845928192,1,2026-06-14 16:04:01+00:00,2026-06-14 16:04:04+00:00
all,verify_productcatalog_pod_failure_001,356290609,1781453045.0,1781453049.0,0,51,163 164 165 163 164 165 163 165 163 164 165 163 170 165 163 164 165 163 170 165 8 2 21 4 5 161 163 164 165 163 169 165 163 170 165 163 172 173 174 175 165 163 166 165 163 167 163 164 165 171 165,0.3072664737701416,1,2026-06-14 16:04:05+00:00,2026-06-14 16:04:09+00:00
all,verify_productcatalog_pod_failure_001,356290610,1781453050.0,1781453054.0,0,41,163 166 165 163 167 171 165 163 164 165 163 164 165 163 165 163 170 165 163 166 165 163 167 163 164 165 163 169 165 163 170 165 163 167 171 165 171 165 163 170 165,0.20143945515155792,0,2026-06-14 16:04:10+00:00,2026-06-14 16:04:14+00:00
all,verify_productcatalog_pod_failure_001,356290611,1781453055.0,1781453059.0,0,78,163 164 165 163 169 165 163 170 163 166 165 163 167 165 171 165 163 164 165 163 164 165 163 169 165 163 170 165 163 164 165 163 167 163 165 171 165 163 164 165 163 169 165 163 170 8 2 22 4 5 161 163 164 165 163 172 173 165 174 175 165 163 164 165 163 164 165 163 169 165 163 170 165 163 164 163 164 165,0.2895161509513855,1,2026-06-14 16:04:15+00:00,2026-06-14 16:04:19+00:00
all,verify_productcatalog_pod_failure_001,356290612,1781453060.0,1781453064.0,0,33,165 163 164 165 163 169 165 163 170 165 163 165 163 164 165 163 164 165 163 164 165 163 164 165 163 169 165 163 170 165 163 164 165,0.2029772698879242,0,2026-06-14 16:04:20+00:00,2026-06-14 16:04:24+00:00
all,verify_productcatalog_pod_failure_001,356290613,1781453065.0,1781453069.0,0,62,163 166 165 163 167 171 165 163 164 165 163 169 165 163 170 165 163 166 165 163 167 171 165 163 165 163 166 165 163 167 163 164 163 164 171 165 165 165 163 169 165 163 170 165 163 164 165 163 169 165 163 170 165 163 164 165 163 164 165 163 164 165,0.2037944793701172,0,2026-06-14 16:04:25+00:00,2026-06-14 16:04:29+00:00
all,verify_productcatalog_pod_failure_001,356290614,1781453070.0,1781453074.0,0,58,163 164 165 163 169 165 163 170 165 163 164 165 163 169 165 163 170 163 165 165 163 166 165 163 167 171 165 163 170 165 163 167 163 164 165 163 164 165 163 169 165 163 170 165 163 170 171 165 165 163 164 165 163 169 165 163 170 165,0.2020363211631775,0,2026-06-14 16:04:30+00:00,2026-06-14 16:04:34+00:00
all,verify_productcatalog_pod_failure_001,356290615,1781453075.0,1781453078.0,0,27,163 166 165 163 167 171 165 163 164 165 163 165 163 164 165 163 164 165 163 164 165 163 170 165 163 170 165,0.19549451768398285,0,2026-06-14 16:04:35+00:00,2026-06-14 16:04:38+00:00
all,verify_productcatalog_pod_failure_001,356290616,1781453080.0,1781453084.0,0,42,163 164 165 163 164 165 163 164 165 163 166 165 163 167 163 164 163 164 165 165 163 169 165 163 170 165 163 165 163 164 165 163 164 171 165 165 163 164 165 163 170 165,0.20018069446086884,0,2026-06-14 16:04:40+00:00,2026-06-14 16:04:44+00:00
all,verify_productcatalog_pod_failure_001,356290617,1781453085.0,1781453089.0,0,42,163 166 165 163 167 163 170 171 165 165 163 164 165 10 163 164 165 163 165 163 164 165 163 169 165 163 170 165 163 172 173 2 23 4 5 161 174 175 165 163 170 165,0.2865162789821625,1,2026-06-14 16:04:45+00:00,2026-06-14 16:04:49+00:00
all,verify_productcatalog_pod_failure_001,356290618,1781453090.0,1781453094.0,0,82,163 164 165 163 164 165 163 166 165 163 167 163 164 165 163 166 165 163 167 163 164 165 163 169 165 163 170 163 165 165 1 2 24 4 5 161 163 164 165 163 169 165 163 170 171 171 165 165 165 163 172 173 174 175 165 163 164 165 10 2 25 4 5 161 163 164 165 163 169 165 163 170 165 163 172 173 174 163 170 175 165 165,0.3188348114490509,1,2026-06-14 16:04:50+00:00,2026-06-14 16:04:54+00:00
all,verify_productcatalog_pod_failure_001,356290619,1781453095.0,1781453099.0,0,26,163 164 165 163 164 165 163 165 163 164 165 163 170 163 164 165 165 163 164 165 163 164 165 163 164 165,0.19406245648860931,0,2026-06-14 16:04:55+00:00,2026-06-14 16:04:59+00:00
all,verify_productcatalog_pod_failure_001,356290620,1781453100.0,1781453104.0,0,54,163 164 165 163 166 165 163 167 163 164 165 163 165 171 165 163 164 165 163 169 165 163 170 165 163 164 165 163 164 165 10 2 26 4 5 161 163 164 165 163 164 165 163 169 165 163 170 165 163 172 173 174 175 165,0.29015833139419556,1,2026-06-14 16:05:00+00:00,2026-06-14 16:05:04+00:00
all,verify_productcatalog_pod_failure_001,356290621,1781453105.0,1781453109.0,0,64,163 164 165 163 164 165 163 170 165 163 164 165 163 164 165 163 165 163 164 165 163 170 163 164 165 165 163 169 165 163 170 10 2 27 4 5 161 165 163 172 173 163 164 165 163 169 165 174 163 170 175 165 165 163 164 165 163 166 165 163 167 163 164 165,0.29964110255241394,1,2026-06-14 16:05:05+00:00,2026-06-14 16:05:09+00:00
all,verify_productcatalog_pod_failure_001,356290622,1781453110.0,1781453114.0,0,63,163 166 165 163 167 171 165 171 165 163 164 165 163 164 165 163 165 1 2 28 4 5 161 163 164 165 163 164 165 163 164 165 163 169 165 163 170 165 163 172 173 174 175 165 163 164 165 163 164 165 163 167 163 170 165 171 165 163 164 165 163 170 165,0.31328240036964417,1,2026-06-14 16:05:10+00:00,2026-06-14 16:05:14+00:00
all,verify_productcatalog_pod_failure_001,356290623,1781453115.0,1781453117.0,1,49,10 163 164 165 163 164 165 163 164 165 163 164 165 163 169 165 163 170 165 163 172 173 2 29 4 5 161 174 175 165 163 164 165 163 169 165 163 170 165 163 165 163 170 163 164 176 165 177 165,0.3177233040332794,1,2026-06-14 16:05:15+00:00,2026-06-14 16:05:17+00:00
all,verify_productcatalog_pod_failure_001,356290624,1781453120.0,1781453124.0,1,59,163 170 177 165 163 164 176 165 163 165 163 170 163 164 176 165 177 165 1 2 30 4 5 161 163 164 176 165 163 169 176 165 163 172 173 174 175 165 163 164 176 165 163 164 176 165 163 170 177 176 165 163 167 176 165 163 164 176 165,0.349809855222702,1,2026-06-14 16:05:20+00:00,2026-06-14 16:05:24+00:00
all,verify_productcatalog_pod_failure_001,356290625,1781453125.0,1781453129.0,1,76,10 163 164 176 165 163 169 176 165 163 172 173 175 176 165 163 164 176 165 163 166 165 163 167 176 165 163 164 176 165 163 165 163 164 176 165 163 164 176 165 163 164 176 165 163 169 176 165 163 170 177 165 163 164 176 165 163 164 176 165 163 164 176 165 163 164 176 165 163 170 177 165 163 164 176 165,0.3540278971195221,1,2026-06-14 16:05:25+00:00,2026-06-14 16:05:29+00:00
all,verify_productcatalog_pod_failure_001,356290626,1781453130.0,1781453134.0,1,31,163 164 176 165 163 164 176 165 163 164 176 165 163 165 163 164 176 165 163 169 176 165 163 164 176 165 163 170 177 176 165,0.3533509075641632,1,2026-06-14 16:05:30+00:00,2026-06-14 16:05:34+00:00
all,verify_productcatalog_pod_failure_001,356290627,1781453135.0,1781453139.0,1,61,163 164 176 165 163 164 176 165 163 169 176 165 163 165 163 164 176 165 163 170 177 165 13 2 31 4 5 161 163 164 176 165 163 164 176 165 163 169 176 165 163 164 176 165 163 169 176 165 163 172 173 174 175 165 163 166 165 163 167 176 165,0.3469637930393219,1,2026-06-14 16:05:35+00:00,2026-06-14 16:05:39+00:00
all,verify_productcatalog_pod_failure_001,356290628,1781453140.0,1781453143.0,1,62,10 2 32 4 5 161 163 164 176 165 163 169 176 165 163 172 173 174 175 165 163 164 176 165 163 166 165 163 167 176 165 163 170 163 164 176 165 177 176 165 163 165 163 170 177 176 165 163 164 176 165 163 164 176 165 163 166 165 163 167 176 165,0.34340018033981323,1,2026-06-14 16:05:40+00:00,2026-06-14 16:05:43+00:00
all,verify_productcatalog_pod_failure_001,356290629,1781453145.0,1781453149.0,1,58,163 170 177 165 163 164 176 165 163 165 163 164 176 165 163 164 176 165 163 164 176 165 163 164 176 165 1 2 33 4 5 161 163 164 176 165 163 169 176 165 163 164 176 165 163 169 176 165 163 172 173 174 175 165 163 164 176 165,0.353111207485199,1,2026-06-14 16:05:45+00:00,2026-06-14 16:05:49+00:00
all,verify_productcatalog_pod_failure_001,356290630,1781453150.0,1781453154.0,1,52,163 164 176 165 163 169 176 165 163 167 176 165 163 164 176 165 163 166 165 163 167 176 165 163 166 165 163 167 176 165 163 165 163 164 176 165 163 164 176 165 163 169 176 165 163 164 176 165 163 164 176 165,0.3367568850517273,1,2026-06-14 16:05:50+00:00,2026-06-14 16:05:54+00:00
all,verify_productcatalog_pod_failure_001,356290631,1781453156.0,1781453158.0,1,73,163 165 8 163 164 176 165 163 169 176 165 163 164 176 165 163 169 176 165 163 172 173 175 176 165 10 2 34 4 5 161 163 164 176 165 163 164 176 165 163 164 176 165 163 169 176 165 163 164 176 165 163 169 176 165 163 172 173 174 175 165 163 164 176 165 163 164 176 165 163 170 177 165,0.35804328322410583,1,2026-06-14 16:05:56+00:00,2026-06-14 16:05:58+00:00
all,verify_productcatalog_pod_failure_001,356290632,1781453160.0,1781453164.0,1,26,163 164 176 165 163 164 176 165 163 164 176 165 163 169 176 165 163 165 163 164 176 165 163 164 176 165,0.3452708423137665,1,2026-06-14 16:06:00+00:00,2026-06-14 16:06:04+00:00
all,verify_productcatalog_pod_failure_001,356290633,1781453165.0,1781453169.0,1,69,163 164 176 165 163 166 165 163 167 176 165 163 165 35 163 164 176 165 163 164 176 165 163 164 176 165 163 164 176 165 163 169 176 165 163 164 176 165 163 169 176 165 163 172 173 175 176 165 163 170 177 176 165 163 164 176 165 163 169 176 165 163 170 177 165 163 167 176 165,0.34880363941192627,1,2026-06-14 16:06:05+00:00,2026-06-14 16:06:09+00:00
all,verify_productcatalog_pod_failure_001,356290634,1781453171.0,1781453174.0,1,34,163 164 176 165 163 169 176 165 163 165 163 164 176 165 163 169 176 165 163 167 176 165 163 164 176 165 163 164 176 165 163 164 176 165,0.3502140939235687,1,2026-06-14 16:06:11+00:00,2026-06-14 16:06:14+00:00
all,verify_productcatalog_pod_failure_001,356290635,1781453175.0,1781453179.0,1,37,163 164 176 165 163 164 176 165 163 164 176 165 163 164 176 165 163 165 163 164 176 165 163 164 176 165 163 164 176 165 163 166 165 163 167 176 165,0.3467768132686615,1,2026-06-14 16:06:15+00:00,2026-06-14 16:06:19+00:00
all,verify_productcatalog_pod_failure_001,356290636,1781453180.0,1781453184.0,1,45,163 164 176 165 163 164 176 165 163 165 163 164 176 163 164 163 176 170 165 165 163 166 165 163 170 163 167 177 176 165 163 164 176 165 177 176 165 165 163 166 165 163 167 176 165,0.35274699330329895,1,2026-06-14 16:06:20+00:00,2026-06-14 16:06:24+00:00
all,verify_productcatalog_pod_failure_001,356290637,1781453186.0,1781453189.0,1,65,163 164 176 165 163 165 163 164 176 165 163 164 176 165 163 164 176 165 163 166 165 163 167 176 165 163 170 177 165 1 2 36 4 5 161 163 164 176 165 163 169 176 165 163 172 173 174 175 165 163 164 176 165 163 170 177 165 163 164 176 165 163 169 176 165,0.3574051856994629,1,2026-06-14 16:06:26+00:00,2026-06-14 16:06:29+00:00
all,verify_productcatalog_pod_failure_001,356290638,1781453190.0,1781453194.0,1,65,163 164 176 165 163 164 176 165 163 165 163 164 176 165 163 164 176 165 163 164 176 165 163 164 176 165 163 169 176 165 163 164 176 165 163 169 176 165 1 163 170 163 164 176 165 177 165 163 164 176 165 163 169 176 165 163 172 173 175 176 165 163 164 176 165,0.36065882444381714,1,2026-06-14 16:06:30+00:00,2026-06-14 16:06:34+00:00
all,verify_productcatalog_pod_failure_001,356290639,1781453195.0,1781453199.0,1,50,163 164 176 165 163 170 177 165 163 165 163 164 176 165 163 164 176 165 163 164 176 165 163 164 176 165 163 164 176 165 163 164 176 165 163 169 176 165 163 164 176 165 163 164 176 165 163 164 176 165,0.34946224093437195,1,2026-06-14 16:06:35+00:00,2026-06-14 16:06:39+00:00
all,verify_productcatalog_pod_failure_001,356290640,1781453200.0,1781453204.0,1,40,163 164 176 165 163 164 176 165 163 169 176 165 163 165 163 170 177 165 163 166 165 163 167 176 165 10 163 164 176 165 163 169 176 165 163 172 173 175 176 165,0.34782692790031433,1,2026-06-14 16:06:40+00:00,2026-06-14 16:06:44+00:00
all,verify_productcatalog_pod_failure_001,356290641,1781453205.0,1781453209.0,1,58,163 164 176 165 163 169 176 165 163 165 163 164 176 165 163 164 176 165 163 164 176 165 163 164 176 165 163 164 176 165 163 170 177 165 163 164 176 165 163 164 176 165 163 164 176 165 163 164 176 165 163 164 176 165 163 164 176 165,0.35930249094963074,1,2026-06-14 16:06:45+00:00,2026-06-14 16:06:49+00:00
all,verify_productcatalog_pod_failure_001,356290642,1781453210.0,1781453214.0,1,21,163 164 176 165 163 164 176 165 163 166 165 163 167 176 165 163 165 163 164 176 165,0.3285669684410095,1,2026-06-14 16:06:50+00:00,2026-06-14 16:06:54+00:00
all,verify_productcatalog_pod_failure_001,356290643,1781453216.0,1781453219.0,1,48,163 164 176 165 163 169 176 165 163 165 163 164 176 165 163 164 176 165 163 167 176 165 163 164 176 165 163 164 176 165 163 166 165 163 167 176 165 163 166 165 163 167 176 165 163 164 176 165,0.3489301800727844,1,2026-06-14 16:06:56+00:00,2026-06-14 16:06:59+00:00
all,verify_productcatalog_pod_failure_001,356290644,1781453220.0,1781453223.0,1,37,163 164 176 165 163 164 176 165 163 165 163 164 176 165 163 164 176 165 163 164 176 165 163 164 176 165 163 164 176 165 163 166 165 163 167 176 165,0.3533804416656494,1,2026-06-14 16:07:00+00:00,2026-06-14 16:07:03+00:00
all,verify_productcatalog_pod_failure_001,356290645,1781453225.0,1781453229.0,1,57,163 170 177 165 163 164 176 165 163 164 176 165 163 165 163 170 177 165 163 170 177 165 163 164 176 163 164 176 165 165 163 167 176 165 163 164 176 165 163 169 176 165 163 164 176 165 163 164 176 165 163 166 165 163 167 176 165,0.3590085804462433,1,2026-06-14 16:07:05+00:00,2026-06-14 16:07:09+00:00
all,verify_productcatalog_pod_failure_001,356290646,1781453230.0,1781453234.0,1,62,163 164 176 165 163 169 176 165 163 170 177 165 163 165 163 167 176 165 163 164 176 165 163 169 176 165 10 2 37 4 5 161 163 170 177 165 163 164 176 165 163 164 176 165 163 169 176 165 163 172 173 174 175 165 163 170 177 165 163 164 176 165,0.3629767596721649,1,2026-06-14 16:07:10+00:00,2026-06-14 16:07:14+00:00
all,verify_productcatalog_pod_failure_001,356290647,1781453235.0,1781453239.0,1,41,163 164 176 165 163 165 163 164 176 165 163 164 176 165 163 164 176 165 163 164 176 165 163 164 176 165 178 179 180 181 163 166 165 163 167 176 165 163 164 176 165,0.33913904428482056,1,2026-06-14 16:07:15+00:00,2026-06-14 16:07:19+00:00
all,verify_productcatalog_pod_failure_001,356290648,1781453240.0,1781453244.0,1,42,163 164 176 165 163 169 176 165 163 166 165 163 167 176 165 163 164 176 165 163 164 176 165 163 165 163 164 176 165 163 164 176 165 163 170 177 165 163 170 177 176 165,0.35299739241600037,1,2026-06-14 16:07:20+00:00,2026-06-14 16:07:24+00:00
all,verify_productcatalog_pod_failure_001,356290649,1781453245.0,1781453249.0,1,53,163 164 176 165 163 164 176 165 163 164 176 165 163 169 176 165 163 165 163 164 176 165 163 164 176 165 163 169 176 165 163 164 176 165 163 170 177 165 163 164 176 165 163 164 176 165 163 166 165 163 167 176 165,0.3540295362472534,1,2026-06-14 16:07:25+00:00,2026-06-14 16:07:29+00:00
all,verify_productcatalog_pod_failure_001,356290650,1781453250.0,1781453254.0,1,49,8 163 164 176 165 163 169 176 165 163 172 173 175 176 165 163 164 176 165 163 165 163 164 176 165 163 164 176 165 163 164 176 165 163 164 176 165 163 164 176 165 163 169 176 165 163 167 176 165,0.34911105036735535,1,2026-06-14 16:07:30+00:00,2026-06-14 16:07:34+00:00
all,verify_productcatalog_pod_failure_001,356290651,1781453256.0,1781453259.0,1,63,163 170 177 165 163 170 177 165 163 165 10 2 38 4 5 161 163 164 176 165 163 169 176 163 164 165 176 165 163 172 173 174 175 165 163 164 176 165 163 166 165 163 167 176 165 163 166 165 163 167 176 165 163 166 165 163 167 176 165 163 170 177 165,0.3563462495803833,1,2026-06-14 16:07:36+00:00,2026-06-14 16:07:39+00:00
all,verify_productcatalog_pod_failure_001,356290652,1781453260.0,1781453264.0,1,65,13 163 164 176 165 163 169 176 165 163 172 173 175 176 165 163 167 176 165 163 170 177 176 165 163 165 163 164 176 165 163 164 176 165 163 169 176 165 163 166 165 163 167 176 165 1 2 39 4 5 161 163 164 176 165 163 169 176 165 163 172 173 174 175 165,0.35824674367904663,1,2026-06-14 16:07:40+00:00,2026-06-14 16:07:44+00:00
all,verify_productcatalog_pod_failure_001,356290653,1781453265.0,1781453269.0,1,56,163 164 176 165 163 166 165 163 167 176 165 163 166 165 163 167 176 165 163 165 163 164 176 165 163 164 176 165 163 164 176 165 163 164 176 165 163 164 176 165 163 169 176 165 163 164 176 165 163 164 176 165 163 169 176 165,0.34692060947418213,1,2026-06-14 16:07:45+00:00,2026-06-14 16:07:49+00:00
all,verify_productcatalog_pod_failure_001,356290654,1781453270.0,1781453274.0,1,44,163 166 165 163 167 176 165 163 165 163 166 165 163 167 176 163 164 176 165 165 163 164 176 165 163 169 176 165 163 164 176 165 163 164 176 165 163 164 176 165 163 164 176 165,0.3569338619709015,1,2026-06-14 16:07:50+00:00,2026-06-14 16:07:54+00:00
all,verify_productcatalog_pod_failure_001,356290655,1781453276.0,1781453279.0,1,54,163 165 163 164 176 165 163 164 176 165 8 163 164 176 165 163 169 176 165 163 172 173 175 176 165 163 170 177 176 165 163 170 177 165 163 164 176 165 163 164 176 165 163 169 176 165 163 167 176 165 163 164 176 165,0.36217984557151794,1,2026-06-14 16:07:56+00:00,2026-06-14 16:07:59+00:00
all,verify_productcatalog_pod_failure_001,356290656,1781453280.0,1781453284.0,1,39,163 164 176 165 163 170 177 176 165 163 170 177 165 163 165 163 164 176 165 163 164 176 165 163 167 176 165 163 164 176 165 163 170 177 165 163 170 177 165,0.36950671672821045,1,2026-06-14 16:08:00+00:00,2026-06-14 16:08:04+00:00
all,verify_productcatalog_pod_failure_001,356290657,1781453285.0,1781453288.0,1,33,163 164 176 165 163 164 176 165 163 165 163 164 176 165 163 167 176 165 163 166 165 163 167 176 165 163 164 176 165 163 164 176 165,0.35950592160224915,1,2026-06-14 16:08:05+00:00,2026-06-14 16:08:08+00:00
all,verify_productcatalog_pod_failure_001,356290658,1781453291.0,1781453294.0,1,57,163 164 176 165 163 169 176 165 163 165 8 163 164 176 165 163 164 176 165 163 169 176 165 163 172 173 175 176 165 163 164 176 165 163 169 176 165 163 164 176 165 163 164 176 165 163 170 177 165 163 164 176 165 163 164 176 165,0.35940665006637573,1,2026-06-14 16:08:11+00:00,2026-06-14 16:08:14+00:00
all,verify_productcatalog_pod_failure_001,356290659,1781453296.0,1781453299.0,1,37,163 165 163 164 176 165 163 164 176 165 163 164 176 165 163 169 176 165 163 166 165 163 167 176 165 163 164 176 165 163 164 176 165 163 164 176 165,0.35968294739723206,1,2026-06-14 16:08:16+00:00,2026-06-14 16:08:19+00:00
all,verify_productcatalog_pod_failure_001,356290660,1781453300.0,1781453304.0,1,46,163 164 176 165 163 164 176 165 163 164 176 165 163 169 176 165 163 165 163 164 176 165 163 167 176 165 163 167 176 165 163 164 176 165 163 169 176 165 163 170 177 165 163 164 176 165,0.353909432888031,1,2026-06-14 16:08:20+00:00,2026-06-14 16:08:24+00:00
all,verify_productcatalog_pod_failure_001,356290661,1781453306.0,1781453309.0,1,26,163 165 163 170 177 165 163 170 177 176 165 163 164 163 170 165 165 163 164 165 163 164 163 164 165 165,0.2924007177352905,1,2026-06-14 16:08:26+00:00,2026-06-14 16:08:29+00:00
all,verify_productcatalog_pod_failure_001,356290662,1781453310.0,1781453314.0,1,40,163 164 165 163 164 165 163 170 165 163 164 163 167 165 163 165 171 165 163 164 165 163 164 165 163 164 165 163 169 165 163 170 163 164 165 165 163 164 165 163,0.20674312114715576,1,2026-06-14 16:08:30+00:00,2026-06-14 16:08:34+00:00
all,verify_productcatalog_pod_failure_001,356290663,1781453315.0,1781453319.0,1,36,164 165 163 169 165 163 170 163 164 165 165 163 164 165 163 166 165 163 167 163 165 163 170 165 171 165 163 170 165 163 164 165 163 167 171 165,0.20821289718151093,1,2026-06-14 16:08:35+00:00,2026-06-14 16:08:39+00:00
all,verify_productcatalog_pod_failure_001,356290664,1781453320.0,1781453324.0,1,71,163 164 165 163 169 165 163 170 163 164 165 165 163 169 165 163 170 165 35 2 161 163 164 165 163 164 165 163 165 163 164 165 163 169 165 163 170 165 163 172 173 40 4 5 174 175 165 163 164 165 163 169 165 163 170 165 163 164 165 163 164 165 163 164 165 163 164 165 163 164 165,0.2975637912750244,1,2026-06-14 16:08:40+00:00,2026-06-14 16:08:44+00:00
all,verify_productcatalog_pod_failure_001,356290665,1781453326.0,1781453329.0,1,34,163 170 165 163 165 163 166 165 163 167 163 164 165 171 165 163 164 165 163 164 165 163 169 165 163 170 165 163 166 165 163 167 171 165,0.20763027667999268,1,2026-06-14 16:08:46+00:00,2026-06-14 16:08:49+00:00
all,verify_productcatalog_pod_failure_001,356290666,1781453330.0,1781453334.0,1,68,163 166 165 163 167 163 167 163 164 171 171 165 165 165 163 169 165 163 170 165 163 166 165 163 167 163 164 165 163 164 165 171 165 163 164 165 163 165 163 164 165 163 164 165 163 164 165 163 164 165 163 169 165 163 170 165 163 164 165 163 164 165 163 169 165 163 170 165,0.2185489684343338,1,2026-06-14 16:08:50+00:00,2026-06-14 16:08:54+00:00
all,verify_productcatalog_pod_failure_001,356290667,1781453336.0,1781453339.0,1,33,163 166 165 163 167 163 164 165 171 165 163 170 165 163 165 163 164 165 163 164 165 163 164 165 163 169 165 163 170 165 163 170 165,0.20633603632450104,1,2026-06-14 16:08:56+00:00,2026-06-14 16:08:59+00:00
all,verify_productcatalog_pod_failure_001,356290668,1781453340.0,1781453344.0,1,33,163 166 165 163 167 171 165 163 164 165 163 169 165 163 170 165 163 165 163 164 165 163 164 165 163 164 165 163 170 165 163 164 165,0.20671424269676208,1,2026-06-14 16:09:00+00:00,2026-06-14 16:09:04+00:00
all,verify_productcatalog_pod_failure_001,356290669,1781453345.0,1781453349.0,1,38,163 164 165 163 169 165 163 170 165 163 164 165 163 165 163 164 165 163 164 165 163 164 165 163 169 165 163 170 165 163 170 165 163 164 165 163 170 165,0.2108922302722931,1,2026-06-14 16:09:05+00:00,2026-06-14 16:09:09+00:00
all,verify_productcatalog_pod_failure_001,356290670,1781453351.0,1781453354.0,1,24,163 164 165 163 170 163 165 165 163 164 165 163 169 165 163 170 165 163 164 165 163 167 171 165,0.19390630722045898,0,2026-06-14 16:09:11+00:00,2026-06-14 16:09:14+00:00
all,verify_productcatalog_pod_failure_001,356290671,1781453355.0,1781453359.0,1,42,163 167 171 165 163 164 165 163 169 165 163 170 165 163 165 163 164 165 163 164 165 163 170 165 35 2 161 163 164 165 163 164 165 163 169 165 163 170 165 163 172 173,0.20722298324108124,1,2026-06-14 16:09:15+00:00,2026-06-14 16:09:19+00:00
all,verify_productcatalog_pod_failure_001,356290672,1781453360.0,1781453364.0,1,64,41 4 5 10 2 42 4 5 161 174 175 165 163 164 165 163 164 165 163 164 165 163 169 165 163 170 163 166 165 165 163 167 163 172 173 174 175 165 171 165 163 165 163 166 165 163 167 171 165 163 166 165 163 167 171 165 163 164 165 163 169 165 163 170,0.29661840200424194,1,2026-06-14 16:09:20+00:00,2026-06-14 16:09:24+00:00
all,verify_productcatalog_pod_failure_001,356290673,1781453365.0,1781453369.0,1,52,165 163 164 165 163 164 165 163 164 163 164 165 163 169 165 163 170 165 165 163 170 165 163 164 165 163 164 165 163 170 165 163 165 163 170 165 163 164 165 163 164 165 163 164 165 163 166 165 163 167 171 165,0.21190299093723297,1,2026-06-14 16:09:25+00:00,2026-06-14 16:09:29+00:00
all,verify_productcatalog_pod_failure_001,356290674,1781453371.0,1781453374.0,1,31,163 166 165 163 167 171 165 163 165 163 164 165 163 170 165 163 164 165 163 167 171 165 163 164 165 163 170 165 163 164 165,0.20716610550880432,1,2026-06-14 16:09:31+00:00,2026-06-14 16:09:34+00:00
all,verify_productcatalog_pod_failure_001,356290675,1781453376.0,1781453379.0,1,23,163 170 165 163 170 165 163 164 165 163 164 165 163 164 165 163 165 163 170 165 163 170 165,0.19137075543403625,0,2026-06-14 16:09:36+00:00,2026-06-14 16:09:39+00:00
all,verify_productcatalog_pod_failure_001,356290676,1781453380.0,1781453384.0,1,35,163 164 165 163 166 165 163 167 171 165 163 165 163 166 165 163 167 163 164 165 163 164 171 165 165 163 164 165 163 167 171 165 163 164 165,0.21116051077842712,1,2026-06-14 16:09:40+00:00,2026-06-14 16:09:44+00:00
all,verify_productcatalog_pod_failure_001,356290677,1781453385.0,1781453389.0,1,25,163 164 165 163 164 165 163 167 163 165 171 165 163 170 165 163 170 165 163 167 171 165 163 164 165,0.19517718255519867,0,2026-06-14 16:09:45+00:00,2026-06-14 16:09:49+00:00
all,verify_productcatalog_pod_failure_001,356290678,1781453390.0,1781453394.0,1,48,163 164 165 163 164 165 163 164 165 163 165 163 164 165 163 164 165 163 169 165 163 170 165 163 164 165 163 164 165 163 164 165 163 169 165 163 170 165 163 164 165 163 166 165 163 167 163 164,0.20487047731876373,0,2026-06-14 16:09:50+00:00,2026-06-14 16:09:54+00:00
all,verify_productcatalog_pod_failure_001,356290679,1781453395.0,1781453399.0,1,32,165 163 169 165 163 170 165 171 165 163 170 165 163 170 163 164 165 165 163 165 163 164 165 163 170 165 163 170 165 163 164 165,0.20458269119262695,0,2026-06-14 16:09:55+00:00,2026-06-14 16:09:59+00:00
all,verify_productcatalog_pod_failure_001,356290680,1781453400.0,1781453404.0,1,73,163 164 165 163 165 163 164 165 163 169 165 163 170 165 163 164 1 2 43 4 5 161 165 163 169 165 163 170 165 163 172 173 163 170 174 175 165 165 163 170 165 163 166 165 163 167 163 164 163 164 163 164 165 165 165 171 165 163 164 165 163 166 165 163 167 163 164 165 163 169 165 163 170,0.3184034526348114,1,2026-06-14 16:10:00+00:00,2026-06-14 16:10:04+00:00
all,verify_productcatalog_pod_failure_001,356290681,1781453405.0,1781453408.0,1,35,171 165 165 163 164 165 163 165 163 164 163 164 165 163 169 165 165 163 170 163 169 165 163 170 165 165 163 170 165 163 164 165 163 164 165,0.20630215108394623,1,2026-06-14 16:10:05+00:00,2026-06-14 16:10:08+00:00
all,verify_productcatalog_pod_failure_001,356290682,1781453410.0,1781453414.0,1,44,163 164 165 163 167 171 165 163 167 163 165 171 165 163 164 165 163 166 165 163 167 171 165 163 170 165 163 164 165 163 164 165 163 169 165 163 170 165 163 164 165 163 164 165,0.20436549186706543,0,2026-06-14 16:10:10+00:00,2026-06-14 16:10:14+00:00
all,verify_productcatalog_pod_failure_001,356290683,1781453415.0,1781453419.0,1,52,163 164 165 163 164 165 163 164 165 163 169 165 163 170 165 163 164 165 163 165 163 170 165 163 166 165 163 167 163 170 165 171 165 163 164 165 163 164 165 163 166 165 163 167 171 165 163 164 165 163 164 165,0.20559464395046234,1,2026-06-14 16:10:15+00:00,2026-06-14 16:10:19+00:00
all,verify_productcatalog_pod_failure_001,356290684,1781453420.0,1781453423.0,1,26,163 164 165 163 164 165 163 164 165 163 164 165 163 165 163 164 165 163 164 165 163 164 165 163 164 165,0.1981789767742157,0,2026-06-14 16:10:20+00:00,2026-06-14 16:10:23+00:00
all,verify_productcatalog_pod_failure_001,356290685,1781453425.0,1781453429.0,1,45,163 164 165 163 170 165 163 164 165 163 169 165 163 170 165 163 164 165 163 165 163 166 165 163 167 163 164 165 171 165 163 164 165 163 164 165 163 164 165 163 170 165 163 170 165,0.20862515270709991,1,2026-06-14 16:10:25+00:00,2026-06-14 16:10:29+00:00
all,verify_productcatalog_pod_failure_001,356290686,1781453430.0,1781453433.0,1,23,163 164 165 163 170 165 163 164 165 163 165 163 164 165 163 164 165 163 170 165 163 164 165,0.19148193299770355,0,2026-06-14 16:10:30+00:00,2026-06-14 16:10:33+00:00
all,verify_productcatalog_pod_failure_001,356290687,1781453435.0,1781453439.0,1,51,163 164 165 163 164 165 163 165 163 164 165 163 166 165 163 167 171 165 163 166 165 163 167 171 165 163 164 165 163 166 165 163 167 163 166 165 163 167 171 165 171 165 163 164 163 170 163 164 165 165 165,0.2118198722600937,1,2026-06-14 16:10:35+00:00,2026-06-14 16:10:39+00:00
all,verify_productcatalog_pod_failure_001,356290688,1781453441.0,1781453444.0,1,34,163 165 163 170 165 163 164 165 163 166 165 163 167 163 166 165 163 167 171 165 171 165 163 164 165 163 164 165 163 164 165 163 164 165,0.21007336676120758,1,2026-06-14 16:10:41+00:00,2026-06-14 16:10:44+00:00
all,verify_productcatalog_pod_failure_001,356290689,1781453445.0,1781453449.0,1,46,163 167 163 164 35 2 44 4 5 161 171 165 165 163 169 165 163 170 165 163 172 173 174 175 165 163 165 163 170 165 163 166 165 163 167 171 165 163 164 165 163 164 165 163 164 165,0.297294557094574,1,2026-06-14 16:10:45+00:00,2026-06-14 16:10:49+00:00
all,verify_productcatalog_pod_failure_001,356290690,1781453450.0,1781453454.0,1,65,163 164 165 163 164 165 163 170 165 163 164 165 163 169 165 163 170 165 163 166 165 163 167 163 165 171 165 163 166 165 163 167 163 164 165 171 165 163 164 165 163 164 165 163 169 165 163 170 165 163 170 165 163 166 165 163 167 171 165 163 164 165 163 170 165,0.2201070338487625,1,2026-06-14 16:10:50+00:00,2026-06-14 16:10:54+00:00
all,verify_productcatalog_pod_failure_001,356290691,1781453455.0,1781453459.0,1,48,163 164 165 163 166 165 163 167 163 164 165 171 165 163 164 165 163 164 165 163 169 165 163 170 165 163 165 163 166 165 163 167 163 164 165 171 165 163 164 165 163 164 165 163 166 165 163 167,0.2105555236339569,1,2026-06-14 16:10:55+00:00,2026-06-14 16:10:59+00:00
all,verify_productcatalog_pod_failure_001,356290692,1781453460.0,1781453463.0,1,25,171 165 163 170 165 163 165 163 164 165 163 164 163 164 165 165 163 164 165 163 164 165 163 164 165,0.19749869406223297,0,2026-06-14 16:11:00+00:00,2026-06-14 16:11:03+00:00
all,verify_productcatalog_pod_failure_001,356290693,1781453465.0,1781453469.0,1,74,163 167 171 165 163 164 165 163 166 165 163 167 171 165 163 164 165 163 164 165 163 165 163 164 165 163 169 165 163 170 165 163 164 165 163 166 165 163 167 171 165 163 164 165 163 164 165 35 2 45 4 5 161 163 170 165 163 164 165 163 169 165 163 164 163 170 165 165 163 172 173 174 175 165,0.28219273686408997,1,2026-06-14 16:11:05+00:00,2026-06-14 16:11:09+00:00
all,verify_productcatalog_pod_failure_001,356290694,1781453470.0,1781453474.0,1,55,163 170 165 163 164 165 163 164 165 163 165 163 164 165 163 169 165 163 170 163 164 165 165 163 169 165 163 170 163 166 165 163 167 165 171 165 163 164 165 163 164 165 163 167 171 165 163 164 165 163 169 165 163 170 165,0.2064075917005539,1,2026-06-14 16:11:10+00:00,2026-06-14 16:11:14+00:00
all,verify_productcatalog_pod_failure_001,356290695,1781453475.0,1781453479.0,1,70,6 2 46 4 5 161 163 164 165 163 169 165 163 170 165 163 172 173 174 175 165 163 164 165 163 165 1 2 47 4 5 161 163 164 165 163 169 165 163 170 165 163 172 173 174 175 165 163 166 165 163 167 171 165 163 164 165 163 166 165 163 167 171 165 163 170 165 163 164 165,0.3363586962223053,1,2026-06-14 16:11:15+00:00,2026-06-14 16:11:19+00:00
all,verify_productcatalog_pod_failure_001,356290696,1781453480.0,1781453484.0,1,47,1 2 48 4 5 161 163 164 165 163 169 165 163 170 163 164 165 163 172 173 165 174 175 165 163 165 163 164 163 170 165 165 163 164 165 163 164 165 163 164 165 163 164 165 163 170 165,0.277555912733078,1,2026-06-14 16:11:20+00:00,2026-06-14 16:11:24+00:00
all,verify_productcatalog_pod_failure_001,356290697,1781453485.0,1781453489.0,1,38,163 164 165 163 169 165 163 170 165 163 164 165 163 165 163 170 165 163 164 165 163 164 165 163 170 165 163 170 165 163 170 163 164 165 165 163 164 165,0.20661599934101105,1,2026-06-14 16:11:25+00:00,2026-06-14 16:11:29+00:00
all,verify_productcatalog_pod_failure_001,356290698,1781453490.0,1781453494.0,1,66,1 163 164 165 163 166 165 163 167 171 165 163 164 165 163 169 165 163 170 165 163 172 173 2 49 4 5 161 174 175 165 163 165 163 164 165 163 164 165 163 169 165 163 170 165 163 170 165 163 164 165 163 164 165 163 164 163 170 165 163 170 165 165 163 170 165,0.30479657649993896,1,2026-06-14 16:11:30+00:00,2026-06-14 16:11:34+00:00
all,verify_productcatalog_pod_failure_001,356290699,1781453495.0,1781453499.0,1,24,163 164 165 163 165 163 164 165 163 164 165 163 167 163 170 165 171 165 163 164 165 163 164 165,0.1916048675775528,0,2026-06-14 16:11:35+00:00,2026-06-14 16:11:39+00:00
all,verify_productcatalog_pod_failure_001,356290700,1781453500.0,1781453504.0,0,70,163 167 163 166 165 163 167 171 165 171 165 163 164 165 163 164 165 163 165 6 2 50 4 5 161 163 164 165 163 169 165 163 170 165 163 172 173 174 175 165 163 166 165 163 167 171 165 163 164 165 163 169 165 163 170 163 166 165 163 167 165 163 170 163 167 165 171 165 171 165,0.3229990005493164,1,2026-06-14 16:11:40+00:00,2026-06-14 16:11:44+00:00
all,verify_productcatalog_pod_failure_001,356290701,1781453505.0,1781453509.0,0,35,163 164 165 163 164 165 163 169 163 164 165 163 170 165 163 169 165 163 170 165 165 163 165 163 164 165 163 164 165 163 164 163 164 165 165,0.2148328721523285,1,2026-06-14 16:11:45+00:00,2026-06-14 16:11:49+00:00
all,verify_productcatalog_pod_failure_001,356290702,1781453510.0,1781453514.0,0,39,163 164 165 163 164 165 163 165 163 164 165 163 164 165 1 2 51 4 5 161 163 164 165 163 170 165 163 164 165 163 169 165 163 170 165 163 172 173 174,0.322797566652298,1,2026-06-14 16:11:50+00:00,2026-06-14 16:11:54+00:00
all,verify_productcatalog_pod_failure_001,356290703,1781453515.0,1781453519.0,0,56,175 165 163 164 165 163 166 165 163 167 171 165 163 170 165 163 170 165 163 165 35 2 52 4 5 161 163 164 165 163 164 165 163 169 165 163 170 165 163 172 173 174 175 165 163 164 165 163 164 165 163 164 165 163 164 165,0.32666391134262085,1,2026-06-14 16:11:55+00:00,2026-06-14 16:11:59+00:00
all,verify_productcatalog_pod_failure_001,356290704,1781453520.0,1781453523.0,0,39,163 166 165 163 167 163 166 165 163 167 163 164 163 167 165 171 165 171 165 171 165 163 165 163 164 165 163 164 165 163 166 165 163 167 171 165 163 164 165,0.21489380300045013,1,2026-06-14 16:12:00+00:00,2026-06-14 16:12:03+00:00
all,verify_productcatalog_pod_failure_001,356290705,1781453525.0,1781453529.0,0,54,163 164 165 163 164 165 163 164 165 163 165 163 166 165 163 167 171 165 163 167 171 165 163 164 165 163 169 165 163 170 165 163 166 165 163 167 171 165 163 164 165 163 164 165 163 164 163 166 165 163 167 165 171 165,0.2198854386806488,1,2026-06-14 16:12:05+00:00,2026-06-14 16:12:09+00:00
all,verify_productcatalog_pod_failure_001,356290706,1781453530.0,1781453534.0,0,50,163 164 165 163 164 165 163 164 165 163 165 163 164 165 163 166 165 163 167 171 165 163 164 165 1 2 53 4 5 161 163 164 165 163 169 165 163 170 165 163 172 173 174 175 165 163 164 165 163 170,0.31740817427635193,1,2026-06-14 16:12:10+00:00,2026-06-14 16:12:14+00:00
all,verify_productcatalog_pod_failure_001,356290707,1781453535.0,1781453539.0,0,48,165 1 2 54 4 5 161 163 164 165 163 169 165 163 170 165 163 172 173 174 175 165 163 165 163 164 165 163 170 165 163 164 165 163 169 165 163 170 165 163 164 165 163 170 165 163 164 165,0.3042201101779938,1,2026-06-14 16:12:15+00:00,2026-06-14 16:12:19+00:00
all,verify_productcatalog_pod_failure_001,356290708,1781453540.0,1781453544.0,0,37,163 166 165 163 167 163 164 165 171 165 163 164 165 163 165 163 164 165 163 164 163 166 165 163 167 165 163 164 165 171 165 163 164 165 163 164 165,0.2159940004348755,1,2026-06-14 16:12:20+00:00,2026-06-14 16:12:24+00:00
all,verify_productcatalog_pod_failure_001,356290709,1781453545.0,1781453549.0,0,35,163 170 163 164 165 165 163 167 163 166 165 163 167 171 165 171 165 163 165 163 164 165 163 164 165 163 166 165 163 167 171 165 163 164 165,0.21217721700668335,1,2026-06-14 16:12:25+00:00,2026-06-14 16:12:29+00:00
all,verify_productcatalog_pod_failure_001,356290710,1781453550.0,1781453554.0,0,29,163 164 165 163 165 163 164 163 167 165 171 165 163 164 165 163 164 165 163 170 165 163 170 165 163 164 165 163 164,0.20713193714618683,1,2026-06-14 16:12:30+00:00,2026-06-14 16:12:34+00:00
all,verify_productcatalog_pod_failure_001,356290711,1781453555.0,1781453559.0,0,60,165 163 164 165 163 164 165 163 169 13 2 55 4 5 161 165 163 170 165 163 172 173 174 175 165 163 170 165 163 165 163 164 165 163 169 165 163 170 6 2 56 4 5 161 165 163 172 173 174 175 165 163 170 165 163 170 165 163 170 165,0.3379867374897003,1,2026-06-14 16:12:35+00:00,2026-06-14 16:12:39+00:00
all,verify_productcatalog_pod_failure_001,356290712,1781453560.0,1781453564.0,0,52,163 164 165 163 165 163 164 165 163 164 165 10 2 57 4 5 161 163 164 165 163 169 165 163 170 165 163 172 173 174 175 165 163 166 165 163 167 171 165 163 164 165 163 166 165 163 167 171 165 163 164 165,0.33467352390289307,1,2026-06-14 16:12:40+00:00,2026-06-14 16:12:44+00:00
all,verify_productcatalog_pod_failure_001,356290713,1781453565.0,1781453569.0,0,37,163 164 165 163 164 165 163 165 163 164 165 163 164 165 163 166 165 163 167 171 165 163 167 171 165 163 170 165 163 164 165 163 164 165 163 170 165,0.21363073587417603,1,2026-06-14 16:12:45+00:00,2026-06-14 16:12:49+00:00
all,verify_productcatalog_pod_failure_001,356290714,1781453570.0,1781453574.0,0,56,163 164 165 163 169 165 163 170 165 163 164 165 163 169 165 163 170 165 163 164 165 163 165 163 164 165 163 164 165 163 164 165 163 164 165 163 164 165 163 169 165 163 170 163 164 165 165 163 164 165 163 169 165 163 170 165,0.21710877120494843,1,2026-06-14 16:12:50+00:00,2026-06-14 16:12:54+00:00
all,verify_productcatalog_pod_failure_001,356290715,1781453576.0,1781453579.0,0,43,163 165 163 166 165 163 167 163 170 165 163 164 165 171 165 163 166 165 163 167 163 164 165 171 165 163 164 165 163 169 165 163 170 165 163 164 165 163 164 165 163 164 165,0.21156439185142517,1,2026-06-14 16:12:56+00:00,2026-06-14 16:12:59+00:00
all,verify_productcatalog_pod_failure_001,356290716,1781453580.0,1781453584.0,0,54,163 164 163 170 165 163 169 165 163 170 165 165 163 165 10 2 58 4 5 161 163 164 165 163 164 165 163 169 165 163 170 165 163 172 173 174 175 165 163 166 165 163 167 171 165 163 164 165 163 169 165 163 170 165,0.32228848338127136,1,2026-06-14 16:13:00+00:00,2026-06-14 16:13:04+00:00
all,verify_productcatalog_pod_failure_001,356290717,1781453585.0,1781453589.0,0,61,8 2 59 4 5 161 163 164 163 170 165 163 169 165 163 170 163 164 163 170 165 165 163 172 173 165 165 174 175 165 163 164 165 163 164 163 165 165 163 166 165 163 167 171 165 163 167 171 165 163 164 165 163 169 165 163 170 165 163 164 165,0.2977747619152069,1,2026-06-14 16:13:05+00:00,2026-06-14 16:13:09+00:00
all,verify_productcatalog_pod_failure_001,356290718,1781453590.0,1781453594.0,0,63,163 164 165 163 170 163 170 165 165 163 164 165 163 165 163 170 163 170 165 165 163 170 165 163 166 165 163 167 171 165 163 170 165 1 2 60 4 5 161 163 164 165 163 169 165 163 170 163 170 165 163 172 173 174 175 165 163 164 165 165 163 170 165,0.30167877674102783,1,2026-06-14 16:13:10+00:00,2026-06-14 16:13:14+00:00
all,verify_productcatalog_pod_failure_001,356290719,1781453595.0,1781453599.0,0,52,163 164 165 163 169 165 163 170 165 163 166 165 163 167 163 164 171 165 165 163 164 163 170 165 165 163 165 163 167 171 165 163 164 165 163 170 165 163 164 165 163 169 165 163 170 165 163 164 165 163 170 165,0.21266061067581177,1,2026-06-14 16:13:15+00:00,2026-06-14 16:13:19+00:00
all,verify_productcatalog_pod_failure_001,356290720,1781453600.0,1781453604.0,0,53,163 164 165 163 164 165 163 170 165 163 164 163 170 163 165 165 165 163 169 165 163 170 165 163 164 165 163 170 165 1 2 61 4 5 161 163 164 165 163 169 165 163 170 165 163 172 173 174 175 165 163 164 165,0.3121723532676697,1,2026-06-14 16:13:20+00:00,2026-06-14 16:13:24+00:00
all,verify_productcatalog_pod_failure_001,356290721,1781453605.0,1781453609.0,0,35,163 170 165 163 164 165 163 165 163 164 165 163 164 165 163 164 165 163 164 165 163 169 165 163 170 165 163 164 165 163 169 165 163 170 165,0.21009978652000427,1,2026-06-14 16:13:25+00:00,2026-06-14 16:13:29+00:00
all,verify_productcatalog_pod_failure_001,356290722,1781453610.0,1781453614.0,0,41,163 164 165 163 164 165 163 164 165 163 164 165 163 165 163 164 165 163 169 165 163 170 165 163 164 165 163 164 165 163 170 165 163 170 165 163 164 165 163 164 165,0.20950517058372498,1,2026-06-14 16:13:30+00:00,2026-06-14 16:13:34+00:00
all,verify_productcatalog_pod_failure_001,356290723,1781453615.0,1781453619.0,0,38,13 2 62 4 5 161 163 164 165 163 169 165 163 170 165 163 172 173 174 175 165 163 164 165 163 165 163 164 165 163 164 165 163 170 165 163 164 165,0.2859974503517151,1,2026-06-14 16:13:35+00:00,2026-06-14 16:13:39+00:00
all,verify_productcatalog_pod_failure_001,356290724,1781453620.0,1781453624.0,0,46,163 164 165 163 164 165 163 166 165 163 167 171 165 163 165 163 170 165 163 164 165 163 170 165 163 170 165 163 164 165 163 169 165 163 170 165 163 167 163 167 171 165 171 165 163 167,0.20956657826900482,1,2026-06-14 16:13:40+00:00,2026-06-14 16:13:44+00:00
all,verify_productcatalog_pod_failure_001,356290725,1781453625.0,1781453629.0,0,47,163 164 165 171 165 163 164 165 163 164 165 163 170 165 163 165 163 164 165 163 164 165 163 169 165 163 170 165 163 164 165 163 164 165 163 169 165 163 170 165 163 166 165 163 167 171 165,0.22283662855625153,1,2026-06-14 16:13:45+00:00,2026-06-14 16:13:49+00:00
all,verify_productcatalog_pod_failure_001,356290726,1781453630.0,1781453631.0,0,8,163 164 165 163 166 165 163 167,0.019450560212135315,0,2026-06-14 16:13:50+00:00,2026-06-14 16:13:51+00:00
all,verify_telemetry_loss_001,3460,,,0,1,168,0.0011845204280689359,0,,
all,verify_telemetry_loss_001,3461,,,0,1,168,0.0011845204280689359,0,,
all,verify_telemetry_loss_001,3463,,,0,1,168,0.0011845204280689359,0,,
all,verify_telemetry_loss_001,3465,,,0,1,168,0.0011845204280689359,0,,
all,verify_telemetry_loss_001,3466,,,0,1,168,0.0011845204280689359,0,,
all,verify_telemetry_loss_001,3467,,,0,1,168,0.0011845204280689359,0,,
all,verify_telemetry_loss_001,3468,,,0,1,168,0.002135146874934435,0,,
all,verify_telemetry_loss_001,3469,,,0,1,168,0.002135146874934435,0,,
all,verify_telemetry_loss_001,3470,,,0,1,168,0.002135146874934435,0,,
all,verify_telemetry_loss_001,3472,,,0,1,168,0.002135146874934435,0,,
all,verify_telemetry_loss_001,3473,,,0,1,168,0.002135146874934435,0,,
all,verify_telemetry_loss_001,3474,,,0,1,168,0.002135146874934435,0,,
all,verify_telemetry_loss_001,3476,,,0,1,168,0.002135146874934435,0,,
all,verify_telemetry_loss_001,3478,,,0,1,168,0.002135146874934435,0,,
all,verify_telemetry_loss_001,3480,,,0,1,168,0.002135146874934435,0,,
all,verify_telemetry_loss_001,3481,,,0,1,168,0.002135146874934435,0,,
all,verify_telemetry_loss_001,3483,,,0,1,168,0.002135146874934435,0,,
all,verify_telemetry_loss_001,3486,,,0,1,168,0.002135146874934435,0,,
all,verify_telemetry_loss_001,3487,,,0,1,168,0.002135146874934435,0,,
all,verify_telemetry_loss_001,3488,,,0,1,168,0.002135146874934435,0,,
all,verify_telemetry_loss_001,3490,,,0,1,168,0.002135146874934435,0,,
all,verify_telemetry_loss_001,3491,,,0,1,168,0.002135146874934435,0,,
all,verify_telemetry_loss_001,3493,,,0,1,168,0.002135146874934435,0,,
all,verify_telemetry_loss_001,3495,,,0,1,168,0.002135146874934435,0,,
all,verify_telemetry_loss_001,3497,,,0,1,168,0.002135146874934435,0,,
all,verify_telemetry_loss_001,3498,,,0,1,168,0.002135146874934435,0,,
all,verify_telemetry_loss_001,3500,,,0,1,168,0.002135146874934435,0,,
all,verify_telemetry_loss_001,3501,,,0,1,168,0.002135146874934435,0,,
all,verify_telemetry_loss_001,3503,,,0,1,168,0.002135146874934435,0,,
all,verify_telemetry_loss_001,3504,,,0,1,168,0.002135146874934435,0,,
all,verify_telemetry_loss_001,3507,,,0,1,168,0.002135146874934435,0,,
all,verify_telemetry_loss_001,3508,,,0,1,168,0.002135146874934435,0,,
all,verify_telemetry_loss_001,3512,,,0,1,168,0.002135146874934435,0,,
all,verify_telemetry_loss_001,3513,,,0,1,168,0.002135146874934435,0,,
all,verify_telemetry_loss_001,3515,,,0,1,168,0.002135146874934435,0,,
all,verify_telemetry_loss_001,3518,,,0,1,168,0.002135146874934435,0,,
all,verify_telemetry_loss_001,3520,,,0,1,168,0.002135146874934435,0,,
all,verify_telemetry_loss_001,3522,,,0,1,168,0.002135146874934435,0,,
all,verify_telemetry_loss_001,3523,,,0,1,168,0.002135146874934435,0,,
all,verify_telemetry_loss_001,3524,,,0,1,168,0.002135146874934435,0,,
all,verify_telemetry_loss_001,3525,,,0,1,168,0.002135146874934435,0,,
all,verify_telemetry_loss_001,3526,,,0,1,168,0.002135146874934435,0,,
all,verify_telemetry_loss_001,3527,,,0,1,168,0.002135146874934435,0,,
all,verify_telemetry_loss_001,3528,,,0,1,168,0.002135146874934435,0,,
all,verify_telemetry_loss_001,3530,,,0,1,168,0.002135146874934435,0,,
all,verify_telemetry_loss_001,3532,,,0,1,168,0.002135146874934435,0,,
all,verify_telemetry_loss_001,3533,,,0,1,168,0.002135146874934435,0,,
all,verify_telemetry_loss_001,3535,,,0,1,168,0.002135146874934435,0,,
all,verify_telemetry_loss_001,3536,,,0,1,168,0.002135146874934435,0,,
all,verify_telemetry_loss_001,3537,,,0,1,168,0.002135146874934435,0,,
all,verify_telemetry_loss_001,3538,,,0,1,168,0.002135146874934435,0,,
all,verify_telemetry_loss_001,3540,,,0,1,168,0.002135146874934435,0,,
all,verify_telemetry_loss_001,3542,,,0,1,168,0.002135146874934435,0,,
all,verify_telemetry_loss_001,3543,,,0,1,168,0.002135146874934435,0,,
all,verify_telemetry_loss_001,3545,,,0,1,168,0.002135146874934435,0,,
all,verify_telemetry_loss_001,3546,,,0,1,168,0.002135146874934435,0,,
all,verify_telemetry_loss_001,3547,,,0,1,168,0.002135146874934435,0,,
all,verify_telemetry_loss_001,3548,,,0,1,168,0.002135146874934435,0,,
all,verify_telemetry_loss_001,3549,,,0,1,168,0.002135146874934435,0,,
all,verify_telemetry_loss_001,3551,,,0,1,168,0.002135146874934435,0,,
all,verify_telemetry_loss_001,3552,,,0,1,168,0.002135146874934435,0,,
all,verify_telemetry_loss_001,3553,,,0,1,168,0.002135146874934435,0,,
all,verify_telemetry_loss_001,3554,,,0,1,168,0.0011695976136252284,0,,
all,verify_telemetry_loss_001,3556,,,0,1,168,0.0011695976136252284,0,,
all,verify_telemetry_loss_001,3557,,,0,1,168,0.0011695976136252284,0,,
all,verify_telemetry_loss_001,3558,,,0,1,168,0.0011695976136252284,0,,
all,verify_telemetry_loss_001,3560,,,0,1,168,0.0011695976136252284,0,,
all,verify_telemetry_loss_001,3561,,,0,1,168,0.0011695976136252284,0,,
all,verify_telemetry_loss_001,3562,,,0,1,168,0.0011695976136252284,0,,
all,verify_telemetry_loss_001,356290466,1781452332.0,1781452334.0,0,23,163 170 165 163 166 165 163 167 163 167 171 165 171 165 163 164 165 163 169 165 163 170 165,0.2277422994375229,1,2026-06-14 15:52:12+00:00,2026-06-14 15:52:14+00:00
all,verify_telemetry_loss_001,356290467,1781452335.0,1781452339.0,0,33,163 164 165 163 166 165 163 167 163 170 165 171 165 163 165 163 164 165 163 164 165 163 164 165 163 164 165 163 170 165 163 170 165,0.21392406523227692,1,2026-06-14 15:52:15+00:00,2026-06-14 15:52:19+00:00
all,verify_telemetry_loss_001,356290468,1781452340.0,1781452344.0,0,49,163 164 165 163 166 165 163 167 171 165 163 165 163 164 165 163 164 165 163 169 165 163 170 165 163 166 165 163 167 171 165 163 164 165 163 164 165 163 164 165 163 169 165 163 170 165 163 170 165,0.2170122116804123,1,2026-06-14 15:52:20+00:00,2026-06-14 15:52:24+00:00
all,verify_telemetry_loss_001,356290469,1781452345.0,1781452349.0,0,51,163 167 171 165 163 170 165 163 170 165 163 164 165 163 165 163 164 165 163 164 165 163 170 163 164 165 165 163 164 161 165 163 164 165 163 169 165 163 170 165 163 172 173 174 175 165 163 166 165 163 167,0.2162277102470398,1,2026-06-14 15:52:25+00:00,2026-06-14 15:52:29+00:00
all,verify_telemetry_loss_001,356290470,1781452350.0,1781452354.0,0,56,171 165 163 164 165 163 164 165 163 165 163 164 165 163 170 165 163 164 165 163 169 165 163 170 165 163 164 165 161 163 164 165 163 169 165 163 170 165 163 172 173 174 175 165 163 166 165 163 167 171 165 163 166 165 163 167,0.2192484587430954,1,2026-06-14 15:52:30+00:00,2026-06-14 15:52:34+00:00
all,verify_telemetry_loss_001,356290471,1781452355.0,1781452359.0,0,55,171 165 163 164 165 163 164 165 163 164 165 163 170 165 163 165 163 164 165 163 164 165 163 167 171 165 163 164 165 163 164 165 163 169 165 163 170 165 163 164 165 163 166 165 163 167 163 167 171 165 171 165 163 164 165,0.22010484337806702,1,2026-06-14 15:52:35+00:00,2026-06-14 15:52:39+00:00
all,verify_telemetry_loss_001,356290472,1781452360.0,1781452364.0,0,24,163 166 165 163 167 171 165 163 170 165 163 165 163 164 165 163 164 165 163 164 165 163 164 165,0.19724777340888977,0,2026-06-14 15:52:40+00:00,2026-06-14 15:52:44+00:00
all,verify_telemetry_loss_001,356290473,1781452365.0,1781452369.0,0,45,163 164 165 163 164 165 163 165 163 164 165 163 163 164 164 165 165 163 169 165 163 170 165 163 164 165 163 166 165 163 167 163 170 171 165 165 163 170 165 163 170 165 163 164 165,0.21533581614494324,1,2026-06-14 15:52:45+00:00,2026-06-14 15:52:49+00:00
all,verify_telemetry_loss_001,356290474,1781452370.0,1781452374.0,0,52,163 164 165 163 164 165 163 169 165 163 170 165 163 164 165 163 170 163 164 165 165 163 165 163 166 165 163 167 171 165 163 164 165 163 166 165 163 167 163 164 165 163 169 165 163 170 165 171 165 163 164 165,0.21833735704421997,1,2026-06-14 15:52:50+00:00,2026-06-14 15:52:54+00:00
all,verify_telemetry_loss_001,356290475,1781452375.0,1781452379.0,0,61,163 164 165 163 169 165 163 170 163 164 161 161 163 170 163 164 165 165 163 169 163 172 173 165 165 163 170 165 174 163 165 175 165 165 163 172 173 174 175 165 163 164 165 163 164 165 163 164 165 163 164 165 163 170 165 163 164 165 163 164 165,0.2203737497329712,1,2026-06-14 15:52:55+00:00,2026-06-14 15:52:59+00:00
all,verify_telemetry_loss_001,356290476,1781452380.0,1781452384.0,0,36,163 164 165 163 165 163 170 165 163 166 165 163 167 163 164 165 163 164 171 165 165 163 169 165 163 170 165 163 164 165 163 170 165 163 164 165,0.21216925978660583,1,2026-06-14 15:53:00+00:00,2026-06-14 15:53:04+00:00
all,verify_telemetry_loss_001,356290477,1781452385.0,1781452389.0,0,23,163 164 165 163 169 165 163 170 165 163 165 163 164 165 163 164 165 163 164 165 163 170 165,0.1919812262058258,0,2026-06-14 15:53:05+00:00,2026-06-14 15:53:09+00:00
all,verify_telemetry_loss_001,356290478,1781452390.0,1781452394.0,0,58,163 164 165 163 164 165 163 165 163 164 163 164 165 165 163 164 165 163 164 165 161 163 164 165 163 169 165 163 170 165 163 172 173 174 175 165 163 164 165 163 169 161 165 163 170 165 163 172 173 174 175 165 163 164 163 164 165 165,0.21624596416950226,1,2026-06-14 15:53:10+00:00,2026-06-14 15:53:14+00:00
all,verify_telemetry_loss_001,356290479,1781452395.0,1781452399.0,0,46,163 170 165 163 164 165 163 170 165 163 164 163 166 165 163 167 165 163 167 171 165 163 165 171 165 163 164 165 163 164 163 170 165 163 169 165 163 170 165 165 163 170 165 163 164 165,0.21176575124263763,1,2026-06-14 15:53:15+00:00,2026-06-14 15:53:19+00:00
all,verify_telemetry_loss_001,356290480,1781452400.0,1781452404.0,0,52,163 164 165 163 164 165 163 164 165 163 166 165 163 167 171 165 163 165 163 164 163 164 165 165 163 170 165 161 163 164 165 163 169 163 170 165 163 170 165 165 163 172 173 174 175 165 163 164 163 164 165 165,0.21293239295482635,1,2026-06-14 15:53:20+00:00,2026-06-14 15:53:24+00:00
all,verify_telemetry_loss_001,356290481,1781452405.0,1781452409.0,0,60,163 164 165 163 164 165 161 163 164 165 163 169 165 163 170 165 163 172 173 174 175 165 163 164 165 163 165 163 164 165 163 169 165 163 170 165 163 164 165 163 164 165 163 169 165 163 170 165 163 164 165 163 169 165 163 170 165 163 170 165,0.21818096935749054,1,2026-06-14 15:53:25+00:00,2026-06-14 15:53:29+00:00
all,verify_telemetry_loss_001,356290482,1781452410.0,1781452413.0,0,34,163 164 165 163 169 165 163 170 165 163 167 171 165 163 167 171 165 163 165 163 164 165 163 164 165 163 169 165 163 170 165 163 164 165,0.21034938097000122,1,2026-06-14 15:53:30+00:00,2026-06-14 15:53:33+00:00
all,verify_telemetry_loss_001,356290483,1781452415.0,1781452418.0,0,45,163 164 165 163 164 165 163 169 165 163 170 165 163 170 165 163 170 165 163 164 165 163 169 165 163 170 165 163 165 163 164 165 163 166 165 163 167 163 164 165 171 165 163 170 165,0.2167363464832306,1,2026-06-14 15:53:35+00:00,2026-06-14 15:53:38+00:00
all,verify_telemetry_loss_001,356290484,1781452420.0,1781452424.0,0,45,163 164 165 163 164 165 163 165 163 164 165 163 166 165 163 167 163 164 171 165 165 163 164 165 163 170 165 163 164 165 163 164 165 163 170 163 164 165 163 169 165 163 170 165 165,0.21737927198410034,1,2026-06-14 15:53:40+00:00,2026-06-14 15:53:44+00:00
all,verify_telemetry_loss_001,356290485,1781452425.0,1781452429.0,0,46,163 164 165 163 169 165 163 170 165 163 164 165 163 164 165 163 165 163 170 165 163 166 165 163 167 171 165 163 166 165 163 167 163 164 165 171 165 163 164 165 163 169 165 163 170 165,0.2171584963798523,1,2026-06-14 15:53:45+00:00,2026-06-14 15:53:49+00:00
all,verify_telemetry_loss_001,356290486,1781452430.0,1781452434.0,0,52,163 166 165 163 167 163 166 165 163 167 163 164 165 163 164 171 171 165 165 165 163 170 163 165 165 163 164 165 163 164 165 163 169 165 163 170 165 163 164 165 163 169 165 163 170 165 163 164 165 163 164 165,0.2202758491039276,1,2026-06-14 15:53:50+00:00,2026-06-14 15:53:54+00:00
all,verify_telemetry_loss_001,356290487,1781452435.0,1781452439.0,0,23,163 164 165 163 170 165 163 165 163 164 165 163 167 163 164 165 171 165 163 164 165 163 167,0.19592250883579254,0,2026-06-14 15:53:55+00:00,2026-06-14 15:53:59+00:00
all,verify_telemetry_loss_001,356290488,1781452440.0,1781452444.0,0,46,171 165 163 164 165 163 164 163 164 165 165 163 164 165 163 169 165 163 170 165 163 165 163 164 165 163 164 163 164 165 165 163 169 163 169 165 165 163 170 163 170 165 165 163 164 165,0.21733996272087097,1,2026-06-14 15:54:00+00:00,2026-06-14 15:54:04+00:00
all,verify_telemetry_loss_001,356290489,1781452446.0,1781452449.0,0,43,163 166 165 163 167 171 165 163 166 165 163 167 163 164 163 165 165 171 165 163 164 165 163 164 165 163 170 165 163 164 165 163 169 165 163 170 165 163 164 165 163 164 165,0.21598856151103973,1,2026-06-14 15:54:06+00:00,2026-06-14 15:54:09+00:00
all,verify_telemetry_loss_001,356290490,1781452450.0,1781452454.0,0,50,163 164 165 163 169 165 163 170 165 163 165 163 164 165 163 164 165 163 164 165 163 164 163 164 165 165 163 164 165 163 169 165 163 170 165 163 164 163 164 165 165 163 169 165 163 170 165 163 164 165,0.2196161299943924,1,2026-06-14 15:54:10+00:00,2026-06-14 15:54:14+00:00
all,verify_telemetry_loss_001,356290491,1781452455.0,1781452459.0,0,41,163 164 165 163 169 165 163 170 165 163 165 163 164 165 163 169 165 163 170 165 163 164 163 164 165 165 163 164 165 163 164 165 163 169 165 163 170 165 163 170 165,0.21020671725273132,1,2026-06-14 15:54:15+00:00,2026-06-14 15:54:19+00:00
all,verify_telemetry_loss_001,356290492,1781452460.0,1781452464.0,0,40,163 164 165 163 164 165 163 165 163 170 163 164 165 165 163 164 165 163 169 165 163 170 165 163 170 165 163 164 165 163 164 165 163 164 165 163 169 165 163 170,0.21036632359027863,1,2026-06-14 15:54:20+00:00,2026-06-14 15:54:24+00:00
all,verify_telemetry_loss_001,356290493,1781452465.0,1781452469.0,0,61,161 165 163 164 165 163 169 165 163 170 163 164 165 165 163 172 173 174 175 165 163 165 163 164 165 163 164 165 163 164 165 163 164 165 163 164 165 163 164 165 163 169 165 163 170 165 163 170 163 170 163 164 165 165 165 163 164 165 163 164 165,0.2200990617275238,1,2026-06-14 15:54:25+00:00,2026-06-14 15:54:29+00:00
all,verify_telemetry_loss_001,356290494,1781452470.0,1781452474.0,0,53,163 166 165 163 167 171 165 163 164 165 163 164 165 163 165 163 164 161 165 163 169 165 163 170 165 163 172 173 174 175 165 163 164 163 164 165 165 163 170 165 163 166 165 163 167 171 165 163 164 165 163 164 165,0.2138555347919464,1,2026-06-14 15:54:30+00:00,2026-06-14 15:54:34+00:00
all,verify_telemetry_loss_001,356290495,1781452476.0,1781452479.0,0,54,163 164 165 163 169 165 163 170 165 163 164 165 163 166 165 163 167 163 165 171 165 163 164 165 163 169 165 163 170 163 164 165 165 163 164 165 163 164 165 163 169 165 163 170 165 163 164 165 163 164 165 163 170 165,0.21513210237026215,1,2026-06-14 15:54:36+00:00,2026-06-14 15:54:39+00:00
all,verify_telemetry_loss_001,356290496,1781452481.0,1781452484.0,0,41,163 164 165 163 165 163 164 165 163 170 165 163 170 165 163 164 165 163 164 165 163 169 165 163 170 165 163 164 165 163 164 165 163 164 165 163 164 165 163 164 165,0.21087461709976196,1,2026-06-14 15:54:41+00:00,2026-06-14 15:54:44+00:00
all,verify_telemetry_loss_001,356290497,1781452485.0,1781452489.0,0,30,163 164 165 163 169 165 163 170 165 163 164 163 165 165 163 170 163 164 165 165 163 166 165 163 167 171 165 163 170 165,0.20630960166454315,1,2026-06-14 15:54:45+00:00,2026-06-14 15:54:49+00:00
all,verify_telemetry_loss_001,356290498,1781452490.0,1781452494.0,0,32,163 164 163 170 165 165 163 170 163 164 165 165 163 164 165 163 164 165 163 164 165 163 165 163 164 165 163 164 165 163 170 165,0.20989613234996796,1,2026-06-14 15:54:50+00:00,2026-06-14 15:54:54+00:00
all,verify_telemetry_loss_001,356290499,1781452495.0,1781452499.0,0,73,163 164 165 163 169 165 163 170 165 163 164 165 163 164 165 163 164 165 163 164 165 161 163 165 163 164 165 163 169 165 163 170 165 163 172 173 174 175 165 163 164 163 164 165 163 169 165 163 170 165 163 169 165 163 170 165 165 163 170 165 163 166 165 163 167 163 164 165 171 165 163 170 165,0.21981702744960785,1,2026-06-14 15:54:55+00:00,2026-06-14 15:54:59+00:00
all,verify_telemetry_loss_001,356290500,1781452500.0,1781452504.0,0,48,163 167 163 167 163 164 171 165 165 163 164 165 163 169 165 163 170 171 165 165 163 164 165 163 165 163 170 165 163 164 165 163 169 165 163 170 165 163 164 165 163 169 165 163 170 163 167 165,0.20389686524868011,0,2026-06-14 15:55:00+00:00,2026-06-14 15:55:04+00:00
all,verify_telemetry_loss_001,356290501,1781452505.0,1781452509.0,0,59,171 165 163 164 165 163 166 165 163 167 163 164 163 167 165 163 165 171 165 171 165 163 164 165 163 164 165 163 164 165 161 163 164 165 163 169 165 163 170 165 163 172 173 174 175 165 163 170 163 164 165 163 166 165 163 167 165 171 165,0.20771916210651398,1,2026-06-14 15:55:05+00:00,2026-06-14 15:55:09+00:00
all,verify_telemetry_loss_001,356290502,1781452510.0,1781452514.0,0,49,163 170 165 163 166 165 163 167 163 165 171 165 163 164 165 163 164 165 163 164 165 161 163 164 165 163 169 165 163 170 165 163 172 173 174 175 165 163 164 165 163 169 163 164 165 163 170 165 165,0.20535524189472198,1,2026-06-14 15:55:10+00:00,2026-06-14 15:55:14+00:00
all,verify_telemetry_loss_001,356290503,1781452515.0,1781452519.0,0,41,163 170 165 163 164 165 163 165 163 170 165 163 164 165 163 166 165 163 167 171 165 163 170 163 170 165 165 163 164 165 163 164 165 163 164 165 163 164 165 163 164,0.20570522546768188,1,2026-06-14 15:55:15+00:00,2026-06-14 15:55:19+00:00
all,verify_telemetry_loss_001,356290504,1781452520.0,1781452524.0,0,37,165 163 169 165 163 170 165 163 164 165 163 165 163 164 165 163 164 163 167 165 171 165 163 164 165 163 169 165 163 170 163 164 163 164 165 163 164,0.20740315318107605,1,2026-06-14 15:55:20+00:00,2026-06-14 15:55:24+00:00
all,verify_telemetry_loss_001,356290505,1781452525.0,1781452528.0,0,46,161 165 163 170 165 163 172 173 165 163 169 163 164 165 163 170 165 165 174 175 165 165 163 164 165 163 165 163 170 165 163 164 165 163 164 165 163 164 165 163 166 165 163 167 171 165,0.20417127013206482,0,2026-06-14 15:55:25+00:00,2026-06-14 15:55:28+00:00
all,verify_telemetry_loss_001,356290506,1781452531.0,1781452534.0,0,34,163 164 165 163 169 165 163 170 165 163 170 163 165 163 170 165 165 163 167 171 165 163 166 165 163 167 163 170 171 165 165 163 164 165,0.20529966056346893,1,2026-06-14 15:55:31+00:00,2026-06-14 15:55:34+00:00
all,verify_telemetry_loss_001,356290507,1781452535.0,1781452539.0,0,53,163 164 165 163 170 165 163 170 163 170 165 165 163 165 163 164 165 163 166 165 163 167 171 165 163 164 165 161 163 164 165 163 169 165 163 170 165 163 172 173 163 166 165 163 167 174 175 165 163 164 165 171 165,0.21944838762283325,1,2026-06-14 15:55:35+00:00,2026-06-14 15:55:39+00:00
all,verify_telemetry_loss_001,356290508,1781452540.0,1781452544.0,0,41,163 164 165 163 169 165 163 170 165 161 163 165 163 164 165 163 169 165 163 170 165 163 172 173 174 175 165 163 164 165 163 164 165 163 164 165 163 170 163 164 165,0.21574023365974426,1,2026-06-14 15:55:40+00:00,2026-06-14 15:55:44+00:00
all,verify_telemetry_loss_001,356290509,1781452545.0,1781452549.0,0,34,165 163 164 165 163 164 165 163 164 165 163 165 163 164 165 163 164 165 163 169 165 163 170 165 163 166 165 163 167 171 165 163 170 165,0.21419492363929749,1,2026-06-14 15:55:45+00:00,2026-06-14 15:55:49+00:00
all,verify_telemetry_loss_001,356290510,1781452550.0,1781452554.0,0,46,163 164 165 163 165 163 170 165 163 164 165 163 166 165 163 167 171 165 163 164 165 163 166 165 163 167 171 165 163 164 165 163 164 165 163 164 165 163 169 165 163 170 165 163 164 165,0.21701739728450775,1,2026-06-14 15:55:50+00:00,2026-06-14 15:55:54+00:00
all,verify_telemetry_loss_001,356290511,1781452556.0,1781452559.0,0,36,163 164 165 163 165 163 164 165 163 169 165 163 170 165 163 164 165 163 164 165 161 163 164 165 163 169 165 163 170 165 163 172 173 174 175 165,0.21535883843898773,1,2026-06-14 15:55:56+00:00,2026-06-14 15:55:59+00:00
all,verify_telemetry_loss_001,356290512,1781452561.0,1781452564.0,0,39,163 164 165 163 164 165 163 165 163 166 165 163 167 163 164 165 171 165 163 166 165 163 167 163 164 165 171 165 163 170 165 163 164 165 163 166 165 163 167,0.2164217233657837,1,2026-06-14 15:56:01+00:00,2026-06-14 15:56:04+00:00
all,verify_telemetry_loss_001,356290513,1781452565.0,1781452569.0,0,45,171 165 163 166 165 163 167 163 170 165 171 165 163 164 165 163 165 163 164 165 163 164 165 163 170 165 163 164 165 163 164 165 163 169 165 163 170 161 165 163 172 173 174 175 165,0.2143694907426834,1,2026-06-14 15:56:05+00:00,2026-06-14 15:56:09+00:00
all,verify_telemetry_loss_001,356290514,1781452570.0,1781452574.0,0,52,163 166 165 163 167 171 165 163 170 165 163 164 165 163 170 165 163 164 165 163 165 161 163 164 165 163 169 165 163 170 165 163 172 173 174 175 165 163 164 165 163 164 165 163 164 165 163 164 163 164 165 165,0.21997372806072235,1,2026-06-14 15:56:10+00:00,2026-06-14 15:56:14+00:00
all,verify_telemetry_loss_001,356290515,1781452575.0,1781452579.0,0,37,163 166 165 163 167 171 165 163 164 163 166 165 163 167 165 163 164 165 163 165 171 165 163 166 165 163 167 171 165 163 164 163 164 165 165 163 167,0.21681401133537292,1,2026-06-14 15:56:15+00:00,2026-06-14 15:56:19+00:00
all,verify_telemetry_loss_001,356290516,1781452580.0,1781452583.0,0,40,171 165 163 170 165 163 164 165 163 169 165 163 170 165 163 170 165 163 167 171 165 163 165 163 166 165 163 167 171 165 163 167 171 165 163 164 165 163 164 165,0.21585579216480255,1,2026-06-14 15:56:20+00:00,2026-06-14 15:56:23+00:00
all,verify_telemetry_loss_001,356290517,1781452585.0,1781452589.0,0,48,163 166 165 163 167 171 165 163 165 163 164 165 163 164 165 163 169 165 163 170 165 163 164 165 163 164 165 163 169 165 163 170 165 163 164 165 163 164 163 164 165 165 163 169 165 163 170 165,0.2172161340713501,1,2026-06-14 15:56:25+00:00,2026-06-14 15:56:29+00:00
all,verify_telemetry_loss_001,356290518,1781452590.0,1781452594.0,0,53,163 164 165 163 164 165 163 169 165 163 170 165 163 165 163 164 165 163 169 165 163 170 161 165 163 172 173 174 175 165 163 166 165 163 167 163 164 165 171 165 163 164 165 163 166 165 163 167 163 164 165 171 165,0.22043146193027496,1,2026-06-14 15:56:30+00:00,2026-06-14 15:56:34+00:00
all,verify_telemetry_loss_001,356290519,1781452595.0,1781452598.0,0,40,163 166 165 163 167 171 165 163 166 165 163 167 171 165 163 167 171 165 163 165 163 164 165 163 169 165 163 170 165 163 170 165 163 167 171 165 163 167 171 165,0.21518026292324066,1,2026-06-14 15:56:35+00:00,2026-06-14 15:56:38+00:00
all,verify_telemetry_loss_001,356290520,1781452601.0,1781452604.0,0,33,163 164 165 163 165 163 164 165 163 167 171 165 163 164 165 163 169 165 163 170 165 163 164 165 163 164 163 170 165 165 163 164 165,0.21400052309036255,1,2026-06-14 15:56:41+00:00,2026-06-14 15:56:44+00:00
all,verify_telemetry_loss_001,356290521,1781452606.0,1781452609.0,0,42,163 164 165 163 165 163 164 165 163 164 161 165 163 169 165 163 170 165 163 172 173 174 175 165 163 164 165 163 169 165 163 170 163 164 165 165 163 164 165 163 164 165,0.2161194533109665,1,2026-06-14 15:56:46+00:00,2026-06-14 15:56:49+00:00
all,verify_telemetry_loss_001,356290522,1781452610.0,1781452614.0,0,46,163 170 165 163 170 163 164 165 165 163 170 165 163 167 163 165 171 165 163 164 165 163 169 165 163 166 165 163 170 163 167 165 171 165 163 164 165 163 169 165 163 170 165 163 164 165,0.21665214002132416,1,2026-06-14 15:56:50+00:00,2026-06-14 15:56:54+00:00
all,verify_telemetry_loss_001,356290523,1781452615.0,1781452618.0,0,27,163 164 165 163 165 163 164 165 163 164 165 163 166 165 163 167 171 165 163 164 165 163 164 165 163 170 165,0.20179489254951477,0,2026-06-14 15:56:55+00:00,2026-06-14 15:56:58+00:00
all,verify_telemetry_loss_001,356290524,1781452620.0,1781452624.0,0,37,163 170 165 163 164 165 163 169 165 163 170 165 163 165 163 166 165 163 167 163 166 165 163 167 171 165 171 165 163 164 165 163 164 165 163 170 165,0.20938590168952942,1,2026-06-14 15:57:00+00:00,2026-06-14 15:57:04+00:00
all,verify_telemetry_loss_001,356290525,1781452625.0,1781452629.0,0,55,163 164 165 163 166 165 163 167 171 165 163 165 163 164 165 163 169 165 163 170 161 165 163 164 165 163 164 165 163 169 165 163 170 165 163 170 163 172 173 165 174 175 165 163 170 165 163 164 165 163 170 165 163 164 165,0.20944781601428986,1,2026-06-14 15:57:05+00:00,2026-06-14 15:57:09+00:00
all,verify_telemetry_loss_001,356290526,1781452630.0,1781452634.0,0,26,163 164 165 163 165 163 164 165 163 164 165 163 170 165 163 166 165 163 167 171 165 163 164 165 163 164,0.1996580958366394,0,2026-06-14 15:57:10+00:00,2026-06-14 15:57:14+00:00
all,verify_telemetry_loss_001,356290527,1781452635.0,1781452639.0,0,70,165 163 164 165 163 169 165 163 170 165 163 166 165 163 167 171 165 163 170 165 163 165 163 170 165 163 170 165 163 164 165 163 169 165 163 170 165 163 164 165 163 164 165 163 169 165 163 170 165 161 163 164 165 163 169 165 163 170 165 163 172 173 174 175 165 163 166 165 163 167,0.22053837776184082,1,2026-06-14 15:57:15+00:00,2026-06-14 15:57:19+00:00
all,verify_telemetry_loss_001,356290528,1781452640.0,1781452644.0,0,47,171 165 163 164 165 163 164 165 163 164 165 163 164 163 169 165 163 170 165 163 165 165 163 164 165 163 166 165 163 167 163 164 165 171 165 163 164 165 163 169 165 163 170 165 163 164 165,0.20706915855407715,1,2026-06-14 15:57:20+00:00,2026-06-14 15:57:24+00:00
all,verify_telemetry_loss_001,356290529,1781452645.0,1781452649.0,0,26,163 164 165 163 167 171 165 163 165 163 164 165 163 167 171 165 163 164 165 163 166 165 163 167 171 165,0.19835758209228516,0,2026-06-14 15:57:25+00:00,2026-06-14 15:57:29+00:00
all,verify_telemetry_loss_001,356290530,1781452650.0,1781452654.0,0,59,163 164 165 163 164 163 170 165 163 169 165 163 170 163 164 165 165 165 163 169 165 163 170 165 163 164 165 163 169 165 163 170 163 165 165 163 164 165 163 164 165 163 170 165 163 164 165 163 169 165 163 170 165 163 164 165 163 170 165,0.2111024260520935,1,2026-06-14 15:57:30+00:00,2026-06-14 15:57:34+00:00
all,verify_telemetry_loss_001,356290531,1781452656.0,1781452658.0,0,23,163 165 163 164 165 163 170 165 163 164 165 163 164 165 163 170 165 163 164 165 163 170 165,0.19214919209480286,0,2026-06-14 15:57:36+00:00,2026-06-14 15:57:38+00:00
all,verify_telemetry_loss_001,356290532,1781452660.0,1781452664.0,0,43,163 170 165 161 163 164 165 163 164 165 163 169 165 163 170 163 165 163 164 165 163 172 173 165 174 175 165 163 164 165 163 169 165 163 170 165 163 164 165 163 167 171 165,0.2100571244955063,1,2026-06-14 15:57:40+00:00,2026-06-14 15:57:44+00:00
all,verify_telemetry_loss_001,356290533,1781452665.0,1781452668.0,0,58,163 166 165 163 167 171 165 163 164 165 161 163 164 165 163 169 165 163 170 163 165 165 163 172 173 174 175 165 163 166 165 163 167 163 166 165 163 167 163 166 165 163 167 163 170 163 170 165 163 170 171 165 165 171 171 165 165 165,0.2173471599817276,1,2026-06-14 15:57:45+00:00,2026-06-14 15:57:48+00:00
all,verify_telemetry_loss_001,356290534,1781452671.0,1781452673.0,0,40,161 163 166 165 163 167 171 165 163 164 165 163 169 165 163 170 165 163 172 173 163 165 174 175 165 163 164 165 163 170 165 163 170 165 163 164 165 163 164 165,0.21098574995994568,1,2026-06-14 15:57:51+00:00,2026-06-14 15:57:53+00:00
all,verify_telemetry_loss_001,356290535,1781452675.0,1781452679.0,0,56,163 164 165 163 165 163 166 165 163 167 171 165 163 167 171 163 164 165 165 163 164 165 163 169 165 163 170 161 165 163 164 165 163 169 165 163 170 165 163 172 173 174 175 165 163 164 165 163 164 165 163 164 165 163 164 165,0.21551768481731415,1,2026-06-14 15:57:55+00:00,2026-06-14 15:57:59+00:00
all,verify_telemetry_loss_001,356290536,1781452680.0,1781452684.0,0,58,163 164 165 163 164 165 163 164 165 163 164 165 163 165 163 164 165 163 164 165 163 166 165 163 167 163 166 165 163 167 171 171 165 165 163 164 165 163 170 165 163 164 165 163 169 165 163 170 165 163 164 165 163 169 165 163 170 165,0.217015340924263,1,2026-06-14 15:58:00+00:00,2026-06-14 15:58:04+00:00
all,verify_telemetry_loss_001,356290537,1781452685.0,1781452689.0,0,35,163 164 165 163 164 165 163 169 165 163 170 163 170 165 165 163 165 163 170 165 163 164 165 163 164 165 163 164 165 163 164 165 163 164 165,0.21140755712985992,1,2026-06-14 15:58:05+00:00,2026-06-14 15:58:09+00:00
all,verify_telemetry_loss_001,356290538,1781452690.0,1781452694.0,0,61,163 164 165 163 169 165 163 170 165 163 166 165 163 167 171 165 163 164 163 164 163 164 165 165 165 163 164 165 163 165 163 170 165 163 164 165 163 169 165 163 170 165 163 164 165 163 170 165 163 164 163 166 165 163 167 165 171 165 163 170 165,0.21936438977718353,1,2026-06-14 15:58:10+00:00,2026-06-14 15:58:14+00:00
all,verify_telemetry_loss_001,356290539,1781452695.0,1781452699.0,0,30,163 164 165 163 164 165 163 169 165 163 170 165 163 165 163 170 165 163 170 165 163 170 165 163 164 165 163 164 163 164,0.2064119130373001,1,2026-06-14 15:58:15+00:00,2026-06-14 15:58:19+00:00
all,verify_telemetry_loss_001,356290540,1781452700.0,1781452704.0,0,64,165 165 163 169 165 163 170 165 163 170 165 163 166 165 163 167 171 165 163 164 165 163 165 163 164 165 161 163 164 165 163 169 165 163 170 163 164 165 163 169 165 163 170 165 165 163 172 173 174 175 165 163 164 165 163 164 165 163 166 165 163 167 163 167,0.21908193826675415,1,2026-06-14 15:58:20+00:00,2026-06-14 15:58:24+00:00
all,verify_telemetry_loss_001,356290541,1781452705.0,1781452709.0,0,38,171 165 171 165 163 165 163 170 165 163 164 165 163 169 165 163 170 165 163 172 173 161 163 166 165 163 167 174 175 165 171 165 163 164 165 163 164 165,0.21095378696918488,1,2026-06-14 15:58:25+00:00,2026-06-14 15:58:29+00:00
all,verify_telemetry_loss_001,356290542,1781452710.0,1781452714.0,0,48,163 164 165 163 164 165 163 164 165 163 164 165 163 165 163 164 165 163 169 165 163 170 165 163 170 165 163 164 165 163 164 165 163 164 165 163 169 165 163 170 165 163 166 165 163 167 171 165,0.20966652035713196,1,2026-06-14 15:58:30+00:00,2026-06-14 15:58:34+00:00
all,verify_telemetry_loss_001,356290543,1781452715.0,1781452719.0,0,43,163 164 161 165 163 169 165 163 170 165 163 172 173 163 164 174 175 165 165 163 164 163 165 165 163 164 165 163 164 165 163 166 165 163 167 171 165 163 164 165 163 164 165,0.2100110501050949,1,2026-06-14 15:58:35+00:00,2026-06-14 15:58:39+00:00
all,verify_telemetry_loss_001,356290544,1781452720.0,1781452724.0,0,45,163 164 165 163 164 165 163 164 165 163 164 165 163 166 165 163 167 171 165 163 165 163 164 165 163 164 165 163 170 165 163 166 165 163 167 171 165 163 164 165 183 184 163 164 165,0.20887166261672974,1,2026-06-14 15:58:40+00:00,2026-06-14 15:58:44+00:00
all,verify_telemetry_loss_001,356290545,1781452725.0,1781452729.0,0,40,185 186 163 164 165 163 164 165 163 164 165 163 165 163 166 165 163 167 171 165 163 166 165 163 167 171 165 163 166 165 163 167 163 164 165 171 165 163 170 165,0.20989030599594116,1,2026-06-14 15:58:45+00:00,2026-06-14 15:58:49+00:00
all,verify_telemetry_loss_001,356290546,1781452730.0,1781452734.0,0,55,163 166 165 163 167 171 165 163 170 163 164 165 165 163 164 165 163 164 165 163 169 165 163 170 165 163 165 163 164 165 163 166 165 163 167 171 165 163 170 165 163 164 165 163 169 165 163 170 165 163 164 165 163 164 165,0.2126249223947525,1,2026-06-14 15:58:50+00:00,2026-06-14 15:58:54+00:00
all,verify_telemetry_loss_001,356290547,1781452735.0,1781452739.0,0,53,13 2 187 4 5 161 163 164 165 163 164 165 163 169 165 163 170 165 163 172 173 174 175 165 163 170 165 163 164 165 163 165 163 164 165 163 164 165 163 170 165 163 164 165 163 169 165 163 170 165 163 164 165,0.28337931632995605,1,2026-06-14 15:58:55+00:00,2026-06-14 15:58:59+00:00
all,verify_telemetry_loss_001,356290548,1781452740.0,1781452744.0,0,40,163 167 171 165 163 164 165 163 164 165 163 169 165 163 170 165 163 165 163 164 165 163 169 165 163 170 165 163 164 165 163 164 165 163 167 171 165 163 170 165,0.20607347786426544,1,2026-06-14 15:59:00+00:00,2026-06-14 15:59:04+00:00
all,verify_telemetry_loss_001,356290549,1781452745.0,1781452749.0,0,35,163 167 171 165 163 164 165 163 164 165 163 170 165 163 164 165 163 165 163 164 165 163 169 165 163 170 165 163 164 165 163 170 165 163 164,0.2070602923631668,1,2026-06-14 15:59:05+00:00,2026-06-14 15:59:09+00:00
all,verify_telemetry_loss_001,356290550,1781452750.0,1781452754.0,0,53,35 2 188 4 5 161 165 163 164 165 163 169 165 163 170 165 163 172 173 174 175 165 163 164 165 163 165 163 164 165 163 170 165 163 164 165 163 164 165 163 164 165 163 164 165 163 169 165 163 170 165 163 170,0.28373709321022034,1,2026-06-14 15:59:10+00:00,2026-06-14 15:59:14+00:00
all,verify_telemetry_loss_001,356290551,1781452755.0,1781452759.0,0,36,165 163 164 165 163 164 165 163 165 163 164 165 6 2 189 4 5 161 163 164 165 163 169 165 163 170 165 163 172 173 174 175 165 163 164 165,0.32234492897987366,1,2026-06-14 15:59:15+00:00,2026-06-14 15:59:19+00:00
all,verify_telemetry_loss_001,356290552,1781452760.0,1781452764.0,0,72,163 164 165 163 164 165 163 165 163 170 165 163 164 165 163 164 165 163 164 165 163 166 165 163 167 171 165 13 2 190 4 5 35 2 191 4 5 161 161 163 164 165 163 169 165 163 170 165 163 172 173 163 164 174 163 164 165 163 169 165 163 170 175 165 165 165 163 172 173 174 175 165,0.3323039710521698,1,2026-06-14 15:59:20+00:00,2026-06-14 15:59:24+00:00
all,verify_telemetry_loss_001,356290553,1781452765.0,1781452769.0,0,49,163 166 165 163 167 163 164 163 164 165 165 163 169 165 163 164 163 170 171 165 165 163 169 163 170 165 163 170 165 165 165 163 165 163 166 165 163 167 171 165 163 164 165 163 164 165 163 164 165,0.206407368183136,1,2026-06-14 15:59:25+00:00,2026-06-14 15:59:29+00:00
all,verify_telemetry_loss_001,356290554,1781452770.0,1781452774.0,0,30,163 166 165 163 167 171 163 164 165 165 163 164 165 163 165 163 164 165 163 164 165 163 164 165 163 164 165 163 164 165,0.20385392010211945,0,2026-06-14 15:59:30+00:00,2026-06-14 15:59:34+00:00
all,verify_telemetry_loss_001,356290555,1781452775.0,1781452779.0,0,43,163 164 165 163 166 165 163 167 163 164 165 171 165 163 164 165 163 169 165 163 170 165 163 165 163 164 165 163 167 171 165 163 164 165 163 164 163 170 165 165 163 170 165,0.20398321747779846,0,2026-06-14 15:59:35+00:00,2026-06-14 15:59:39+00:00
all,verify_telemetry_loss_001,356290556,1781452781.0,1781452784.0,0,62,163 164 165 163 164 165 163 165 1 2 192 4 5 161 163 167 163 164 165 163 169 165 163 170 171 165 165 163 172 173 163 164 165 174 175 165 163 164 165 163 169 165 163 170 163 166 165 163 167 165 163 164 165 171 165 163 164 165 163 167 171 165,0.3183527886867523,1,2026-06-14 15:59:41+00:00,2026-06-14 15:59:44+00:00
all,verify_telemetry_loss_001,356290557,1781452785.0,1781452789.0,0,51,163 170 165 163 164 165 163 165 163 170 165 163 164 165 163 166 165 163 167 163 164 165 163 169 165 163 170 165 171 165 163 170 165 163 164 165 163 164 165 163 164 165 163 169 165 163 170 165 163 164 165,0.20548900961875916,1,2026-06-14 15:59:45+00:00,2026-06-14 15:59:49+00:00
all,verify_telemetry_loss_001,356290558,1781452790.0,1781452794.0,0,74,163 164 165 163 164 165 163 169 165 163 170 165 163 165 10 2 193 4 5 161 163 164 165 163 164 165 163 169 165 163 170 165 163 172 173 174 175 165 163 170 165 10 2 194 4 5 161 163 164 165 163 169 165 163 170 165 163 172 173 174 175 165 163 167 163 166 165 171 163 167 165 163 164 165,0.3284973204135895,1,2026-06-14 15:59:50+00:00,2026-06-14 15:59:54+00:00
all,verify_telemetry_loss_001,356290559,1781452795.0,1781452799.0,0,36,171 165 163 164 165 163 170 165 163 167 163 164 165 171 165 163 165 163 164 165 163 166 165 163 167 171 165 163 164 165 163 164 165 163 170 165,0.20609024167060852,1,2026-06-14 15:59:55+00:00,2026-06-14 15:59:59+00:00
all,verify_telemetry_loss_001,356290560,1781452800.0,1781452804.0,0,39,163 166 165 163 167 171 165 163 165 163 166 165 163 167 163 167 163 164 165 163 169 165 163 170 163 166 165 163 167 165 163 164 165 163 164 165 163 164 165,0.2068580687046051,1,2026-06-14 16:00:00+00:00,2026-06-14 16:00:04+00:00
all,verify_telemetry_loss_001,356290561,1781452805.0,1781452809.0,0,37,163 167 163 164 165 163 169 165 163 170 163 170 171 165 165 165 163 165 171 165 163 164 165 171 165 163 170 165 163 164 165 163 167 171 171 165 165,0.20576578378677368,1,2026-06-14 16:00:05+00:00,2026-06-14 16:00:09+00:00
all,verify_telemetry_loss_001,356290562,1781452810.0,1781452814.0,0,39,163 164 165 163 169 165 163 170 165 163 170 165 163 164 165 163 164 165 163 165 163 166 165 163 167 163 164 165 171 165 163 164 165 163 170 165 163 164 165,0.20550072193145752,1,2026-06-14 16:00:10+00:00,2026-06-14 16:00:14+00:00
all,verify_telemetry_loss_001,356290563,1781452815.0,1781452819.0,0,27,163 166 165 163 167 171 165 163 164 165 163 165 163 164 165 163 164 165 163 164 165 163 164 165 163 170 165,0.20428712666034698,0,2026-06-14 16:00:15+00:00,2026-06-14 16:00:19+00:00
all,verify_telemetry_loss_001,356290564,1781452820.0,1781452824.0,0,47,163 164 165 163 164 165 163 164 165 163 164 165 163 164 165 163 165 163 164 165 163 164 165 163 164 165 163 170 165 163 164 165 163 169 165 163 170 163 170 165 165 163 164 165 163 164 165,0.21352186799049377,1,2026-06-14 16:00:20+00:00,2026-06-14 16:00:24+00:00
all,verify_telemetry_loss_001,356290565,1781452825.0,1781452829.0,0,52,1 2 195 4 5 161 163 164 165 163 169 165 163 170 165 163 172 173 174 175 165 163 164 165 163 169 165 163 170 165 163 164 165 163 165 163 164 165 163 164 165 163 164 165 163 170 165 163 166 165 163 167,0.2960319221019745,1,2026-06-14 16:00:25+00:00,2026-06-14 16:00:29+00:00
all,verify_telemetry_loss_001,356290566,1781452830.0,1781452834.0,0,43,163 164 165 163 169 165 163 170 171 165 165 163 165 163 164 165 163 170 165 163 166 165 163 167 163 167 171 171 165 165 163 164 165 163 169 163 166 165 163 167 165 163 170,0.21088802814483643,1,2026-06-14 16:00:30+00:00,2026-06-14 16:00:34+00:00
all,verify_telemetry_loss_001,356290567,1781452835.0,1781452839.0,0,38,163 164 165 165 163 164 165 163 164 165 171 165 163 170 165 163 165 163 170 165 163 164 165 163 164 165 163 164 165 163 169 165 163 170 165 163 170 165,0.21345441043376923,1,2026-06-14 16:00:35+00:00,2026-06-14 16:00:39+00:00
all,verify_telemetry_loss_001,356290568,1781452840.0,1781452844.0,0,59,163 164 165 163 164 165 163 164 165 163 166 165 163 167 163 165 171 165 163 166 165 163 167 171 165 10 2 196 4 5 161 163 164 165 163 169 165 163 170 165 163 172 173 174 175 165 163 166 165 163 167 171 165 163 170 165 163 164 165,0.32400810718536377,1,2026-06-14 16:00:40+00:00,2026-06-14 16:00:44+00:00
all,verify_telemetry_loss_001,356290569,1781452845.0,1781452849.0,0,45,163 170 165 163 164 165 163 165 163 170 165 163 164 165 163 164 165 163 164 165 163 170 165 163 167 171 165 163 164 165 163 169 165 163 170 165 163 164 165 163 169 165 163 170 165,0.21150492131710052,1,2026-06-14 16:00:45+00:00,2026-06-14 16:00:49+00:00
all,verify_telemetry_loss_001,356290570,1781452850.0,1781452854.0,0,41,163 170 163 164 163 170 165 165 165 163 164 165 163 169 165 163 170 165 163 165 163 164 165 163 164 165 163 170 165 163 164 165 163 169 165 163 170 163 164 165 165,0.21139949560165405,1,2026-06-14 16:00:50+00:00,2026-06-14 16:00:54+00:00
all,verify_telemetry_loss_001,356290571,1781452855.0,1781452859.0,0,53,163 164 163 164 165 165 163 165 163 164 165 163 166 165 163 167 163 167 171 165 171 165 13 163 167 163 164 165 171 165 163 164 165 163 169 165 163 170 165 163 172 173 2 197 4 5 161 174 175 165 163 164 165,0.3086872398853302,1,2026-06-14 16:00:55+00:00,2026-06-14 16:00:59+00:00
all,verify_telemetry_loss_001,356290572,1781452860.0,1781452864.0,0,27,163 164 165 163 164 165 163 170 165 163 165 163 164 165 163 164 165 163 170 165 163 167 163 164 165 171 165,0.20643894374370575,1,2026-06-14 16:01:00+00:00,2026-06-14 16:01:04+00:00
all,verify_telemetry_loss_001,356290573,1781452865.0,1781452869.0,0,44,163 166 165 163 167 171 165 163 166 165 163 167 163 164 165 171 165 163 164 165 163 165 163 164 165 163 166 165 163 167 163 164 165 171 165 163 164 165 163 170 165 163 164 165,0.2163834571838379,1,2026-06-14 16:01:05+00:00,2026-06-14 16:01:09+00:00
all,verify_telemetry_loss_001,356290574,1781452870.0,1781452874.0,0,28,163 170 165 163 164 165 163 165 163 164 165 163 164 165 163 169 165 163 170 163 164 165 165 163 169 165 163 170,0.2073155790567398,1,2026-06-14 16:01:10+00:00,2026-06-14 16:01:14+00:00
all,verify_telemetry_loss_001,356290575,1781452875.0,1781452879.0,0,52,165 163 164 165 163 169 165 163 170 165 163 164 165 163 164 165 163 164 165 163 165 163 166 165 163 167 171 165 163 166 165 163 167 163 170 165 171 165 163 164 165 163 164 165 163 164 165 163 170 165 163 164,0.22069117426872253,1,2026-06-14 16:01:15+00:00,2026-06-14 16:01:19+00:00
all,verify_telemetry_loss_001,356290576,1781452880.0,1781452884.0,0,28,165 163 165 163 164 165 163 169 165 163 170 165 163 167 171 165 163 164 165 163 164 165 163 170 165 163 170 165,0.2079189568758011,1,2026-06-14 16:01:20+00:00,2026-06-14 16:01:24+00:00
all,verify_telemetry_loss_001,356290577,1781452885.0,1781452889.0,0,30,163 164 165 163 164 165 163 165 163 164 165 163 166 165 163 167 171 165 163 164 165 163 164 165 163 170 165 163 164 165,0.21135570108890533,1,2026-06-14 16:01:25+00:00,2026-06-14 16:01:29+00:00
all,verify_telemetry_loss_001,356290578,1781452890.0,1781452894.0,0,50,163 164 165 163 164 165 163 169 165 163 170 165 163 166 165 163 167 171 165 163 165 163 164 165 163 164 165 163 164 165 163 166 165 163 167 171 165 163 166 165 163 167 171 165 163 164 165 163 164 165,0.21935990452766418,1,2026-06-14 16:01:30+00:00,2026-06-14 16:01:34+00:00
all,verify_telemetry_loss_001,356290579,1781452895.0,1781452899.0,0,87,163 164 165 163 169 165 163 170 165 163 164 165 163 165 163 170 165 163 164 165 163 164 165 163 164 163 164 165 165 163 169 165 163 170 165 163 166 165 163 167 1 6 2 198 4 5 2 199 4 5 161 161 163 164 163 164 165 163 169 165 163 170 165 163 169 165 163 170 171 165 165 163 172 173 163 170 165 163 172 173 174 175 165 174 165 175 165,0.30416789650917053,1,2026-06-14 16:01:35+00:00,2026-06-14 16:01:39+00:00
all,verify_telemetry_loss_001,356290580,1781452900.0,1781452903.0,0,37,163 164 165 163 169 165 163 170 165 163 164 165 163 167 171 165 163 170 165 163 165 163 170 163 164 165 165 163 164 165 163 166 165 163 167 171 165,0.19978949427604675,0,2026-06-14 16:01:40+00:00,2026-06-14 16:01:43+00:00
all,verify_telemetry_loss_001,356290581,1781452905.0,1781452909.0,0,53,163 164 165 163 164 165 163 164 165 163 165 163 164 165 163 164 165 163 169 165 163 170 165 163 164 165 163 164 165 163 169 165 163 170 163 170 165 165 163 164 165 163 164 165 163 164 165 163 169 165 163 170 165,0.19756264984607697,0,2026-06-14 16:01:45+00:00,2026-06-14 16:01:49+00:00
all,verify_telemetry_loss_001,356290582,1781452910.0,1781452914.0,0,41,163 164 165 163 166 165 163 164 163 167 165 171 165 163 165 163 167 171 165 163 164 165 163 169 165 163 170 165 163 164 165 163 164 165 163 166 165 163 167 171 165,0.19760653376579285,0,2026-06-14 16:01:50+00:00,2026-06-14 16:01:54+00:00
all,verify_telemetry_loss_001,356290583,1781452915.0,1781452919.0,0,41,163 164 165 163 164 165 163 164 165 163 165 163 164 165 163 164 165 163 164 165 163 164 165 163 164 165 163 169 165 163 170 165 163 170 165 163 164 165 163 164 165,0.19732598960399628,0,2026-06-14 16:01:55+00:00,2026-06-14 16:01:59+00:00
all,verify_telemetry_loss_001,356290584,1781452920.0,1781452923.0,0,61,163 164 165 163 166 165 163 167 163 164 165 163 169 165 163 170 163 164 171 165 165 165 163 164 165 163 165 163 164 165 163 169 165 163 170 165 163 167 171 165 163 170 163 164 165 165 163 164 163 164 165 165 163 164 165 163 169 165 163 170 165,0.2000247985124588,0,2026-06-14 16:02:00+00:00,2026-06-14 16:02:03+00:00
all,verify_telemetry_loss_001,356290585,1781452925.0,1781452929.0,0,87,163 164 165 163 169 165 163 170 165 163 165 163 164 165 163 166 165 163 167 171 165 163 170 165 163 164 165 163 164 165 163 169 165 163 170 1 2 3 4 5 6 2 7 4 5 161 161 165 163 172 173 163 164 165 163 169 165 163 170 163 164 163 164 163 164 174 165 165 163 169 175 165 165 163 170 165 165 163 164 165 163 172 173 165 174 175 165,0.30075231194496155,1,2026-06-14 16:02:05+00:00,2026-06-14 16:02:09+00:00
all,verify_telemetry_loss_001,356290586,1781452931.0,1781452934.0,0,61,163 165 163 164 165 163 169 163 164 165 163 170 165 163 169 165 163 170 165 163 164 163 170 165 165 163 164 165 165 163 164 165 163 170 165 8 2 9 4 5 161 163 166 165 163 167 171 165 163 164 165 163 169 165 163 170 165 163 172 173 174,0.26615771651268005,1,2026-06-14 16:02:11+00:00,2026-06-14 16:02:14+00:00
all,verify_telemetry_loss_001,356290587,1781452935.0,1781452939.0,0,40,175 165 163 164 165 163 165 163 170 165 163 164 165 163 164 165 163 169 165 163 170 165 163 170 165 163 170 165 163 164 165 163 170 165 163 170 165 163 164 165,0.20027509331703186,0,2026-06-14 16:02:15+00:00,2026-06-14 16:02:19+00:00
all,verify_telemetry_loss_001,356290588,1781452940.0,1781452944.0,0,36,163 170 165 163 164 165 163 164 165 163 165 163 164 165 163 164 165 163 164 165 163 164 165 163 164 165 163 164 165 163 169 165 163 170 163 164,0.20272177457809448,0,2026-06-14 16:02:20+00:00,2026-06-14 16:02:24+00:00
all,verify_telemetry_loss_001,356290589,1781452945.0,1781452949.0,0,37,165 163 169 165 163 170 163 170 163 164 165 165 165 165 163 165 163 167 171 165 163 164 165 163 170 165 163 164 165 163 164 165 163 164 165 163 169,0.20176547765731812,0,2026-06-14 16:02:25+00:00,2026-06-14 16:02:29+00:00
all,verify_telemetry_loss_001,356290590,1781452950.0,1781452954.0,0,41,165 163 170 163 167 165 171 165 163 170 165 163 164 165 163 170 165 163 165 163 166 165 163 167 163 164 165 171 165 163 164 165 163 164 165 163 169 165 163 170 165,0.19934043288230896,0,2026-06-14 16:02:30+00:00,2026-06-14 16:02:34+00:00
all,verify_telemetry_loss_001,356290591,1781452955.0,1781452958.0,0,35,163 164 165 163 164 165 163 164 165 163 164 165 163 164 165 163 169 165 163 170 165 163 165 163 164 165 163 169 165 163 170 165 163 164 165,0.20159901678562164,0,2026-06-14 16:02:35+00:00,2026-06-14 16:02:38+00:00
all,verify_telemetry_loss_001,356290592,1781452960.0,1781452964.0,0,81,163 164 165 163 164 165 163 169 165 163 164 163 170 165 165 10 2 11 4 5 161 163 164 165 163 169 165 163 170 165 163 172 173 163 165 174 175 165 163 164 165 163 166 165 163 167 171 165 163 164 165 163 164 165 163 164 165 163 166 165 163 167 163 164 163 164 165 163 169 165 163 170 165 165 163 166 165 163 167 171 165,0.3126969337463379,1,2026-06-14 16:02:40+00:00,2026-06-14 16:02:44+00:00
all,verify_telemetry_loss_001,356290593,1781452965.0,1781452968.0,0,42,171 165 163 167 171 165 163 165 10 2 12 4 5 161 163 166 165 163 167 171 165 163 164 165 163 169 165 163 170 165 163 172 173 174 175 165 163 164 165 163 170 165,0.310820072889328,1,2026-06-14 16:02:45+00:00,2026-06-14 16:02:48+00:00
all,verify_telemetry_loss_001,356290594,1781452970.0,1781452974.0,0,53,163 164 165 163 170 165 163 166 165 163 167 171 165 163 167 171 165 163 165 163 170 165 163 166 165 163 167 171 165 163 164 165 163 164 165 163 164 165 163 170 165 163 164 165 163 164 165 163 169 165 163 170 165,0.20138806104660034,0,2026-06-14 16:02:50+00:00,2026-06-14 16:02:54+00:00
all,verify_telemetry_loss_001,356290595,1781452975.0,1781452979.0,0,87,13 2 14 4 5 161 163 170 165 163 164 165 163 169 165 163 170 165 163 164 165 163 169 165 163 170 165 163 172 173 174 175 165 163 166 165 163 167 163 164 165 171 165 163 165 10 2 15 4 5 161 163 170 165 163 164 165 163 169 165 163 170 165 163 172 173 163 164 174 165 175 165 163 164 165 163 164 165 163 164 165 163 169 165 163 170 165,0.30731308460235596,1,2026-06-14 16:02:55+00:00,2026-06-14 16:02:59+00:00
all,verify_telemetry_loss_001,356290596,1781452980.0,1781452984.0,0,29,163 164 163 164 165 165 163 169 165 163 170 165 163 165 163 164 165 163 164 165 163 164 165 163 164 165 163 164 165,0.19647784531116486,0,2026-06-14 16:03:00+00:00,2026-06-14 16:03:04+00:00
all,verify_telemetry_loss_001,356290597,1781452985.0,1781452989.0,0,74,163 164 165 163 164 163 170 163 170 165 163 164 165 165 165 163 164 165 163 165 163 164 165 163 169 165 163 170 165 10 2 16 4 5 161 163 166 165 163 167 171 165 163 164 165 163 164 165 163 169 165 163 170 165 163 172 173 163 170 174 175 165 163 170 165 165 163 164 165 163 169 165 163 170,0.3007736802101135,1,2026-06-14 16:03:05+00:00,2026-06-14 16:03:09+00:00
all,verify_telemetry_loss_001,356290598,1781452990.0,1781452994.0,0,44,165 163 165 163 164 165 163 164 165 163 166 165 163 167 163 164 165 163 169 6 2 17 4 5 161 165 163 170 163 167 171 165 163 164 165 163 172 173 165 174 175 165 171 165,0.3060573935508728,1,2026-06-14 16:03:10+00:00,2026-06-14 16:03:14+00:00
all,verify_telemetry_loss_001,356290599,1781452995.0,1781452999.0,0,52,163 166 165 163 167 163 170 171 165 165 163 170 165 163 170 163 164 165 165 163 170 165 163 165 163 170 165 163 164 165 163 164 165 163 166 165 163 167 163 164 165 163 169 165 163 170 165 171 165 163 170 165,0.19701255857944489,0,2026-06-14 16:03:15+00:00,2026-06-14 16:03:19+00:00
all,verify_telemetry_loss_001,356290600,1781453001.0,1781453004.0,0,60,163 164 165 163 165 163 170 165 163 164 165 163 169 165 163 170 165 163 166 165 163 167 171 165 163 170 165 6 2 18 4 5 161 163 164 165 163 169 165 163 170 165 163 172 173 174 175 165 163 164 165 163 169 165 163 170 165 163 164 165,0.3005167841911316,1,2026-06-14 16:03:21+00:00,2026-06-14 16:03:24+00:00
all,verify_telemetry_loss_001,356290601,1781453005.0,1781453009.0,0,56,163 167 171 165 163 165 163 164 165 163 169 165 163 170 165 163 164 163 170 165 165 163 164 165 163 164 165 163 164 165 163 169 165 163 170 10 2 19 4 5 161 165 163 172 173 174 175 165 163 164 163 166 165 165 163 167,0.2636857330799103,1,2026-06-14 16:03:25+00:00,2026-06-14 16:03:29+00:00
all,verify_telemetry_loss_001,356290602,1781453010.0,1781453014.0,0,35,171 165 163 164 163 170 165 165 163 164 165 163 167 171 165 163 165 163 164 165 163 164 165 163 170 165 163 164 165 163 164 165 163 164 165,0.20009545981884003,0,2026-06-14 16:03:30+00:00,2026-06-14 16:03:34+00:00
all,verify_telemetry_loss_001,356290603,1781453016.0,1781453019.0,0,21,163 165 163 164 165 163 164 165 163 166 165 163 167 163 170 165 171 165 163 164 165,0.18766354024410248,0,2026-06-14 16:03:36+00:00,2026-06-14 16:03:39+00:00
all,verify_telemetry_loss_001,356290604,1781453020.0,1781453024.0,0,29,163 164 165 163 164 165 163 165 163 164 165 163 164 165 163 164 165 163 164 165 163 164 165 163 164 165 163 164 165,0.21016865968704224,1,2026-06-14 16:03:40+00:00,2026-06-14 16:03:44+00:00
all,verify_telemetry_loss_001,356290605,1781453025.0,1781453029.0,0,39,163 164 165 163 167 163 170 165 171 165 163 165 163 164 165 163 164 165 163 169 165 163 170 165 163 164 165 163 164 165 163 164 165 163 169 165 163 170 165,0.21634674072265625,1,2026-06-14 16:03:45+00:00,2026-06-14 16:03:49+00:00
all,verify_telemetry_loss_001,356290606,1781453030.0,1781453034.0,0,41,163 164 165 163 166 165 163 167 163 166 165 163 167 171 165 171 165 163 170 165 163 164 165 163 169 165 163 170 165 163 165 163 166 165 163 167 171 165 163 164 165,0.21557246148586273,1,2026-06-14 16:03:50+00:00,2026-06-14 16:03:54+00:00
all,verify_telemetry_loss_001,356290607,1781453035.0,1781453038.0,0,45,163 164 163 164 165 165 163 164 165 163 164 165 163 164 165 163 170 165 163 164 163 164 165 165 163 165 163 164 165 163 164 165 163 169 165 163 170 165 163 167 171 165 163 164 165,0.21671421825885773,1,2026-06-14 16:03:55+00:00,2026-06-14 16:03:58+00:00
all,verify_telemetry_loss_001,356290608,1781453041.0,1781453044.0,0,52,10 2 20 4 5 161 163 164 163 166 165 163 167 165 163 169 165 163 170 165 163 172 173 163 165 174 175 165 171 165 163 164 165 163 164 165 163 164 165 163 167 171 165 163 170 165 163 164 165 163 170 165,0.301880806684494,1,2026-06-14 16:04:01+00:00,2026-06-14 16:04:04+00:00
all,verify_telemetry_loss_001,356290609,1781453045.0,1781453049.0,0,51,163 164 165 163 164 165 163 165 163 164 165 163 170 165 163 164 165 163 170 165 8 2 21 4 5 161 163 164 165 163 169 165 163 170 165 163 172 173 174 175 165 163 166 165 163 167 163 164 165 171 165,0.32675209641456604,1,2026-06-14 16:04:05+00:00,2026-06-14 16:04:09+00:00
all,verify_telemetry_loss_001,356290610,1781453050.0,1781453054.0,0,41,163 166 165 163 167 171 165 163 164 165 163 164 165 163 165 163 170 165 163 166 165 163 167 163 164 165 163 169 165 163 170 165 163 167 171 165 171 165 163 170 165,0.2154863327741623,1,2026-06-14 16:04:10+00:00,2026-06-14 16:04:14+00:00
all,verify_telemetry_loss_001,356290611,1781453055.0,1781453059.0,0,78,163 164 165 163 169 165 163 170 163 166 165 163 167 165 171 165 163 164 165 163 164 165 163 169 165 163 170 165 163 164 165 163 167 163 165 171 165 163 164 165 163 169 165 163 170 8 2 22 4 5 161 163 164 165 163 172 173 165 174 175 165 163 164 165 163 164 165 163 169 165 163 170 165 163 164 163 164 165,0.28515705466270447,1,2026-06-14 16:04:15+00:00,2026-06-14 16:04:19+00:00
all,verify_telemetry_loss_001,356290612,1781453060.0,1781453064.0,0,33,165 163 164 165 163 169 165 163 170 165 163 165 163 164 165 163 164 165 163 164 165 163 164 165 163 169 165 163 170 165 163 164 165,0.20121081173419952,0,2026-06-14 16:04:20+00:00,2026-06-14 16:04:24+00:00
all,verify_telemetry_loss_001,356290613,1781453065.0,1781453069.0,0,62,163 166 165 163 167 171 165 163 164 165 163 169 165 163 170 165 163 166 165 163 167 171 165 163 165 163 166 165 163 167 163 164 163 164 171 165 165 165 163 169 165 163 170 165 163 164 165 163 169 165 163 170 165 163 164 165 163 164 165 163 164 165,0.2037944793701172,0,2026-06-14 16:04:25+00:00,2026-06-14 16:04:29+00:00
all,verify_telemetry_loss_001,356290614,1781453070.0,1781453074.0,0,58,163 164 165 163 169 165 163 170 165 163 164 165 163 169 165 163 170 163 165 165 163 166 165 163 167 171 165 163 170 165 163 167 163 164 165 163 164 165 163 169 165 163 170 165 163 170 171 165 165 163 164 165 163 169 165 163 170 165,0.2020363211631775,0,2026-06-14 16:04:30+00:00,2026-06-14 16:04:34+00:00
all,verify_telemetry_loss_001,356290615,1781453075.0,1781453078.0,0,27,163 166 165 163 167 171 165 163 164 165 163 165 163 164 165 163 164 165 163 164 165 163 170 165 163 170 165,0.19549451768398285,0,2026-06-14 16:04:35+00:00,2026-06-14 16:04:38+00:00
all,verify_telemetry_loss_001,356290616,1781453080.0,1781453084.0,0,42,163 164 165 163 164 165 163 164 165 163 166 165 163 167 163 164 163 164 165 165 163 169 165 163 170 165 163 165 163 164 165 163 164 171 165 165 163 164 165 163 170 165,0.20018069446086884,0,2026-06-14 16:04:40+00:00,2026-06-14 16:04:44+00:00
all,verify_telemetry_loss_001,356290617,1781453085.0,1781453089.0,0,42,163 166 165 163 167 163 170 171 165 165 163 164 165 10 163 164 165 163 165 163 164 165 163 169 165 163 170 165 163 172 173 2 23 4 5 161 174 175 165 163 170 165,0.2865162789821625,1,2026-06-14 16:04:45+00:00,2026-06-14 16:04:49+00:00
all,verify_telemetry_loss_001,356290618,1781453090.0,1781453094.0,0,82,163 164 165 163 164 165 163 166 165 163 167 163 164 165 163 166 165 163 167 163 164 165 163 169 165 163 170 163 165 165 1 2 24 4 5 161 163 164 165 163 169 165 163 170 171 171 165 165 165 163 172 173 174 175 165 163 164 165 10 2 25 4 5 161 163 164 165 163 169 165 163 170 165 163 172 173 174 163 170 175 165 165,0.3188348114490509,1,2026-06-14 16:04:50+00:00,2026-06-14 16:04:54+00:00
all,verify_telemetry_loss_001,356290619,1781453095.0,1781453099.0,0,26,163 164 165 163 164 165 163 165 163 164 165 163 170 163 164 165 165 163 164 165 163 164 165 163 164 165,0.19645407795906067,0,2026-06-14 16:04:55+00:00,2026-06-14 16:04:59+00:00
all,verify_telemetry_loss_001,356290620,1781453100.0,1781453104.0,0,54,163 164 165 163 166 165 163 167 163 164 165 163 165 171 165 163 164 165 163 169 165 163 170 165 163 164 165 163 164 165 10 2 26 4 5 161 163 164 165 163 164 165 163 169 165 163 170 165 163 172 173 174 175 165,0.2961200475692749,1,2026-06-14 16:05:00+00:00,2026-06-14 16:05:04+00:00
all,verify_telemetry_loss_001,356290621,1781453105.0,1781453109.0,0,64,163 164 165 163 164 165 163 170 165 163 164 165 163 164 165 163 165 163 164 165 163 170 163 164 165 165 163 169 165 163 170 10 2 27 4 5 161 165 163 172 173 163 164 165 163 169 165 174 163 170 175 165 165 163 164 165 163 166 165 163 167 163 164 165,0.29964110255241394,1,2026-06-14 16:05:05+00:00,2026-06-14 16:05:09+00:00
all,verify_telemetry_loss_001,356290622,1781453110.0,1781453114.0,0,63,163 166 165 163 167 171 165 171 165 163 164 165 163 164 165 163 165 1 2 28 4 5 161 163 164 165 163 164 165 163 164 165 163 169 165 163 170 165 163 172 173 174 175 165 163 164 165 163 164 165 163 167 163 170 165 171 165 163 164 165 163 170 165,0.31328240036964417,1,2026-06-14 16:05:10+00:00,2026-06-14 16:05:14+00:00
all,verify_telemetry_loss_001,356290623,1781453115.0,1781453117.0,0,49,10 163 164 165 163 164 165 163 164 165 163 164 165 163 169 165 163 170 165 163 172 173 2 29 4 5 161 174 175 165 163 164 165 163 169 165 163 170 165 163 165 163 170 163 164 176 165 177 165,0.3177233040332794,1,2026-06-14 16:05:15+00:00,2026-06-14 16:05:17+00:00
all,verify_telemetry_loss_001,356290624,1781453120.0,1781453124.0,0,59,163 170 177 165 163 164 176 165 163 165 163 170 163 164 176 165 177 165 1 2 30 4 5 161 163 164 176 165 163 169 176 165 163 172 173 174 175 165 163 164 176 165 163 164 176 165 163 170 177 176 165 163 167 176 165 163 164 176 165,0.349809855222702,1,2026-06-14 16:05:20+00:00,2026-06-14 16:05:24+00:00
all,verify_telemetry_loss_001,356290625,1781453125.0,1781453129.0,0,76,10 163 164 176 165 163 169 176 165 163 172 173 175 176 165 163 164 176 165 163 166 165 163 167 176 165 163 164 176 165 163 165 163 164 176 165 163 164 176 165 163 164 176 165 163 169 176 165 163 170 177 165 163 164 176 165 163 164 176 165 163 164 176 165 163 164 176 165 163 170 177 165 163 164 176 165,0.3540278971195221,1,2026-06-14 16:05:25+00:00,2026-06-14 16:05:29+00:00
all,verify_telemetry_loss_001,356290626,1781453130.0,1781453134.0,0,31,163 164 176 165 163 164 176 165 163 164 176 165 163 165 163 164 176 165 163 169 176 165 163 164 176 165 163 170 177 176 165,0.3533509075641632,1,2026-06-14 16:05:30+00:00,2026-06-14 16:05:34+00:00
all,verify_telemetry_loss_001,356290627,1781453135.0,1781453139.0,0,61,163 164 176 165 163 164 176 165 163 169 176 165 163 165 163 164 176 165 163 170 177 165 13 2 31 4 5 161 163 164 176 165 163 164 176 165 163 169 176 165 163 164 176 165 163 169 176 165 163 172 173 174 175 165 163 166 165 163 167 176 165,0.34970271587371826,1,2026-06-14 16:05:35+00:00,2026-06-14 16:05:39+00:00
all,verify_telemetry_loss_001,356290628,1781453140.0,1781453143.0,0,62,10 2 32 4 5 161 163 164 176 165 163 169 176 165 163 172 173 174 175 165 163 164 176 165 163 166 165 163 167 176 165 163 170 163 164 176 165 177 176 165 163 165 163 170 177 176 165 163 164 176 165 163 164 176 165 163 166 165 163 167 176 165,0.34620437026023865,1,2026-06-14 16:05:40+00:00,2026-06-14 16:05:43+00:00
all,verify_telemetry_loss_001,356290629,1781453145.0,1781453149.0,0,58,163 170 177 165 163 164 176 165 163 165 163 164 176 165 163 164 176 165 163 164 176 165 163 164 176 165 1 2 33 4 5 161 163 164 176 165 163 169 176 165 163 164 176 165 163 169 176 165 163 172 173 174 175 165 163 164 176 165,0.353111207485199,1,2026-06-14 16:05:45+00:00,2026-06-14 16:05:49+00:00
all,verify_telemetry_loss_001,356290630,1781453150.0,1781453154.0,0,52,163 164 176 165 163 169 176 165 163 167 176 165 163 164 176 165 163 166 165 163 167 176 165 163 166 165 163 167 176 165 163 165 163 164 176 165 163 164 176 165 163 169 176 165 163 164 176 165 163 164 176 165,0.3367568850517273,1,2026-06-14 16:05:50+00:00,2026-06-14 16:05:54+00:00
all,verify_telemetry_loss_001,356290631,1781453156.0,1781453158.0,0,73,163 165 8 163 164 176 165 163 169 176 165 163 164 176 165 163 169 176 165 163 172 173 175 176 165 10 2 34 4 5 161 163 164 176 165 163 164 176 165 163 164 176 165 163 169 176 165 163 164 176 165 163 169 176 165 163 172 173 174 175 165 163 164 176 165 163 164 176 165 163 170 177 165,0.35804328322410583,1,2026-06-14 16:05:56+00:00,2026-06-14 16:05:58+00:00
all,verify_telemetry_loss_001,356290632,1781453160.0,1781453164.0,0,26,163 164 176 165 163 164 176 165 163 164 176 165 163 169 176 165 163 165 163 164 176 165 163 164 176 165,0.3452708423137665,1,2026-06-14 16:06:00+00:00,2026-06-14 16:06:04+00:00
all,verify_telemetry_loss_001,356290633,1781453165.0,1781453169.0,0,69,163 164 176 165 163 166 165 163 167 176 165 163 165 35 163 164 176 165 163 164 176 165 163 164 176 165 163 164 176 165 163 169 176 165 163 164 176 165 163 169 176 165 163 172 173 175 176 165 163 170 177 176 165 163 164 176 165 163 169 176 165 163 170 177 165 163 167 176 165,0.34880363941192627,1,2026-06-14 16:06:05+00:00,2026-06-14 16:06:09+00:00
all,verify_telemetry_loss_001,356290634,1781453171.0,1781453174.0,0,34,163 164 176 165 163 169 176 165 163 165 163 164 176 165 163 169 176 165 163 167 176 165 163 164 176 165 163 164 176 165 163 164 176 165,0.3502140939235687,1,2026-06-14 16:06:11+00:00,2026-06-14 16:06:14+00:00
all,verify_telemetry_loss_001,356290635,1781453175.0,1781453179.0,0,37,163 164 176 165 163 164 176 165 163 164 176 165 163 164 176 165 163 165 163 164 176 165 163 164 176 165 163 164 176 165 163 166 165 163 167 176 165,0.3507440686225891,1,2026-06-14 16:06:15+00:00,2026-06-14 16:06:19+00:00
all,verify_telemetry_loss_001,356290636,1781453180.0,1781453184.0,0,45,163 164 176 165 163 164 176 165 163 165 163 164 176 163 164 163 176 170 165 165 163 166 165 163 170 163 167 177 176 165 163 164 176 165 177 176 165 165 163 166 165 163 167 176 165,0.35785287618637085,1,2026-06-14 16:06:20+00:00,2026-06-14 16:06:24+00:00
all,verify_telemetry_loss_001,356290637,1781453186.0,1781453189.0,0,65,163 164 176 165 163 165 163 164 176 165 163 164 176 165 163 164 176 165 163 166 165 163 167 176 165 163 170 177 165 1 2 36 4 5 161 163 164 176 165 163 169 176 165 163 172 173 174 175 165 163 164 176 165 163 170 177 165 163 164 176 165 163 169 176 165,0.3574051856994629,1,2026-06-14 16:06:26+00:00,2026-06-14 16:06:29+00:00
all,verify_telemetry_loss_001,356290638,1781453190.0,1781453194.0,0,65,163 164 176 165 163 164 176 165 163 165 163 164 176 165 163 164 176 165 163 164 176 165 163 164 176 165 163 169 176 165 163 164 176 165 163 169 176 165 1 163 170 163 164 176 165 177 165 163 164 176 165 163 169 176 165 163 172 173 175 176 165 163 164 176 165,0.36065882444381714,1,2026-06-14 16:06:30+00:00,2026-06-14 16:06:34+00:00
all,verify_telemetry_loss_001,356290639,1781453195.0,1781453199.0,0,50,163 164 176 165 163 170 177 165 163 165 163 164 176 165 163 164 176 165 163 164 176 165 163 164 176 165 163 164 176 165 163 164 176 165 163 169 176 165 163 164 176 165 163 164 176 165 163 164 176 165,0.34946224093437195,1,2026-06-14 16:06:35+00:00,2026-06-14 16:06:39+00:00
all,verify_telemetry_loss_001,356290640,1781453200.0,1781453204.0,0,40,163 164 176 165 163 164 176 165 163 169 176 165 163 165 163 170 177 165 163 166 165 163 167 176 165 10 163 164 176 165 163 169 176 165 163 172 173 175 176 165,0.34782692790031433,1,2026-06-14 16:06:40+00:00,2026-06-14 16:06:44+00:00
all,verify_telemetry_loss_001,356290641,1781453205.0,1781453209.0,0,58,163 164 176 165 163 169 176 165 163 165 163 164 176 165 163 164 176 165 163 164 176 165 163 164 176 165 163 164 176 165 163 170 177 165 163 164 176 165 163 164 176 165 163 164 176 165 163 164 176 165 163 164 176 165 163 164 176 165,0.35930249094963074,1,2026-06-14 16:06:45+00:00,2026-06-14 16:06:49+00:00
all,verify_telemetry_loss_001,356290642,1781453210.0,1781453214.0,0,21,163 164 176 165 163 164 176 165 163 166 165 163 167 176 165 163 165 163 164 176 165,0.3285669684410095,1,2026-06-14 16:06:50+00:00,2026-06-14 16:06:54+00:00
all,verify_telemetry_loss_001,356290643,1781453216.0,1781453219.0,0,48,163 164 176 165 163 169 176 165 163 165 163 164 176 165 163 164 176 165 163 167 176 165 163 164 176 165 163 164 176 165 163 166 165 163 167 176 165 163 166 165 163 167 176 165 163 164 176 165,0.3505078852176666,1,2026-06-14 16:06:56+00:00,2026-06-14 16:06:59+00:00
all,verify_telemetry_loss_001,356290644,1781453220.0,1781453223.0,0,37,163 164 176 165 163 164 176 165 163 165 163 164 176 165 163 164 176 165 163 164 176 165 163 164 176 165 163 164 176 165 163 166 165 163 167 176 165,0.3546479046344757,1,2026-06-14 16:07:00+00:00,2026-06-14 16:07:03+00:00
all,verify_telemetry_loss_001,356290645,1781453225.0,1781453229.0,0,57,163 170 177 165 163 164 176 165 163 164 176 165 163 165 163 170 177 165 163 170 177 165 163 164 176 163 164 176 165 165 163 167 176 165 163 164 176 165 163 169 176 165 163 164 176 165 163 164 176 165 163 166 165 163 167 176 165,0.3609898090362549,1,2026-06-14 16:07:05+00:00,2026-06-14 16:07:09+00:00
all,verify_telemetry_loss_001,356290646,1781453230.0,1781453234.0,0,62,163 164 176 165 163 169 176 165 163 170 177 165 163 165 163 167 176 165 163 164 176 165 163 169 176 165 10 2 37 4 5 161 163 170 177 165 163 164 176 165 163 164 176 165 163 169 176 165 163 172 173 174 175 165 163 170 177 165 163 164 176 165,0.365062415599823,1,2026-06-14 16:07:10+00:00,2026-06-14 16:07:14+00:00
all,verify_telemetry_loss_001,356290647,1781453235.0,1781453239.0,0,41,163 164 176 165 163 165 163 164 176 165 163 164 176 165 163 164 176 165 163 164 176 165 163 164 176 165 178 179 180 181 163 166 165 163 167 176 165 163 164 176 165,0.34031644463539124,1,2026-06-14 16:07:15+00:00,2026-06-14 16:07:19+00:00
all,verify_telemetry_loss_001,356290648,1781453240.0,1781453244.0,0,42,163 164 176 165 163 169 176 165 163 166 165 163 167 176 165 163 164 176 165 163 164 176 165 163 165 163 164 176 165 163 164 176 165 163 170 177 165 163 170 177 176 165,0.3542925715446472,1,2026-06-14 16:07:20+00:00,2026-06-14 16:07:24+00:00
all,verify_telemetry_loss_001,356290649,1781453245.0,1781453249.0,0,53,163 164 176 165 163 164 176 165 163 164 176 165 163 169 176 165 163 165 163 164 176 165 163 164 176 165 163 169 176 165 163 164 176 165 163 170 177 165 163 164 176 165 163 164 176 165 163 166 165 163 167 176 165,0.3556883931159973,1,2026-06-14 16:07:25+00:00,2026-06-14 16:07:29+00:00
all,verify_telemetry_loss_001,356290650,1781453250.0,1781453254.0,0,49,8 163 164 176 165 163 169 176 165 163 172 173 175 176 165 163 164 176 165 163 165 163 164 176 165 163 164 176 165 163 164 176 165 163 164 176 165 163 164 176 165 163 169 176 165 163 167 176 165,0.3506407141685486,1,2026-06-14 16:07:30+00:00,2026-06-14 16:07:34+00:00
all,verify_telemetry_loss_001,356290651,1781453256.0,1781453259.0,0,63,163 170 177 165 163 170 177 165 163 165 10 2 38 4 5 161 163 164 176 165 163 169 176 163 164 165 176 165 163 172 173 174 175 165 163 164 176 165 163 166 165 163 167 176 165 163 166 165 163 167 176 165 163 166 165 163 167 176 165 163 170 177 165,0.3563462495803833,1,2026-06-14 16:07:36+00:00,2026-06-14 16:07:39+00:00
all,verify_telemetry_loss_001,356290652,1781453260.0,1781453264.0,0,65,13 163 164 176 165 163 169 176 165 163 172 173 175 176 165 163 167 176 165 163 170 177 176 165 163 165 163 164 176 165 163 164 176 165 163 169 176 165 163 166 165 163 167 176 165 1 2 39 4 5 161 163 164 176 165 163 169 176 165 163 172 173 174 175 165,0.35824674367904663,1,2026-06-14 16:07:40+00:00,2026-06-14 16:07:44+00:00
all,verify_telemetry_loss_001,356290653,1781453265.0,1781453269.0,0,56,163 164 176 165 163 166 165 163 167 176 165 163 166 165 163 167 176 165 163 165 163 164 176 165 163 164 176 165 163 164 176 165 163 164 176 165 163 164 176 165 163 169 176 165 163 164 176 165 163 164 176 165 163 169 176 165,0.34089013934135437,1,2026-06-14 16:07:45+00:00,2026-06-14 16:07:49+00:00
all,verify_telemetry_loss_001,356290654,1781453270.0,1781453274.0,0,44,163 166 165 163 167 176 165 163 165 163 166 165 163 167 176 163 164 176 165 165 163 164 176 165 163 169 176 165 163 164 176 165 163 164 176 165 163 164 176 165 163 164 176 165,0.351947158575058,1,2026-06-14 16:07:50+00:00,2026-06-14 16:07:54+00:00
all,verify_telemetry_loss_001,356290655,1781453276.0,1781453279.0,0,54,163 165 163 164 176 165 163 164 176 165 8 163 164 176 165 163 169 176 165 163 172 173 175 176 165 163 170 177 176 165 163 170 177 165 163 164 176 165 163 164 176 165 163 169 176 165 163 167 176 165 163 164 176 165,0.3557894229888916,1,2026-06-14 16:07:56+00:00,2026-06-14 16:07:59+00:00
all,verify_telemetry_loss_001,356290656,1781453280.0,1781453284.0,0,39,163 164 176 165 163 170 177 176 165 163 170 177 165 163 165 163 164 176 165 163 164 176 165 163 167 176 165 163 164 176 165 163 170 177 165 163 170 177 165,0.36448338627815247,1,2026-06-14 16:08:00+00:00,2026-06-14 16:08:04+00:00
all,verify_telemetry_loss_001,356290657,1781453285.0,1781453288.0,0,33,163 164 176 165 163 164 176 165 163 165 163 164 176 165 163 167 176 165 163 166 165 163 167 176 165 163 164 176 165 163 164 176 165,0.35554832220077515,1,2026-06-14 16:08:05+00:00,2026-06-14 16:08:08+00:00
all,verify_telemetry_loss_001,356290658,1781453291.0,1781453294.0,0,57,163 164 176 165 163 169 176 165 163 165 8 163 164 176 165 163 164 176 165 163 169 176 165 163 172 173 175 176 165 163 164 176 165 163 169 176 165 163 164 176 165 163 164 176 165 163 170 177 165 163 164 176 165 163 164 176 165,0.35302186012268066,1,2026-06-14 16:08:11+00:00,2026-06-14 16:08:14+00:00
all,verify_telemetry_loss_001,356290659,1781453296.0,1781453299.0,0,37,163 165 163 164 176 165 163 164 176 165 163 164 176 165 163 169 176 165 163 166 165 163 167 176 165 163 164 176 165 163 164 176 165 163 164 176 165,0.3522758483886719,1,2026-06-14 16:08:16+00:00,2026-06-14 16:08:19+00:00
all,verify_telemetry_loss_001,356290660,1781453300.0,1781453304.0,0,46,163 164 176 165 163 164 176 165 163 164 176 165 163 169 176 165 163 165 163 164 176 165 163 167 176 165 163 167 176 165 163 164 176 165 163 169 176 165 163 170 177 165 163 164 176 165,0.3459947407245636,1,2026-06-14 16:08:20+00:00,2026-06-14 16:08:24+00:00
all,verify_telemetry_loss_001,356290661,1781453306.0,1781453309.0,0,26,163 165 163 170 177 165 163 170 177 176 165 163 164 163 170 165 165 163 164 165 163 164 163 164 165 165,0.2924007177352905,1,2026-06-14 16:08:26+00:00,2026-06-14 16:08:29+00:00
all,verify_telemetry_loss_001,356290662,1781453310.0,1781453314.0,0,40,163 164 165 163 164 165 163 170 165 163 164 163 167 165 163 165 171 165 163 164 165 163 164 165 163 164 165 163 169 165 163 170 163 164 165 165 163 164 165 163,0.20674312114715576,1,2026-06-14 16:08:30+00:00,2026-06-14 16:08:34+00:00
all,verify_telemetry_loss_001,356290663,1781453315.0,1781453319.0,0,36,164 165 163 169 165 163 170 163 164 165 165 163 164 165 163 166 165 163 167 163 165 163 170 165 171 165 163 170 165 163 164 165 163 167 171 165,0.20821289718151093,1,2026-06-14 16:08:35+00:00,2026-06-14 16:08:39+00:00
all,verify_telemetry_loss_001,356290664,1781453320.0,1781453324.0,0,71,163 164 165 163 169 165 163 170 163 164 165 165 163 169 165 163 170 165 35 2 161 163 164 165 163 164 165 163 165 163 164 165 163 169 165 163 170 165 163 172 173 40 4 5 174 175 165 163 164 165 163 169 165 163 170 165 163 164 165 163 164 165 163 164 165 163 164 165 163 164 165,0.2975637912750244,1,2026-06-14 16:08:40+00:00,2026-06-14 16:08:44+00:00
all,verify_telemetry_loss_001,356290665,1781453326.0,1781453329.0,0,34,163 170 165 163 165 163 166 165 163 167 163 164 165 171 165 163 164 165 163 164 165 163 169 165 163 170 165 163 166 165 163 167 171 165,0.20763027667999268,1,2026-06-14 16:08:46+00:00,2026-06-14 16:08:49+00:00
all,verify_telemetry_loss_001,356290666,1781453330.0,1781453334.0,0,68,163 166 165 163 167 163 167 163 164 171 171 165 165 165 163 169 165 163 170 165 163 166 165 163 167 163 164 165 163 164 165 171 165 163 164 165 163 165 163 164 165 163 164 165 163 164 165 163 164 165 163 169 165 163 170 165 163 164 165 163 164 165 163 169 165 163 170 165,0.2185489684343338,1,2026-06-14 16:08:50+00:00,2026-06-14 16:08:54+00:00
all,verify_telemetry_loss_001,356290667,1781453336.0,1781453339.0,0,33,163 166 165 163 167 163 164 165 171 165 163 170 165 163 165 163 164 165 163 164 165 163 164 165 163 169 165 163 170 165 163 170 165,0.20846687257289886,1,2026-06-14 16:08:56+00:00,2026-06-14 16:08:59+00:00
all,verify_telemetry_loss_001,356290668,1781453340.0,1781453344.0,0,33,163 166 165 163 167 171 165 163 164 165 163 169 165 163 170 165 163 165 163 164 165 163 164 165 163 164 165 163 170 165 163 164 165,0.20888380706310272,1,2026-06-14 16:09:00+00:00,2026-06-14 16:09:04+00:00
all,verify_telemetry_loss_001,356290669,1781453345.0,1781453349.0,0,38,163 164 165 163 169 165 163 170 165 163 164 165 163 165 163 164 165 163 164 165 163 164 165 163 169 165 163 170 165 163 170 165 163 164 165 163 170 165,0.2108922302722931,1,2026-06-14 16:09:05+00:00,2026-06-14 16:09:09+00:00
all,verify_telemetry_loss_001,356290670,1781453351.0,1781453354.0,0,24,163 164 165 163 170 163 165 165 163 164 165 163 169 165 163 170 165 163 164 165 163 167 171 165,0.19390630722045898,0,2026-06-14 16:09:11+00:00,2026-06-14 16:09:14+00:00
all,verify_telemetry_loss_001,356290671,1781453355.0,1781453359.0,0,42,163 167 171 165 163 164 165 163 169 165 163 170 165 163 165 163 164 165 163 164 165 163 170 165 35 2 161 163 164 165 163 164 165 163 169 165 163 170 165 163 172 173,0.20722298324108124,1,2026-06-14 16:09:15+00:00,2026-06-14 16:09:19+00:00
all,verify_telemetry_loss_001,356290672,1781453360.0,1781453364.0,0,64,41 4 5 10 2 42 4 5 161 174 175 165 163 164 165 163 164 165 163 164 165 163 169 165 163 170 163 166 165 165 163 167 163 172 173 174 175 165 171 165 163 165 163 166 165 163 167 171 165 163 166 165 163 167 171 165 163 164 165 163 169 165 163 170,0.29661840200424194,1,2026-06-14 16:09:20+00:00,2026-06-14 16:09:24+00:00
all,verify_telemetry_loss_001,356290673,1781453365.0,1781453369.0,0,52,165 163 164 165 163 164 165 163 164 163 164 165 163 169 165 163 170 165 165 163 170 165 163 164 165 163 164 165 163 170 165 163 165 163 170 165 163 164 165 163 164 165 163 164 165 163 166 165 163 167 171 165,0.21190299093723297,1,2026-06-14 16:09:25+00:00,2026-06-14 16:09:29+00:00
all,verify_telemetry_loss_001,356290674,1781453371.0,1781453374.0,0,31,163 166 165 163 167 171 165 163 165 163 164 165 163 170 165 163 164 165 163 167 171 165 163 164 165 163 170 165 163 164 165,0.20716610550880432,1,2026-06-14 16:09:31+00:00,2026-06-14 16:09:34+00:00
all,verify_telemetry_loss_001,356290675,1781453376.0,1781453379.0,0,23,163 170 165 163 170 165 163 164 165 163 164 165 163 164 165 163 165 163 170 165 163 170 165,0.1891498863697052,0,2026-06-14 16:09:36+00:00,2026-06-14 16:09:39+00:00
all,verify_telemetry_loss_001,356290676,1781453380.0,1781453384.0,0,35,163 164 165 163 166 165 163 167 171 165 163 165 163 166 165 163 167 163 164 165 163 164 171 165 165 163 164 165 163 167 171 165 163 164 165,0.2076720893383026,1,2026-06-14 16:09:40+00:00,2026-06-14 16:09:44+00:00
all,verify_telemetry_loss_001,356290677,1781453385.0,1781453389.0,0,25,163 164 165 163 164 165 163 167 163 165 171 165 163 170 165 163 170 165 163 167 171 165 163 164 165,0.19517718255519867,0,2026-06-14 16:09:45+00:00,2026-06-14 16:09:49+00:00
all,verify_telemetry_loss_001,356290678,1781453390.0,1781453394.0,0,48,163 164 165 163 164 165 163 164 165 163 165 163 164 165 163 164 165 163 169 165 163 170 165 163 164 165 163 164 165 163 164 165 163 169 165 163 170 165 163 164 165 163 166 165 163 167 163 164,0.20487047731876373,0,2026-06-14 16:09:50+00:00,2026-06-14 16:09:54+00:00
all,verify_telemetry_loss_001,356290679,1781453395.0,1781453399.0,0,32,165 163 169 165 163 170 165 171 165 163 170 165 163 170 163 164 165 165 163 165 163 164 165 163 170 165 163 170 165 163 164 165,0.20458269119262695,0,2026-06-14 16:09:55+00:00,2026-06-14 16:09:59+00:00
all,verify_telemetry_loss_001,356290680,1781453400.0,1781453404.0,0,73,163 164 165 163 165 163 164 165 163 169 165 163 170 165 163 164 1 2 43 4 5 161 165 163 169 165 163 170 165 163 172 173 163 170 174 175 165 165 163 170 165 163 166 165 163 167 163 164 163 164 163 164 165 165 165 171 165 163 164 165 163 166 165 163 167 163 164 165 163 169 165 163 170,0.3184034526348114,1,2026-06-14 16:10:00+00:00,2026-06-14 16:10:04+00:00
all,verify_telemetry_loss_001,356290681,1781453405.0,1781453408.0,0,35,171 165 165 163 164 165 163 165 163 164 163 164 165 163 169 165 165 163 170 163 169 165 163 170 165 165 163 170 165 163 164 165 163 164 165,0.20630215108394623,1,2026-06-14 16:10:05+00:00,2026-06-14 16:10:08+00:00
all,verify_telemetry_loss_001,356290682,1781453410.0,1781453414.0,0,44,163 164 165 163 167 171 165 163 167 163 165 171 165 163 164 165 163 166 165 163 167 171 165 163 170 165 163 164 165 163 164 165 163 169 165 163 170 165 163 164 165 163 164 165,0.20436549186706543,0,2026-06-14 16:10:10+00:00,2026-06-14 16:10:14+00:00
all,verify_telemetry_loss_001,356290683,1781453415.0,1781453419.0,0,52,163 164 165 163 164 165 163 164 165 163 169 165 163 170 165 163 164 165 163 165 163 170 165 163 166 165 163 167 163 170 165 171 165 163 164 165 163 164 165 163 166 165 163 167 171 165 163 164 165 163 164 165,0.21050231158733368,1,2026-06-14 16:10:15+00:00,2026-06-14 16:10:19+00:00
all,verify_telemetry_loss_001,356290684,1781453420.0,1781453423.0,0,26,163 164 165 163 164 165 163 164 165 163 164 165 163 165 163 164 165 163 164 165 163 164 165 163 164 165,0.20041680335998535,0,2026-06-14 16:10:20+00:00,2026-06-14 16:10:23+00:00
all,verify_telemetry_loss_001,356290685,1781453425.0,1781453429.0,0,45,163 164 165 163 170 165 163 164 165 163 169 165 163 170 165 163 164 165 163 165 163 166 165 163 167 163 164 165 171 165 163 164 165 163 164 165 163 164 165 163 170 165 163 170 165,0.20862515270709991,1,2026-06-14 16:10:25+00:00,2026-06-14 16:10:29+00:00
all,verify_telemetry_loss_001,356290686,1781453430.0,1781453433.0,0,23,163 164 165 163 170 165 163 164 165 163 165 163 164 165 163 164 165 163 170 165 163 164 165,0.19148193299770355,0,2026-06-14 16:10:30+00:00,2026-06-14 16:10:33+00:00
all,verify_telemetry_loss_001,356290687,1781453435.0,1781453439.0,0,51,163 164 165 163 164 165 163 165 163 164 165 163 166 165 163 167 171 165 163 166 165 163 167 171 165 163 164 165 163 166 165 163 167 163 166 165 163 167 171 165 171 165 163 164 163 170 163 164 165 165 165,0.2118198722600937,1,2026-06-14 16:10:35+00:00,2026-06-14 16:10:39+00:00
all,verify_telemetry_loss_001,356290688,1781453441.0,1781453444.0,0,34,163 165 163 170 165 163 164 165 163 166 165 163 167 163 166 165 163 167 171 165 171 165 163 164 165 163 164 165 163 164 165 163 164 165,0.21007336676120758,1,2026-06-14 16:10:41+00:00,2026-06-14 16:10:44+00:00
all,verify_telemetry_loss_001,356290689,1781453445.0,1781453449.0,0,46,163 167 163 164 35 2 44 4 5 161 171 165 165 163 169 165 163 170 165 163 172 173 174 175 165 163 165 163 170 165 163 166 165 163 167 171 165 163 164 165 163 164 165 163 164 165,0.297294557094574,1,2026-06-14 16:10:45+00:00,2026-06-14 16:10:49+00:00
all,verify_telemetry_loss_001,356290690,1781453450.0,1781453454.0,0,65,163 164 165 163 164 165 163 170 165 163 164 165 163 169 165 163 170 165 163 166 165 163 167 163 165 171 165 163 166 165 163 167 163 164 165 171 165 163 164 165 163 164 165 163 169 165 163 170 165 163 170 165 163 166 165 163 167 171 165 163 164 165 163 170 165,0.2201070338487625,1,2026-06-14 16:10:50+00:00,2026-06-14 16:10:54+00:00
all,verify_telemetry_loss_001,356290691,1781453455.0,1781453459.0,0,48,163 164 165 163 166 165 163 167 163 164 165 171 165 163 164 165 163 164 165 163 169 165 163 170 165 163 165 163 166 165 163 167 163 164 165 171 165 163 164 165 163 164 165 163 166 165 163 167,0.20539049804210663,1,2026-06-14 16:10:55+00:00,2026-06-14 16:10:59+00:00
all,verify_telemetry_loss_001,356290692,1781453460.0,1781453463.0,0,25,171 165 163 170 165 163 165 163 164 165 163 164 163 164 165 165 163 164 165 163 164 165 163 164 165,0.19488386809825897,0,2026-06-14 16:11:00+00:00,2026-06-14 16:11:03+00:00
all,verify_telemetry_loss_001,356290693,1781453465.0,1781453469.0,0,74,163 167 171 165 163 164 165 163 166 165 163 167 171 165 163 164 165 163 164 165 163 165 163 164 165 163 169 165 163 170 165 163 164 165 163 166 165 163 167 171 165 163 164 165 163 164 165 35 2 45 4 5 161 163 170 165 163 164 165 163 169 165 163 164 163 170 165 165 163 172 173 174 175 165,0.28219273686408997,1,2026-06-14 16:11:05+00:00,2026-06-14 16:11:09+00:00
all,verify_telemetry_loss_001,356290694,1781453470.0,1781453474.0,0,55,163 170 165 163 164 165 163 164 165 163 165 163 164 165 163 169 165 163 170 163 164 165 165 163 169 165 163 170 163 166 165 163 167 165 171 165 163 164 165 163 164 165 163 167 171 165 163 164 165 163 169 165 163 170 165,0.2064075917005539,1,2026-06-14 16:11:10+00:00,2026-06-14 16:11:14+00:00
all,verify_telemetry_loss_001,356290695,1781453475.0,1781453479.0,0,70,6 2 46 4 5 161 163 164 165 163 169 165 163 170 165 163 172 173 174 175 165 163 164 165 163 165 1 2 47 4 5 161 163 164 165 163 169 165 163 170 165 163 172 173 174 175 165 163 166 165 163 167 171 165 163 164 165 163 166 165 163 167 171 165 163 170 165 163 164 165,0.3363586962223053,1,2026-06-14 16:11:15+00:00,2026-06-14 16:11:19+00:00
all,verify_telemetry_loss_001,356290696,1781453480.0,1781453484.0,0,47,1 2 48 4 5 161 163 164 165 163 169 165 163 170 163 164 165 163 172 173 165 174 175 165 163 165 163 164 163 170 165 165 163 164 165 163 164 165 163 164 165 163 164 165 163 170 165,0.277555912733078,1,2026-06-14 16:11:20+00:00,2026-06-14 16:11:24+00:00
all,verify_telemetry_loss_001,356290697,1781453485.0,1781453489.0,0,38,163 164 165 163 169 165 163 170 165 163 164 165 163 165 163 170 165 163 164 165 163 164 165 163 170 165 163 170 165 163 170 163 164 165 165 163 164 165,0.20661599934101105,1,2026-06-14 16:11:25+00:00,2026-06-14 16:11:29+00:00
all,verify_telemetry_loss_001,356290698,1781453490.0,1781453494.0,0,66,1 163 164 165 163 166 165 163 167 171 165 163 164 165 163 169 165 163 170 165 163 172 173 2 49 4 5 161 174 175 165 163 165 163 164 165 163 164 165 163 169 165 163 170 165 163 170 165 163 164 165 163 164 165 163 164 163 170 165 163 170 165 165 163 170 165,0.30479657649993896,1,2026-06-14 16:11:30+00:00,2026-06-14 16:11:34+00:00
all,verify_telemetry_loss_001,356290699,1781453495.0,1781453499.0,0,24,163 164 165 163 165 163 164 165 163 164 165 163 167 163 170 165 171 165 163 164 165 163 164 165,0.19331175088882446,0,2026-06-14 16:11:35+00:00,2026-06-14 16:11:39+00:00
all,verify_telemetry_loss_001,356290700,1781453500.0,1781453504.0,0,70,163 167 163 166 165 163 167 171 165 171 165 163 164 165 163 164 165 163 165 6 2 50 4 5 161 163 164 165 163 169 165 163 170 165 163 172 173 174 175 165 163 166 165 163 167 171 165 163 164 165 163 169 165 163 170 163 166 165 163 167 165 163 170 163 167 165 171 165 171 165,0.32782864570617676,1,2026-06-14 16:11:40+00:00,2026-06-14 16:11:44+00:00
all,verify_telemetry_loss_001,356290701,1781453505.0,1781453509.0,0,35,163 164 165 163 164 165 163 169 163 164 165 163 170 165 163 169 165 163 170 165 165 163 165 163 164 165 163 164 165 163 164 163 164 165 165,0.2083415687084198,1,2026-06-14 16:11:45+00:00,2026-06-14 16:11:49+00:00
all,verify_telemetry_loss_001,356290702,1781453510.0,1781453514.0,0,39,163 164 165 163 164 165 163 165 163 164 165 163 164 165 1 2 51 4 5 161 163 164 165 163 170 165 163 164 165 163 169 165 163 170 165 163 172 173 174,0.31373289227485657,1,2026-06-14 16:11:50+00:00,2026-06-14 16:11:54+00:00
all,verify_telemetry_loss_001,356290703,1781453515.0,1781453519.0,0,56,175 165 163 164 165 163 166 165 163 167 171 165 163 170 165 163 170 165 163 165 35 2 52 4 5 161 163 164 165 163 164 165 163 169 165 163 170 165 163 172 173 174 175 165 163 164 165 163 164 165 163 164 165 163 164 165,0.31656715273857117,1,2026-06-14 16:11:55+00:00,2026-06-14 16:11:59+00:00
all,verify_telemetry_loss_001,356290704,1781453520.0,1781453523.0,0,39,163 166 165 163 167 163 166 165 163 167 163 164 163 167 165 171 165 171 165 171 165 163 165 163 164 165 163 164 165 163 166 165 163 167 171 165 163 164 165,0.20771528780460358,1,2026-06-14 16:12:00+00:00,2026-06-14 16:12:03+00:00
all,verify_telemetry_loss_001,356290705,1781453525.0,1781453529.0,0,54,163 164 165 163 164 165 163 164 165 163 165 163 166 165 163 167 171 165 163 167 171 165 163 164 165 163 169 165 163 170 165 163 166 165 163 167 171 165 163 164 165 163 164 165 163 164 163 166 165 163 167 165 171 165,0.20952405035495758,1,2026-06-14 16:12:05+00:00,2026-06-14 16:12:09+00:00
all,verify_telemetry_loss_001,356290706,1781453530.0,1781453534.0,0,50,163 164 165 163 164 165 163 164 165 163 165 163 164 165 163 166 165 163 167 171 165 163 164 165 1 2 53 4 5 161 163 164 165 163 169 165 163 170 165 163 172 173 174 175 165 163 164 165 163 170,0.3056084215641022,1,2026-06-14 16:12:10+00:00,2026-06-14 16:12:14+00:00
all,verify_telemetry_loss_001,356290707,1781453535.0,1781453539.0,0,48,165 1 2 54 4 5 161 163 164 165 163 169 165 163 170 165 163 172 173 174 175 165 163 165 163 164 165 163 170 165 163 164 165 163 169 165 163 170 165 163 164 165 163 170 165 163 164 165,0.3003496825695038,1,2026-06-14 16:12:15+00:00,2026-06-14 16:12:19+00:00
all,verify_telemetry_loss_001,356290708,1781453540.0,1781453544.0,0,37,163 166 165 163 167 163 164 165 171 165 163 164 165 163 165 163 164 165 163 164 163 166 165 163 167 165 163 164 165 171 165 163 164 165 163 164 165,0.21315385401248932,1,2026-06-14 16:12:20+00:00,2026-06-14 16:12:24+00:00
all,verify_telemetry_loss_001,356290709,1781453545.0,1781453549.0,0,35,163 170 163 164 165 165 163 167 163 166 165 163 167 171 165 171 165 163 165 163 164 165 163 164 165 163 166 165 163 167 171 165 163 164 165,0.21217721700668335,1,2026-06-14 16:12:25+00:00,2026-06-14 16:12:29+00:00
all,verify_telemetry_loss_001,356290710,1781453550.0,1781453554.0,0,29,163 164 165 163 165 163 164 163 167 165 171 165 163 164 165 163 164 165 163 170 165 163 170 165 163 164 165 163 164,0.20713193714618683,1,2026-06-14 16:12:30+00:00,2026-06-14 16:12:34+00:00
all,verify_telemetry_loss_001,356290711,1781453555.0,1781453559.0,0,60,165 163 164 165 163 164 165 163 169 13 2 55 4 5 161 165 163 170 165 163 172 173 174 175 165 163 170 165 163 165 163 164 165 163 169 165 163 170 6 2 56 4 5 161 165 163 172 173 174 175 165 163 170 165 163 170 165 163 170 165,0.3379867374897003,1,2026-06-14 16:12:35+00:00,2026-06-14 16:12:39+00:00
all,verify_telemetry_loss_001,356290712,1781453560.0,1781453564.0,0,52,163 164 165 163 165 163 164 165 163 164 165 10 2 57 4 5 161 163 164 165 163 169 165 163 170 165 163 172 173 174 175 165 163 166 165 163 167 171 165 163 164 165 163 166 165 163 167 171 165 163 164 165,0.33467352390289307,1,2026-06-14 16:12:40+00:00,2026-06-14 16:12:44+00:00
all,verify_telemetry_loss_001,356290713,1781453565.0,1781453569.0,0,37,163 164 165 163 164 165 163 165 163 164 165 163 164 165 163 166 165 163 167 171 165 163 167 171 165 163 170 165 163 164 165 163 164 165 163 170 165,0.21363073587417603,1,2026-06-14 16:12:45+00:00,2026-06-14 16:12:49+00:00
all,verify_telemetry_loss_001,356290714,1781453570.0,1781453574.0,0,56,163 164 165 163 169 165 163 170 165 163 164 165 163 169 165 163 170 165 163 164 165 163 165 163 164 165 163 164 165 163 164 165 163 164 165 163 164 165 163 169 165 163 170 163 164 165 165 163 164 165 163 169 165 163 170 165,0.21710877120494843,1,2026-06-14 16:12:50+00:00,2026-06-14 16:12:54+00:00
all,verify_telemetry_loss_001,356290715,1781453576.0,1781453579.0,0,43,163 165 163 166 165 163 167 163 170 165 163 164 165 171 165 163 166 165 163 167 163 164 165 171 165 163 164 165 163 169 165 163 170 165 163 164 165 163 164 165 163 164 165,0.2096932977437973,1,2026-06-14 16:12:56+00:00,2026-06-14 16:12:59+00:00
all,verify_telemetry_loss_001,356290716,1781453580.0,1781453584.0,0,54,163 164 163 170 165 163 169 165 163 170 165 165 163 165 10 2 58 4 5 161 163 164 165 163 164 165 163 169 165 163 170 165 163 172 173 174 175 165 163 166 165 163 167 171 165 163 164 165 163 169 165 163 170 165,0.31994688510894775,1,2026-06-14 16:13:00+00:00,2026-06-14 16:13:04+00:00
all,verify_telemetry_loss_001,356290717,1781453585.0,1781453589.0,0,61,8 2 59 4 5 161 163 164 163 170 165 163 169 165 163 170 163 164 163 170 165 165 163 172 173 165 165 174 175 165 163 164 165 163 164 163 165 165 163 166 165 163 167 171 165 163 167 171 165 163 164 165 163 169 165 163 170 165 163 164 165,0.2977747619152069,1,2026-06-14 16:13:05+00:00,2026-06-14 16:13:09+00:00
all,verify_telemetry_loss_001,356290718,1781453590.0,1781453594.0,0,63,163 164 165 163 170 163 170 165 165 163 164 165 163 165 163 170 163 170 165 165 163 170 165 163 166 165 163 167 171 165 163 170 165 1 2 60 4 5 161 163 164 165 163 169 165 163 170 163 170 165 163 172 173 174 175 165 163 164 165 165 163 170 165,0.30167877674102783,1,2026-06-14 16:13:10+00:00,2026-06-14 16:13:14+00:00
all,verify_telemetry_loss_001,356290719,1781453595.0,1781453599.0,0,52,163 164 165 163 169 165 163 170 165 163 166 165 163 167 163 164 171 165 165 163 164 163 170 165 165 163 165 163 167 171 165 163 164 165 163 170 165 163 164 165 163 169 165 163 170 165 163 164 165 163 170 165,0.21266061067581177,1,2026-06-14 16:13:15+00:00,2026-06-14 16:13:19+00:00
all,verify_telemetry_loss_001,356290720,1781453600.0,1781453604.0,0,53,163 164 165 163 164 165 163 170 165 163 164 163 170 163 165 165 165 163 169 165 163 170 165 163 164 165 163 170 165 1 2 61 4 5 161 163 164 165 163 169 165 163 170 165 163 172 173 174 175 165 163 164 165,0.3121723532676697,1,2026-06-14 16:13:20+00:00,2026-06-14 16:13:24+00:00
all,verify_telemetry_loss_001,356290721,1781453605.0,1781453609.0,0,35,163 170 165 163 164 165 163 165 163 164 165 163 164 165 163 164 165 163 164 165 163 169 165 163 170 165 163 164 165 163 169 165 163 170 165,0.21009978652000427,1,2026-06-14 16:13:25+00:00,2026-06-14 16:13:29+00:00
all,verify_telemetry_loss_001,356290722,1781453610.0,1781453614.0,0,41,163 164 165 163 164 165 163 164 165 163 164 165 163 165 163 164 165 163 169 165 163 170 165 163 164 165 163 164 165 163 170 165 163 170 165 163 164 165 163 164 165,0.20950517058372498,1,2026-06-14 16:13:30+00:00,2026-06-14 16:13:34+00:00
all,verify_telemetry_loss_001,356290723,1781453615.0,1781453619.0,0,38,13 2 62 4 5 161 163 164 165 163 169 165 163 170 165 163 172 173 174 175 165 163 164 165 163 165 163 164 165 163 164 165 163 170 165 163 164 165,0.3013879954814911,1,2026-06-14 16:13:35+00:00,2026-06-14 16:13:39+00:00
all,verify_telemetry_loss_001,356290724,1781453620.0,1781453624.0,0,46,163 164 165 163 164 165 163 166 165 163 167 171 165 163 165 163 170 165 163 164 165 163 170 165 163 170 165 163 164 165 163 169 165 163 170 165 163 167 163 167 171 165 171 165 163 167,0.22126182913780212,1,2026-06-14 16:13:40+00:00,2026-06-14 16:13:44+00:00
all,verify_telemetry_loss_001,356290725,1781453625.0,1781453629.0,0,47,163 164 165 171 165 163 164 165 163 164 165 163 170 165 163 165 163 164 165 163 164 165 163 169 165 163 170 165 163 164 165 163 164 165 163 169 165 163 170 165 163 166 165 163 167 171 165,0.22151516377925873,1,2026-06-14 16:13:45+00:00,2026-06-14 16:13:49+00:00
all,verify_telemetry_loss_001,356290726,1781453630.0,1781453634.0,0,31,163 164 165 163 166 165 163 167 171 165 163 165 163 166 165 163 167 163 164 165 171 165 163 170 165 163 164 165 163 164 165,0.21602419018745422,1,2026-06-14 16:13:50+00:00,2026-06-14 16:13:54+00:00
all,verify_telemetry_loss_001,356290727,1781453635.0,1781453639.0,0,44,163 164 165 163 164 165 163 169 165 163 170 165 163 166 165 163 167 163 166 165 163 167 171 165 171 165 163 165 163 164 163 164 165 165 163 170 163 166 165 163 167 165 171 165,0.22085420787334442,1,2026-06-14 16:13:55+00:00,2026-06-14 16:13:59+00:00
all,verify_telemetry_loss_001,356290728,1781453640.0,1781453642.0,0,48,163 166 165 163 167 171 165 163 166 165 163 167 171 165 163 164 165 163 166 165 163 167 163 165 163 164 163 167 165 163 169 165 163 170 171 165 165 171 165 163 164 165 163 169 165 163 170 165,0.22252888977527618,1,2026-06-14 16:14:00+00:00,2026-06-14 16:14:02+00:00
all,verify_telemetry_loss_001,356290729,1781453645.0,1781453649.0,0,32,163 164 163 164 165 165 163 165 163 164 165 163 164 165 163 164 165 163 164 165 163 164 165 163 164 163 164 165 165 163 164 165,0.2171197086572647,1,2026-06-14 16:14:05+00:00,2026-06-14 16:14:09+00:00
all,verify_telemetry_loss_001,356290730,1781453651.0,1781453654.0,0,37,163 165 163 164 165 163 164 165 163 164 165 163 169 165 163 170 165 163 166 165 163 167 171 165 163 170 165 163 170 165 163 167 171 165 163 164 165,0.22097639739513397,1,2026-06-14 16:14:11+00:00,2026-06-14 16:14:14+00:00
all,verify_telemetry_loss_001,356290731,1781453655.0,1781453659.0,0,41,163 164 165 163 169 165 163 170 165 163 164 165 163 169 165 163 170 165 163 165 163 164 165 163 170 165 163 164 165 163 164 165 163 167 171 165 163 164 165 163 164,0.2068672627210617,1,2026-06-14 16:14:15+00:00,2026-06-14 16:14:19+00:00
all,verify_telemetry_loss_001,356290732,1781453660.0,1781453664.0,1,42,165 163 164 165 163 165 163 164 165 163 169 165 163 170 165 163 164 165 163 164 165 163 164 165 163 170 165 163 164 165 163 169 165 163 170 163 170 165 163 164 165 165,0.2061685174703598,1,2026-06-14 16:14:20+00:00,2026-06-14 16:14:24+00:00
all,verify_telemetry_loss_001,356290733,1781453665.0,1781453669.0,1,70,163 164 165 163 169 165 163 170 165 163 164 165 163 165 163 164 165 35 2 63 4 5 161 162 163 164 165 163 169 165 163 170 165 163 164 165 163 169 165 163 170 165 163 172 173 174 175 165 163 164 165 163 164 165 163 169 165 163 170 165 163 166 165 163 167 163 164 171 165 165,0.34160086512565613,1,2026-06-14 16:14:25+00:00,2026-06-14 16:14:29+00:00
all,verify_telemetry_loss_001,356290734,1781453671.0,1781453674.0,1,36,163 164 165 163 164 165 163 165 163 164 165 163 169 165 163 170 165 163 164 165 163 164 165 163 166 165 163 167 171 165 163 164 165 163 164 165,0.20867110788822174,1,2026-06-14 16:14:31+00:00,2026-06-14 16:14:34+00:00
all,verify_telemetry_loss_001,356290735,1781453675.0,1781453677.0,1,51,163 164 165 163 164 165 163 164 165 163 164 165 163 165 163 164 165 163 169 165 163 170 1 2 64 4 5 161 162 165 163 164 165 163 169 165 163 170 165 163 172 173 163 164 165 174 175 165 163 164 165,0.32509589195251465,1,2026-06-14 16:14:35+00:00,2026-06-14 16:14:37+00:00
all,verify_telemetry_loss_001,356290736,1781453680.0,1781453684.0,1,50,163 164 165 163 169 165 163 170 165 163 164 165 163 167 163 165 163 164 165 171 165 163 170 165 163 164 165 163 167 171 165 163 166 165 163 167 163 164 163 164 165 163 169 165 165 163 170 171 165 165,0.2077285647392273,1,2026-06-14 16:14:40+00:00,2026-06-14 16:14:44+00:00
all,verify_telemetry_loss_001,356290737,1781453685.0,1781453688.0,1,30,163 164 165 163 169 165 163 170 165 163 167 163 165 163 164 165 171 165 163 170 165 163 164 165 163 164 165 163 164 165,0.20425386726856232,0,2026-06-14 16:14:45+00:00,2026-06-14 16:14:48+00:00
all,verify_telemetry_loss_001,356290738,1781453690.0,1781453693.0,1,60,163 166 165 163 167 171 165 163 164 165 8 2 65 4 5 161 162 163 164 165 163 169 165 163 170 163 164 165 163 167 163 165 165 163 172 173 174 171 175 165 165 163 166 165 163 167 171 165 163 164 165 163 164 165 163 164 165 163 170 165,0.3476036787033081,1,2026-06-14 16:14:50+00:00,2026-06-14 16:14:53+00:00
all,verify_telemetry_loss_001,356290739,1781453695.0,1781453699.0,1,44,163 164 165 163 169 165 163 170 165 163 164 163 164 165 165 163 165 163 167 171 165 163 166 165 163 167 171 165 163 164 163 164 165 165 163 164 165 163 164 165 163 167 171 165,0.20817400515079498,1,2026-06-14 16:14:55+00:00,2026-06-14 16:14:59+00:00
all,verify_telemetry_loss_001,356290740,1781453700.0,1781453704.0,1,37,163 164 165 163 167 171 165 163 165 163 164 165 163 170 165 163 167 171 165 163 166 165 163 167 171 165 163 164 165 163 164 165 163 166 165 163 167,0.21010559797286987,1,2026-06-14 16:15:00+00:00,2026-06-14 16:15:04+00:00
all,verify_telemetry_loss_001,356290741,1781453705.0,1781453709.0,1,49,171 165 163 164 165 163 170 165 163 165 163 164 165 163 164 165 163 169 165 163 170 165 163 164 165 163 164 165 163 170 165 163 164 165 163 166 165 163 167 171 165 163 166 165 163 167 163 170 165,0.21042382717132568,1,2026-06-14 16:15:05+00:00,2026-06-14 16:15:09+00:00
all,verify_telemetry_loss_001,356290742,1781453710.0,1781453714.0,1,29,171 165 163 164 165 163 167 163 170 163 164 165 165 171 165 163 165 163 164 165 163 164 165 163 164 165 163 164 165,0.20528475940227509,1,2026-06-14 16:15:10+00:00,2026-06-14 16:15:14+00:00
all,verify_telemetry_loss_001,356290743,1781453715.0,1781453719.0,1,64,163 166 165 163 167 163 164 165 171 165 163 165 163 166 165 163 167 171 165 163 164 165 163 164 165 163 164 165 35 2 66 4 5 161 162 163 166 165 163 167 171 165 163 164 165 163 169 165 163 170 163 167 165 163 172 173 163 164 174 165 175 165 171 165,0.3346046507358551,1,2026-06-14 16:15:15+00:00,2026-06-14 16:15:19+00:00
all,verify_telemetry_loss_001,356290744,1781453720.0,1781453724.0,1,35,163 166 165 163 167 163 164 165 171 165 163 170 165 163 167 171 165 163 165 163 166 165 163 167 163 164 165 171 165 163 164 163 170 165 165,0.20947600901126862,1,2026-06-14 16:15:20+00:00,2026-06-14 16:15:24+00:00
all,verify_telemetry_loss_001,356290745,1781453725.0,1781453729.0,1,58,163 164 165 163 164 165 163 165 163 167 171 165 163 164 165 163 164 165 13 163 164 165 163 164 165 163 164 163 164 165 163 169 165 163 170 165 165 163 172 173 2 67 4 5 161 162 174 175 165 163 164 165 163 169 165 163 170 165,0.31470179557800293,1,2026-06-14 16:15:25+00:00,2026-06-14 16:15:29+00:00
all,verify_telemetry_loss_001,356290746,1781453730.0,1781453734.0,1,23,163 164 165 163 165 163 164 165 163 164 165 163 164 165 163 170 165 163 164 165 163 164 165,0.19176416099071503,0,2026-06-14 16:15:30+00:00,2026-06-14 16:15:34+00:00
all,verify_telemetry_loss_001,356290747,1781453735.0,1781453739.0,1,36,163 164 165 163 164 165 163 164 165 163 165 163 170 165 163 166 165 163 167 171 165 163 164 165 163 164 165 163 164 165 163 170 163 164 165 165,0.21464820206165314,1,2026-06-14 16:15:35+00:00,2026-06-14 16:15:39+00:00
all,verify_telemetry_loss_001,356290748,1781453740.0,1781453744.0,1,36,1 2 68 4 5 161 162 163 164 165 163 169 165 163 170 165 163 172 173 174 175 165 163 165 163 164 165 163 170 165 163 164 165 163 170 165,0.3035549223423004,1,2026-06-14 16:15:40+00:00,2026-06-14 16:15:44+00:00
all,verify_telemetry_loss_001,356290749,1781453745.0,1781453749.0,1,39,163 164 165 163 169 165 163 170 165 163 164 165 163 164 165 163 165 163 166 165 163 167 163 170 165 171 165 163 164 165 163 164 165 163 169 165 163 170 165,0.2136426866054535,1,2026-06-14 16:15:45+00:00,2026-06-14 16:15:49+00:00
all,verify_telemetry_loss_001,356290750,1781453751.0,1781453754.0,1,40,13 163 165 163 164 165 163 164 165 163 169 165 163 170 165 163 172 173 2 69 4 5 161 162 174 175 165 163 167 171 165 163 164 165 163 164 165 163 164 165,0.34072360396385193,1,2026-06-14 16:15:51+00:00,2026-06-14 16:15:54+00:00
all,verify_telemetry_loss_001,356290751,1781453755.0,1781453759.0,1,44,163 170 163 164 165 165 163 164 165 163 166 165 163 167 171 165 163 165 163 164 165 163 166 165 163 167 171 165 163 164 165 163 164 165 163 166 165 163 167 163 170 165 171 165,0.21288788318634033,1,2026-06-14 16:15:55+00:00,2026-06-14 16:15:59+00:00
all,verify_telemetry_loss_001,356290752,1781453761.0,1781453764.0,1,41,163 164 165 163 165 163 164 165 163 164 165 163 164 165 163 164 165 163 169 163 164 165 163 170 165 163 169 165 163 170 165 165 163 164 165 163 164 165 163 170 165,0.21260866522789001,1,2026-06-14 16:16:01+00:00,2026-06-14 16:16:04+00:00
all,verify_telemetry_loss_001,356290753,1781453765.0,1781453769.0,1,58,163 164 165 163 169 165 163 170 165 163 164 165 163 165 163 164 165 163 164 165 163 169 165 163 170 165 163 170 165 163 166 165 163 167 171 165 163 164 165 163 169 165 163 170 165 163 164 165 163 169 165 163 170 163 167 165 171 165,0.21988438069820404,1,2026-06-14 16:16:05+00:00,2026-06-14 16:16:09+00:00
all,verify_telemetry_loss_001,356290754,1781453770.0,1781453774.0,1,50,163 164 165 163 166 165 163 167 163 165 171 165 163 170 165 163 164 165 163 169 165 163 170 165 163 170 165 163 164 165 163 169 165 163 170 165 163 164 165 163 164 165 163 164 165 163 164 165 163 164,0.21626043319702148,1,2026-06-14 16:16:10+00:00,2026-06-14 16:16:14+00:00
all,verify_telemetry_loss_001,356290755,1781453775.0,1781453779.0,1,53,165 163 164 165 163 164 165 163 166 165 163 167 163 165 171 165 35 2 70 4 5 161 162 163 164 165 163 169 165 163 170 165 163 172 173 163 164 163 164 174 175 165 163 164 165 165 163 169 165 163 170 165 165,0.3302502930164337,1,2026-06-14 16:16:15+00:00,2026-06-14 16:16:19+00:00
all,verify_telemetry_loss_001,356290756,1781453781.0,1781453784.0,1,27,163 170 165 163 165 163 164 165 163 164 165 163 164 165 163 166 165 163 167 163 164 165 171 165 163 164 165,0.2023036777973175,0,2026-06-14 16:16:21+00:00,2026-06-14 16:16:24+00:00
all,verify_telemetry_loss_001,356290757,1781453785.0,1781453789.0,1,68,163 164 165 163 166 165 163 167 163 164 171 165 165 163 169 165 163 170 165 163 165 163 164 165 163 164 165 163 164 165 163 169 165 163 170 165 163 164 165 163 169 165 163 170 165 163 166 165 163 167 163 164 165 171 165 163 170 165 163 166 165 163 167 171 165 163 164 165,0.22070789337158203,1,2026-06-14 16:16:25+00:00,2026-06-14 16:16:29+00:00
all,verify_telemetry_loss_001,356290758,1781453791.0,1781453794.0,1,36,163 164 165 163 165 163 164 165 163 167 171 165 163 167 163 164 165 171 165 163 167 171 165 163 164 165 163 166 165 163 167 163 164 165 171 165,0.21029943227767944,1,2026-06-14 16:16:31+00:00,2026-06-14 16:16:34+00:00
all,verify_telemetry_loss_001,356290759,1781453795.0,1781453799.0,1,37,163 164 165 163 165 163 164 165 163 166 165 163 167 163 170 171 165 165 163 164 165 163 166 165 163 167 163 170 171 165 165 163 164 163 164 165 165,0.20982299745082855,1,2026-06-14 16:16:35+00:00,2026-06-14 16:16:39+00:00
all,verify_telemetry_loss_001,356290760,1781453800.0,1781453804.0,1,34,163 166 165 163 167 163 170 163 170 165 165 171 165 163 165 163 164 165 163 170 165 163 164 165 163 167 171 165 163 164 165 163 164 165,0.20841515064239502,1,2026-06-14 16:16:40+00:00,2026-06-14 16:16:44+00:00
all,verify_telemetry_loss_001,356290761,1781453805.0,1781453809.0,1,57,163 166 165 163 167 171 165 163 164 165 163 169 165 163 170 165 163 165 163 166 165 163 167 163 170 165 171 165 163 164 165 163 164 165 163 170 165 163 170 165 163 166 165 163 167 163 166 165 163 167 163 164 165 171 165 171 165,0.2119324654340744,1,2026-06-14 16:16:45+00:00,2026-06-14 16:16:49+00:00
all,verify_telemetry_loss_001,356290762,1781453810.0,1781453814.0,1,37,163 170 165 163 164 165 163 169 165 163 170 165 163 167 163 170 165 171 163 165 165 163 164 165 163 170 165 163 167 163 170 165 171 165 163 164 165,0.2098241001367569,1,2026-06-14 16:16:50+00:00,2026-06-14 16:16:54+00:00
all,verify_telemetry_loss_001,356290763,1781453815.0,1781453818.0,1,53,163 170 165 163 166 165 163 167 163 166 165 163 167 35 2 71 4 5 161 162 163 164 165 163 169 165 163 170 171 171 165 165 165 163 172 173 174 175 165 163 165 163 164 165 163 170 165 163 164 165 163 164 165,0.34905487298965454,1,2026-06-14 16:16:55+00:00,2026-06-14 16:16:58+00:00
all,verify_telemetry_loss_001,356290764,1781453820.0,1781453824.0,1,33,163 164 165 163 164 165 163 167 163 165 171 165 163 164 165 163 164 165 163 164 165 163 164 163 164 165 163 169 165 163 170 165 165,0.2129185050725937,1,2026-06-14 16:17:00+00:00,2026-06-14 16:17:04+00:00
all,verify_telemetry_loss_001,356290765,1781453825.0,1781453829.0,1,52,163 166 165 163 167 171 165 163 165 163 164 165 163 170 165 163 164 165 8 163 164 165 163 169 165 163 170 165 163 164 165 163 169 165 163 170 165 163 172 173 2 72 4 5 161 162 174 175 165 163 164 165,0.3175748586654663,1,2026-06-14 16:17:05+00:00,2026-06-14 16:17:09+00:00
all,verify_telemetry_loss_001,356290766,1781453830.0,1781453834.0,1,52,163 164 165 35 2 73 4 5 161 162 163 164 165 163 169 165 163 170 163 165 165 163 172 173 163 164 174 175 165 165 163 164 165 163 164 165 163 170 165 163 164 165 163 166 165 163 167 163 170 165 171 165,0.3154597580432892,1,2026-06-14 16:17:10+00:00,2026-06-14 16:17:14+00:00
all,verify_telemetry_loss_001,356290767,1781453835.0,1781453839.0,1,35,163 164 165 163 169 165 163 170 165 163 166 165 163 167 163 165 171 165 163 166 165 163 167 171 165 163 164 165 163 166 165 163 167 171 165,0.2136773318052292,1,2026-06-14 16:17:15+00:00,2026-06-14 16:17:19+00:00
all,verify_telemetry_loss_001,356290768,1781453840.0,1781453844.0,1,40,163 164 165 163 164 165 163 164 165 163 170 165 163 166 165 163 167 171 165 163 165 163 166 165 163 167 171 165 163 164 165 163 164 165 163 170 165 163 164 165,0.21442849934101105,1,2026-06-14 16:17:20+00:00,2026-06-14 16:17:24+00:00
all,verify_telemetry_loss_001,356290769,1781453845.0,1781453849.0,1,57,163 164 165 163 167 171 165 163 165 163 164 163 164 165 165 163 169 165 163 170 8 2 74 4 5 161 162 165 163 172 173 174 175 165 163 164 165 163 170 165 163 166 165 163 167 171 165 163 164 165 163 166 165 163 167 171 165,0.34264931082725525,1,2026-06-14 16:17:25+00:00,2026-06-14 16:17:29+00:00
all,verify_telemetry_loss_001,356290770,1781453850.0,1781453853.0,1,21,163 164 165 163 165 163 164 165 163 164 165 163 169 165 163 170 165 163 167 171 165,0.18704697489738464,0,2026-06-14 16:17:30+00:00,2026-06-14 16:17:33+00:00
all,verify_telemetry_loss_001,356290771,1781453855.0,1781453858.0,1,73,163 164 165 163 169 165 163 170 165 163 164 165 163 169 165 163 170 165 163 170 165 163 165 163 170 165 163 164 163 164 165 165 163 164 165 163 166 165 163 167 163 164 165 171 165 163 164 165 6 2 75 4 5 161 162 163 164 165 163 169 165 163 170 165 163 172 173 174 175 165 163 170 165,0.28780636191368103,1,2026-06-14 16:17:35+00:00,2026-06-14 16:17:38+00:00
all,verify_telemetry_loss_001,356290772,1781453860.0,1781453864.0,1,52,6 2 76 4 5 161 162 163 164 165 163 169 165 163 170 165 163 172 173 174 175 165 163 165 163 164 165 163 170 165 163 166 165 163 167 171 165 163 164 163 164 165 165 163 170 165 163 164 165 163 170 165,0.290899395942688,1,2026-06-14 16:17:40+00:00,2026-06-14 16:17:44+00:00
all,verify_telemetry_loss_001,356290773,1781453865.0,1781453869.0,1,48,163 166 165 163 167 163 164 163 164 171 165 165 165 163 164 165 163 169 165 163 170 165 163 170 163 165 163 164 165 165 163 164 165 163 164 165 163 170 165 163 164 165 163 170 165 163 164 165,0.2018183469772339,0,2026-06-14 16:17:45+00:00,2026-06-14 16:17:49+00:00
all,verify_telemetry_loss_001,356290774,1781453871.0,1781453874.0,1,78,8 2 77 4 5 161 162 163 164 165 163 169 165 163 170 165 163 172 173 174 175 165 163 165 163 164 165 163 164 165 163 169 165 163 170 163 164 165 165 163 164 163 166 165 163 167 165 163 169 165 163 170 163 164 165 165 171 165 163 164 165 163 164 165 163 164 165 163 169 165 163 170 165 163 166 165 163 167,0.3084094524383545,1,2026-06-14 16:17:51+00:00,2026-06-14 16:17:54+00:00
all,verify_telemetry_loss_001,356290775,1781453875.0,1781453879.0,1,43,171 165 163 165 163 166 165 163 167 163 164 165 171 165 163 164 165 163 170 163 164 165 165 163 166 165 163 167 171 165 6 163 164 165 163 169 165 163 170 165 163 172 173,0.2003738433122635,0,2026-06-14 16:17:55+00:00,2026-06-14 16:17:59+00:00
all,verify_telemetry_loss_001,356290776,1781453880.0,1781453884.0,1,54,2 78 4 5 161 162 174 175 165 163 164 165 163 165 163 164 165 163 170 163 164 165 165 163 166 165 163 167 171 165 163 164 165 163 170 165 163 164 165 163 166 165 163 167 163 164 165 171 165 163 166 165 163 167,0.2845596373081207,1,2026-06-14 16:18:00+00:00,2026-06-14 16:18:04+00:00
all,verify_telemetry_loss_001,356290777,1781453885.0,1781453889.0,1,46,10 2 79 4 5 161 162 171 165 163 164 165 163 169 165 163 170 165 163 172 173 174 175 165 163 165 163 170 165 163 166 165 163 167 171 165 163 164 165 163 166 165 163 167 171 165,0.2874639630317688,1,2026-06-14 16:18:05+00:00,2026-06-14 16:18:09+00:00
all,verify_telemetry_loss_001,356290778,1781453890.0,1781453894.0,1,53,163 166 165 163 167 163 164 165 163 169 165 163 170 163 164 171 165 165 165 163 170 165 163 165 163 166 165 163 167 163 164 165 171 165 163 167 171 165 163 164 165 163 164 165 163 164 165 163 170 165 163 164 165,0.2026689648628235,0,2026-06-14 16:18:10+00:00,2026-06-14 16:18:14+00:00
all,verify_telemetry_loss_001,356290779,1781453895.0,1781453899.0,1,39,163 164 165 163 165 163 164 165 163 169 165 163 170 165 163 164 165 163 166 165 163 167 163 164 165 171 165 163 164 165 163 170 165 163 164 165 163 164 165,0.21207423508167267,1,2026-06-14 16:18:15+00:00,2026-06-14 16:18:19+00:00
all,verify_telemetry_loss_001,356290780,1781453901.0,1781453904.0,1,27,163 164 165 163 169 165 163 170 165 163 165 163 164 165 163 164 165 163 164 165 163 166 165 163 167 171 165,0.20277738571166992,0,2026-06-14 16:18:21+00:00,2026-06-14 16:18:24+00:00
all,verify_telemetry_loss_001,356290781,1781453905.0,1781453909.0,1,39,163 164 165 163 164 165 163 164 165 163 164 165 163 169 165 163 170 163 164 165 165 163 165 163 164 165 163 164 165 163 164 165 163 166 165 163 167 171 165,0.2112642526626587,1,2026-06-14 16:18:25+00:00,2026-06-14 16:18:29+00:00
all,verify_telemetry_loss_001,356290782,1781453910.0,1781453914.0,1,31,163 164 165 163 170 165 163 165 163 166 165 163 167 163 164 165 171 165 163 164 165 163 164 165 163 164 165 163 167 171 165,0.20868419110774994,1,2026-06-14 16:18:30+00:00,2026-06-14 16:18:34+00:00
all,verify_telemetry_loss_001,356290783,1781453915.0,1781453919.0,1,39,163 164 165 163 167 171 165 163 164 165 163 165 163 164 165 163 169 165 163 170 165 163 164 165 163 164 165 163 170 165 163 164 165 163 169 165 163 170 165,0.21113336086273193,1,2026-06-14 16:18:35+00:00,2026-06-14 16:18:39+00:00
all,verify_telemetry_loss_001,356290784,1781453920.0,1781453924.0,1,34,163 164 165 163 164 165 163 166 165 163 167 163 164 165 171 165 163 165 163 164 165 163 166 165 163 167 163 164 165 171 165 163 164 165,0.21055330336093903,1,2026-06-14 16:18:40+00:00,2026-06-14 16:18:44+00:00
all,verify_telemetry_loss_001,356290785,1781453925.0,1781453929.0,1,61,1 2 80 4 5 161 162 163 164 165 163 169 165 163 170 165 163 172 173 174 175 165 163 164 165 163 165 163 164 165 163 164 165 163 164 163 164 165 165 163 170 165 163 164 165 163 166 165 163 167 171 165 163 164 165 163 169 165 163 170 165,0.3098139762878418,1,2026-06-14 16:18:45+00:00,2026-06-14 16:18:49+00:00
all,verify_telemetry_loss_001,356290786,1781453931.0,1781453934.0,1,52,163 164 165 163 166 165 163 167 163 165 163 164 171 165 165 163 164 165 8 2 81 4 5 161 162 163 164 165 163 164 165 163 169 165 163 170 165 163 172 173 174 175 165 163 170 165 163 164 165 163 164 165,0.3437919020652771,1,2026-06-14 16:18:51+00:00,2026-06-14 16:18:54+00:00
all,verify_telemetry_loss_001,356290787,1781453935.0,1781453939.0,1,34,163 166 165 163 167 163 164 165 171 165 163 165 163 164 165 163 164 165 163 169 165 163 170 165 163 166 165 163 167 171 165 163 164 165,0.20567190647125244,1,2026-06-14 16:18:55+00:00,2026-06-14 16:18:59+00:00
all,verify_telemetry_loss_001,356290788,1781453940.0,1781453944.0,1,36,163 164 165 163 170 165 163 164 163 164 165 165 163 169 165 163 170 165 163 164 165 163 165 163 164 165 163 166 165 163 167 171 165 163 164 165,0.20699623227119446,1,2026-06-14 16:19:00+00:00,2026-06-14 16:19:04+00:00
all,verify_telemetry_loss_001,356290789,1781453945.0,1781453949.0,1,46,163 164 165 163 164 165 163 164 165 163 164 165 163 170 165 163 164 165 163 165 163 164 165 163 164 165 163 164 165 163 164 165 163 164 165 163 164 165 163 169 165 163 170 165 163 164,0.20463211834430695,0,2026-06-14 16:19:05+00:00,2026-06-14 16:19:09+00:00
all,verify_telemetry_loss_001,356290790,1781453950.0,1781453954.0,1,35,165 163 169 165 163 170 163 166 165 163 167 165 171 165 163 164 165 163 164 165 163 165 163 164 165 163 167 171 165 163 164 165 163 170 165,0.2063971757888794,1,2026-06-14 16:19:10+00:00,2026-06-14 16:19:14+00:00
all,verify_telemetry_loss_001,356290791,1781453955.0,1781453959.0,1,34,163 170 165 163 165 163 167 171 165 163 164 165 163 164 165 163 170 165 163 164 165 163 164 165 163 166 165 163 167 163 164 165 171 165,0.20634189248085022,1,2026-06-14 16:19:15+00:00,2026-06-14 16:19:19+00:00
all,verify_telemetry_loss_001,356290792,1781453961.0,1781453964.0,1,36,163 165 163 164 165 163 170 165 163 164 165 8 2 82 4 5 161 162 163 164 165 163 169 165 163 170 165 163 172 173 174 175 165 163 164 165,0.3429909646511078,1,2026-06-14 16:19:21+00:00,2026-06-14 16:19:24+00:00
all,verify_telemetry_loss_001,356290793,1781453965.0,1781453969.0,1,73,163 170 165 163 167 163 164 165 171 165 163 165 163 164 165 1 2 83 4 5 161 162 163 164 165 163 169 165 163 170 163 167 165 163 172 173 174 171 175 165 165 163 167 171 165 163 164 165 1 2 84 4 5 161 162 163 164 165 163 169 165 163 170 163 170 165 163 172 173 165 174 175 165,0.33288535475730896,1,2026-06-14 16:19:25+00:00,2026-06-14 16:19:29+00:00
all,verify_telemetry_loss_001,356290794,1781453970.0,1781453974.0,1,31,163 166 165 163 167 171 165 163 164 165 163 167 171 165 163 165 163 164 165 163 164 165 163 164 165 163 164 165 163 167 171,0.20510172843933105,1,2026-06-14 16:19:30+00:00,2026-06-14 16:19:34+00:00
all,verify_telemetry_loss_001,356290795,1781453975.0,1781453979.0,1,49,165 163 166 165 163 167 171 165 163 164 165 163 164 165 163 166 165 163 167 163 165 163 164 165 171 165 163 164 165 163 164 165 163 166 165 163 167 163 166 165 163 167 171 171 165 165 163 164 165,0.21569770574569702,1,2026-06-14 16:19:35+00:00,2026-06-14 16:19:39+00:00
all,verify_telemetry_loss_001,356290796,1781453980.0,1781453984.0,1,44,163 164 165 163 164 165 163 165 163 164 165 163 164 165 163 164 163 170 165 163 169 165 163 170 6 2 85 4 5 161 165 165 163 172 173 174 175 165 163 164 165 163 170 165,0.31536322832107544,1,2026-06-14 16:19:40+00:00,2026-06-14 16:19:44+00:00
all,verify_telemetry_loss_001,356290797,1781453985.0,1781453989.0,1,50,163 166 165 163 167 163 166 165 163 167 163 164 171 165 165 171 165 163 164 165 163 164 165 163 165 163 164 165 163 170 165 163 170 165 163 170 165 163 167 163 164 165 163 169 165 163 170 165 171 165,0.21637021005153656,1,2026-06-14 16:19:45+00:00,2026-06-14 16:19:49+00:00
all,verify_telemetry_loss_001,356290798,1781453991.0,1781453994.0,1,57,163 170 165 163 164 165 163 164 165 163 165 163 164 165 163 164 165 163 169 165 163 170 163 164 165 165 163 164 165 163 169 165 163 170 163 170 163 164 165 165 165 163 169 165 163 170 163 166 165 163 167 165 163 164 165 171 165,0.2203824371099472,1,2026-06-14 16:19:51+00:00,2026-06-14 16:19:54+00:00
all,verify_telemetry_loss_001,356290799,1781453996.0,1781453998.0,1,45,35 2 86 4 5 161 163 166 165 163 167 171 165 163 165 163 170 165 163 164 165 163 169 165 163 170 165 163 172 173 174 175 165 163 170 165 163 164 165 163 164 165 163 164 165,0.2928968071937561,1,2026-06-14 16:19:56+00:00,2026-06-14 16:19:58+00:00
all,verify_telemetry_loss_001,356290800,1781454000.0,1781454003.0,1,36,163 164 165 163 165 163 164 165 163 166 165 163 167 163 164 165 171 165 163 164 165 163 164 165 163 164 163 164 165 163 170 165 165 163 164 165,0.21495847404003143,1,2026-06-14 16:20:00+00:00,2026-06-14 16:20:03+00:00
all,verify_telemetry_loss_001,356290801,1781454005.0,1781454009.0,1,27,163 164 165 163 165 163 170 165 163 164 165 163 164 165 163 167 171 165 163 164 165 163 169 165 163 170 165,0.2053462117910385,1,2026-06-14 16:20:05+00:00,2026-06-14 16:20:09+00:00
all,verify_telemetry_loss_001,356290802,1781454011.0,1781454013.0,1,53,163 165 163 170 165 163 170 165 163 164 165 35 2 87 4 5 161 163 170 163 164 163 164 165 165 163 169 165 165 163 170 163 169 165 163 170 165 165 163 172 173 174 175 165 163 164 165 163 164 165 163 164 165,0.3370473384857178,1,2026-06-14 16:20:11+00:00,2026-06-14 16:20:13+00:00
all,verify_telemetry_loss_001,356290803,1781454016.0,1781454019.0,1,69,163 170 165 163 165 163 164 165 163 164 165 163 170 165 163 166 165 163 167 163 164 165 171 165 8 2 88 4 5 161 163 164 165 163 169 165 163 170 165 163 170 163 166 165 163 172 173 163 167 165 163 166 165 163 167 174 175 165 171 165 171 165 163 164 165 163 167 171 165,0.3165264427661896,1,2026-06-14 16:20:16+00:00,2026-06-14 16:20:19+00:00
all,verify_telemetry_loss_001,356290804,1781454020.0,1781454024.0,1,69,163 170 165 163 170 165 163 164 165 163 165 163 166 165 163 167 171 165 163 164 165 163 169 165 163 170 163 164 165 165 163 169 165 163 170 165 163 164 165 163 169 165 163 170 165 163 164 165 35 2 89 4 5 161 163 164 165 163 169 165 163 170 165 163 172 173 174 175 165,0.28334948420524597,1,2026-06-14 16:20:20+00:00,2026-06-14 16:20:24+00:00
all,verify_telemetry_loss_001,356290805,1781454025.0,1781454029.0,1,39,163 166 165 163 167 171 165 163 164 165 163 165 163 164 165 163 169 165 163 170 165 163 164 165 163 164 165 163 164 165 163 164 165 163 164 163 164 165 165,0.20854851603507996,1,2026-06-14 16:20:25+00:00,2026-06-14 16:20:29+00:00
all,verify_telemetry_loss_001,356290806,1781454030.0,1781454034.0,1,43,163 164 165 163 164 163 164 165 165 163 169 165 163 170 163 164 163 165 165 165 163 164 165 163 164 165 163 164 163 164 163 164 165 165 165 163 164 165 163 166 165 163 167,0.2060094028711319,1,2026-06-14 16:20:30+00:00,2026-06-14 16:20:34+00:00
all,verify_telemetry_loss_001,356290807,1781454035.0,1781454039.0,1,48,171 165 163 164 165 163 169 165 163 170 165 163 164 163 165 165 163 164 165 163 164 165 6 163 166 165 163 167 171 165 163 164 165 163 170 165 163 164 165 163 169 165 163 170 165 163 172 173,0.20746830105781555,1,2026-06-14 16:20:35+00:00,2026-06-14 16:20:39+00:00
all,verify_telemetry_loss_001,356290808,1781454040.0,1781454044.0,1,33,2 90 4 5 161 174 175 165 163 166 165 163 167 171 165 163 165 163 164 165 163 164 165 163 164 165 163 166 165 163 167 171 165,0.2611246109008789,1,2026-06-14 16:20:40+00:00,2026-06-14 16:20:44+00:00
all,verify_telemetry_loss_001,356290809,1781454045.0,1781454048.0,1,44,163 164 165 163 165 163 164 165 163 166 165 163 164 163 167 165 171 165 163 164 165 163 170 165 163 167 163 167 171 165 171 165 163 164 165 163 169 165 163 170 163 164 165 165,0.20652061700820923,1,2026-06-14 16:20:45+00:00,2026-06-14 16:20:48+00:00
all,verify_telemetry_loss_001,356290810,1781454050.0,1781454054.0,1,42,163 170 165 163 164 165 163 170 165 163 164 165 163 166 165 163 167 163 165 171 165 163 170 165 163 164 165 163 164 165 163 164 165 163 170 165 163 164 165 163 164 165,0.20786060392856598,1,2026-06-14 16:20:50+00:00,2026-06-14 16:20:54+00:00
all,verify_telemetry_loss_001,356290811,1781454055.0,1781454059.0,1,34,163 164 165 163 164 165 163 165 163 170 165 163 170 165 163 166 165 163 167 171 165 163 170 165 163 164 165 163 164 165 163 167 171 165,0.2061082422733307,1,2026-06-14 16:20:55+00:00,2026-06-14 16:20:59+00:00
all,verify_telemetry_loss_001,356290812,1781454060.0,1781454064.0,1,48,163 166 165 163 167 171 165 163 170 165 163 165 35 2 91 4 5 161 163 164 165 163 164 165 163 169 165 163 170 165 163 172 173 174 163 164 175 165 165 163 169 165 163 170 165 163 170 165,0.3207414746284485,1,2026-06-14 16:21:00+00:00,2026-06-14 16:21:04+00:00
all,verify_telemetry_loss_001,356290813,1781454066.0,1781454069.0,1,59,163 164 165 163 165 163 170 165 6 2 92 4 5 161 163 170 165 163 164 165 163 164 163 164 165 165 163 169 165 163 170 165 163 172 173 174 175 165 163 166 165 163 167 163 164 165 171 165 163 167 171 165 163 166 165 163 167 171 165,0.3176325261592865,1,2026-06-14 16:21:06+00:00,2026-06-14 16:21:09+00:00
all,verify_telemetry_loss_001,356290814,1781454070.0,1781454074.0,1,74,13 2 93 4 5 161 163 164 165 163 169 165 163 170 165 163 172 173 174 175 165 163 164 165 163 165 13 2 94 4 5 161 163 164 165 163 164 165 163 169 165 163 170 165 163 172 173 174 175 165 163 164 165 163 169 165 163 170 163 164 165 163 169 165 163 170 165 165 163 170 165 163 164 165,0.3386822044849396,1,2026-06-14 16:21:10+00:00,2026-06-14 16:21:14+00:00
all,verify_telemetry_loss_001,356290815,1781454075.0,1781454079.0,1,34,163 164 165 163 164 165 163 165 163 164 165 13 2 95 4 5 161 163 164 165 163 169 165 163 170 165 163 172 173 174 175 165 163 167,0.3219859302043915,1,2026-06-14 16:21:15+00:00,2026-06-14 16:21:19+00:00
all,verify_telemetry_loss_001,356290816,1781454080.0,1781454084.0,1,54,171 165 163 164 165 163 164 163 164 163 165 165 165 163 164 163 166 165 163 167 165 163 166 165 163 167 171 165 163 170 165 171 165 163 164 165 163 164 165 163 169 165 163 170 165 163 164 165 163 164 165 163 164 165,0.206094890832901,1,2026-06-14 16:21:20+00:00,2026-06-14 16:21:24+00:00
all,verify_telemetry_loss_001,356290817,1781454085.0,1781454089.0,1,35,163 164 165 163 165 163 164 165 163 164 165 163 170 165 163 164 165 163 164 163 170 165 165 163 164 165 163 164 165 163 169 165 163 170 165,0.2054145187139511,1,2026-06-14 16:21:25+00:00,2026-06-14 16:21:29+00:00
all,verify_telemetry_loss_001,356290818,1781454090.0,1781454094.0,1,32,163 164 165 163 164 165 163 164 165 163 165 163 164 163 164 165 165 163 164 165 163 169 165 163 170 163 164 165 165 163 170 165,0.2050284892320633,1,2026-06-14 16:21:30+00:00,2026-06-14 16:21:34+00:00
all,verify_telemetry_loss_001,356290819,1781454095.0,1781454099.0,1,34,163 164 165 163 165 163 170 165 163 164 165 163 169 165 163 170 165 163 164 165 163 164 165 163 170 165 163 164 163 166 165 165 163 167,0.20555515587329865,1,2026-06-14 16:21:35+00:00,2026-06-14 16:21:39+00:00
all,verify_telemetry_loss_001,356290820,1781454100.0,1781454104.0,1,32,163 164 165 171 165 163 165 163 167 163 170 165 171 165 163 166 165 163 167 171 165 163 164 165 163 164 165 163 164 165 163 167,0.2067163586616516,1,2026-06-14 16:21:40+00:00,2026-06-14 16:21:44+00:00
all,verify_telemetry_loss_001,356290821,1781454105.0,1781454109.0,1,22,163 170 171 165 165 163 165 163 164 163 164 165 165 163 170 165 163 164 165 163 170 165,0.1862039864063263,0,2026-06-14 16:21:45+00:00,2026-06-14 16:21:49+00:00
all,verify_telemetry_loss_001,356290822,1781454110.0,1781454114.0,1,33,163 164 165 163 170 165 163 164 165 163 165 163 164 165 163 170 165 163 166 165 163 167 171 165 163 164 165 163 170 165 163 164 165,0.20572403073310852,1,2026-06-14 16:21:50+00:00,2026-06-14 16:21:54+00:00
all,verify_telemetry_loss_001,356290823,1781454116.0,1781454119.0,0,29,163 165 163 164 165 163 164 165 163 164 165 163 164 165 163 164 165 163 164 165 163 164 165 163 169 165 163 170 165,0.20164640247821808,0,2026-06-14 16:21:56+00:00,2026-06-14 16:21:59+00:00
all,verify_telemetry_loss_001,356290824,1781454120.0,1781454124.0,0,26,163 164 163 164 165 165 163 165 163 164 165 163 164 165 163 164 165 163 164 165 163 164 165 163 170 165,0.197842538356781,0,2026-06-14 16:22:00+00:00,2026-06-14 16:22:04+00:00
all,verify_telemetry_loss_001,356290825,1781454125.0,1781454129.0,0,73,163 164 165 163 164 165 163 164 165 163 164 165 163 165 35 2 96 4 5 161 163 164 165 163 169 165 163 170 165 163 172 173 163 167 174 175 165 163 166 165 163 167 163 164 165 163 169 165 163 170 165 163 170 165 163 166 165 163 167 171 165 163 164 165 163 169 171 171 165 165 165 163 170,0.3205435276031494,1,2026-06-14 16:22:05+00:00,2026-06-14 16:22:09+00:00
all,verify_telemetry_loss_001,356290826,1781454130.0,1781454133.0,0,34,165 163 164 165 163 167 163 165 171 165 163 164 165 163 164 165 163 164 165 163 164 165 163 164 165 163 164 165 163 169 165 163 170 165,0.2060588300228119,1,2026-06-14 16:22:10+00:00,2026-06-14 16:22:13+00:00
all,verify_telemetry_loss_001,3564,,,0,1,168,0.002135146874934435,0,,
all,verify_telemetry_loss_001,3565,,,0,1,168,0.002135146874934435,0,,
all,verify_telemetry_loss_001,3566,,,0,1,168,0.002135146874934435,0,,
all,verify_telemetry_loss_001,3567,,,0,1,168,0.002135146874934435,0,,
all,verify_telemetry_loss_001,3568,,,0,1,168,0.002135146874934435,0,,
all,verify_telemetry_loss_001,3570,,,0,1,168,0.002135146874934435,0,,
all,verify_telemetry_loss_001,3572,,,0,1,168,0.002135146874934435,0,,
all,verify_telemetry_loss_001,3573,,,0,1,168,0.002135146874934435,0,,
all,verify_telemetry_loss_001,3575,,,0,1,168,0.002135146874934435,0,,
all,verify_telemetry_loss_001,3577,,,0,1,168,0.002135146874934435,0,,
all,verify_telemetry_loss_001,3578,,,0,1,168,0.002135146874934435,0,,
all,verify_telemetry_loss_001,3579,,,0,1,168,0.002135146874934435,0,,
all,verify_telemetry_loss_001,3581,,,0,1,168,0.002135146874934435,0,,
all,verify_telemetry_loss_001,3582,,,0,1,168,0.002135146874934435,0,,
all,verify_telemetry_loss_001,3583,,,0,1,168,0.002135146874934435,0,,
all,verify_telemetry_loss_001,3585,,,0,1,168,0.002135146874934435,0,,
all,verify_telemetry_loss_001,3587,,,0,1,168,0.002135146874934435,0,,
all,verify_telemetry_loss_001,3588,,,0,1,168,0.002135146874934435,0,,
all,verify_telemetry_loss_001,3589,,,0,1,168,0.002135146874934435,0,,
all,verify_telemetry_loss_001,3592,,,0,1,168,0.002135146874934435,0,,
all,verify_telemetry_loss_001,3593,,,0,1,168,0.002135146874934435,0,,
all,verify_telemetry_loss_001,3594,,,0,1,168,0.002135146874934435,0,,
all,verify_telemetry_loss_001,3595,,,0,1,168,0.002135146874934435,0,,
all,verify_telemetry_loss_001,3596,,,0,1,168,0.002135146874934435,0,,
all,verify_telemetry_loss_001,3597,,,0,1,168,0.002135146874934435,0,,
all,verify_telemetry_loss_001,3598,,,0,1,168,0.002135146874934435,0,,
all,verify_telemetry_loss_001,3599,,,0,1,168,0.002135146874934435,0,,
all,verify_telemetry_loss_001,3601,,,0,1,168,0.002135146874934435,0,,
all,verify_telemetry_loss_001,3602,,,0,1,168,0.002135146874934435,0,,
all,verify_telemetry_loss_001,3605,,,0,1,168,0.002135146874934435,0,,
all,verify_telemetry_loss_001,3606,,,0,1,168,0.002135146874934435,0,,
all,verify_telemetry_loss_001,3608,,,0,1,168,0.002135146874934435,0,,
all,verify_telemetry_loss_001,3609,,,0,1,168,0.002135146874934435,0,,
all,verify_telemetry_loss_001,3610,,,0,1,168,0.002135146874934435,0,,
all,verify_telemetry_loss_001,3611,,,0,1,168,0.002135146874934435,0,,
all,verify_telemetry_loss_001,3613,,,0,1,168,0.002135146874934435,0,,
all,verify_telemetry_loss_001,3614,,,0,1,168,0.002135146874934435,0,,
all,verify_telemetry_loss_001,3615,,,0,1,168,0.002135146874934435,0,,
all,verify_telemetry_loss_001,3616,,,0,1,168,0.002135146874934435,0,,
all,verify_telemetry_loss_001,3617,,,0,1,168,0.002135146874934435,0,,
all,verify_telemetry_loss_001,3618,,,0,1,168,0.002135146874934435,0,,
all,verify_telemetry_loss_001,3619,,,0,1,168,0.002135146874934435,0,,
all,verify_telemetry_loss_001,3621,,,0,1,168,0.002135146874934435,0,,
all,verify_telemetry_loss_001,3622,,,0,1,168,0.002135146874934435,0,,
all,verify_telemetry_loss_001,3624,,,0,1,168,0.002135146874934435,0,,
all,verify_telemetry_loss_001,3625,,,0,1,168,0.002135146874934435,0,,
all,verify_telemetry_loss_001,3627,,,0,1,168,0.002135146874934435,0,,
all,verify_telemetry_loss_001,3628,,,0,1,168,0.002135146874934435,0,,
all,verify_telemetry_loss_001,3630,,,0,1,168,0.002135146874934435,0,,
all,verify_telemetry_loss_001,3631,,,0,1,168,0.002135146874934435,0,,
all,verify_telemetry_loss_001,3633,,,0,1,168,0.002135146874934435,0,,
all,verify_telemetry_loss_001,3635,,,0,1,168,0.002135146874934435,0,,
all,verify_telemetry_loss_001,3636,,,0,1,168,0.002135146874934435,0,,
all,verify_telemetry_loss_001,3637,,,0,1,168,0.002135146874934435,0,,
all,verify_telemetry_loss_001,3638,,,0,1,168,0.002135146874934435,0,,
all,verify_telemetry_loss_001,3639,,,0,1,168,0.002135146874934435,0,,
all,verify_telemetry_loss_001,3641,,,0,1,168,0.002135146874934435,0,,
all,verify_telemetry_loss_001,3642,,,0,1,168,0.002135146874934435,0,,
all,verify_telemetry_loss_001,3643,,,0,1,168,0.002135146874934435,0,,
all,verify_telemetry_loss_001,3645,,,0,1,168,0.002135146874934435,0,,
all,verify_telemetry_loss_001,3646,,,0,1,168,0.002135146874934435,0,,
all,verify_telemetry_loss_001,3648,,,0,1,168,0.002135146874934435,0,,
all,verify_telemetry_loss_001,3649,,,0,1,168,0.002135146874934435,0,,
all,verify_telemetry_loss_001,3650,,,0,1,168,0.002135146874934435,0,,
all,verify_telemetry_loss_001,3651,,,0,1,168,0.002135146874934435,0,,
all,verify_telemetry_loss_001,3653,,,0,1,168,0.002135146874934435,0,,
all,verify_telemetry_loss_001,3654,,,0,1,168,0.002135146874934435,0,,
all,verify_telemetry_loss_001,3656,,,0,1,168,0.002135146874934435,0,,
all,verify_telemetry_loss_001,3658,,,0,1,168,0.002135146874934435,0,,
all,verify_telemetry_loss_001,3660,,,0,1,168,0.002135146874934435,0,,
all,verify_telemetry_loss_001,3662,,,0,1,168,0.002135146874934435,0,,
all,verify_telemetry_loss_001,3663,,,0,1,168,0.002135146874934435,0,,
all,verify_telemetry_loss_001,3665,,,0,1,168,0.002135146874934435,0,,
all,verify_telemetry_loss_001,3666,,,0,1,168,0.002135146874934435,0,,
all,verify_telemetry_loss_001,3667,,,0,1,168,0.002135146874934435,0,,
all,verify_telemetry_loss_001,3668,,,0,1,168,0.002135146874934435,0,,
all,verify_telemetry_loss_001,3670,,,0,1,168,0.002135146874934435,0,,
all,verify_telemetry_loss_001,3672,,,0,1,168,0.002135146874934435,0,,
all,verify_telemetry_loss_001,3673,,,0,1,168,0.002135146874934435,0,,
all,verify_telemetry_loss_001,3674,,,0,1,168,0.002135146874934435,0,,
all,verify_telemetry_loss_001,3676,,,0,1,168,0.002135146874934435,0,,
all,verify_telemetry_loss_001,3678,,,0,1,168,0.002135146874934435,0,,
all,verify_telemetry_loss_001,3679,,,0,1,168,0.002135146874934435,0,,
all,verify_telemetry_loss_001,3680,,,0,1,168,0.002135146874934435,0,,
all,verify_telemetry_loss_001,3683,,,0,1,168,0.002135146874934435,0,,
all,verify_telemetry_loss_001,3684,,,0,1,168,0.002135146874934435,0,,
all,verify_telemetry_loss_001,3686,,,0,1,168,0.002135146874934435,0,,
all,verify_telemetry_loss_001,3688,,,0,1,168,0.002135146874934435,0,,
all,verify_telemetry_loss_001,3690,,,0,1,168,0.002135146874934435,0,,
all,verify_telemetry_loss_001,3691,,,0,1,168,0.002135146874934435,0,,
all,verify_telemetry_loss_001,3692,,,0,1,168,0.002135146874934435,0,,
all,verify_telemetry_loss_001,3693,,,0,1,168,0.002135146874934435,0,,
all,verify_telemetry_loss_001,3695,,,0,1,168,0.002135146874934435,0,,
all,verify_telemetry_loss_001,3696,,,0,1,168,0.002135146874934435,0,,
all,verify_telemetry_loss_001,3699,,,0,1,168,0.002135146874934435,0,,
all,verify_telemetry_loss_001,3700,,,0,1,168,0.002135146874934435,0,,
all,verify_telemetry_loss_001,3701,,,0,1,168,0.002135146874934435,0,,
all,verify_telemetry_loss_001,3704,,,0,1,168,0.002135146874934435,0,,
all,verify_telemetry_loss_001,3705,,,0,1,168,0.002135146874934435,0,,
all,verify_telemetry_loss_001,3706,,,0,1,168,0.002135146874934435,0,,
all,verify_telemetry_loss_001,3707,,,0,1,168,0.002135146874934435,0,,
all,verify_telemetry_loss_001,3711,,,0,1,168,0.002135146874934435,0,,
all,verify_telemetry_loss_001,3713,,,0,1,168,0.002135146874934435,0,,
all,verify_telemetry_loss_001,3714,,,0,1,168,0.002135146874934435,0,,
all,verify_telemetry_loss_001,3716,,,0,1,168,0.002135146874934435,0,,
all,verify_telemetry_loss_001,3717,,,0,1,168,0.002135146874934435,0,,
all,verify_telemetry_loss_001,3718,,,0,1,168,0.002135146874934435,0,,
all,verify_telemetry_loss_001,3719,,,0,1,168,0.002135146874934435,0,,
all,verify_telemetry_loss_001,3720,,,0,1,168,0.002135146874934435,0,,
all,verify_telemetry_loss_001,3722,,,0,1,168,0.002135146874934435,0,,
all,verify_telemetry_loss_001,3723,,,0,1,168,0.002135146874934435,0,,
all,verify_telemetry_loss_001,3724,,,0,1,168,0.002135146874934435,0,,
all,verify_telemetry_loss_001,3725,,,0,1,168,0.002135146874934435,0,,
all,verify_telemetry_loss_001,3727,,,0,1,168,0.002135146874934435,0,,
all,verify_telemetry_loss_001,3728,,,0,1,168,0.002135146874934435,0,,
all,verify_telemetry_loss_001,3729,,,0,1,168,0.002135146874934435,0,,
all,verify_telemetry_loss_001,3731,,,0,1,168,0.002135146874934435,0,,
all,verify_telemetry_loss_001,3732,,,0,1,168,0.002135146874934435,0,,
all,verify_telemetry_loss_001,3733,,,0,1,168,0.002135146874934435,0,,
all,verify_telemetry_loss_001,3734,,,0,1,168,0.002135146874934435,0,,
all,verify_telemetry_loss_001,3735,,,0,1,168,0.002135146874934435,0,,
all,verify_telemetry_loss_001,3737,,,0,1,168,0.002135146874934435,0,,
all,verify_telemetry_loss_001,3739,,,0,1,168,0.002135146874934435,0,,
all,verify_telemetry_loss_001,3742,,,0,1,168,0.002135146874934435,0,,
all,verify_telemetry_loss_001,3744,,,0,1,168,0.002135146874934435,0,,
all,verify_telemetry_loss_001,3745,,,0,1,168,0.002135146874934435,0,,
all,verify_telemetry_loss_001,3746,,,0,1,168,0.002135146874934435,0,,
all,verify_telemetry_loss_001,3748,,,0,1,168,0.002135146874934435,0,,
all,verify_telemetry_loss_001,3749,,,0,1,168,0.002135146874934435,0,,
all,verify_telemetry_loss_001,3750,,,0,1,168,0.002135146874934435,0,,
all,verify_telemetry_loss_001,3751,,,0,1,168,0.002135146874934435,0,,
all,verify_telemetry_loss_001,3753,,,0,1,168,0.002135146874934435,0,,
all,verify_telemetry_loss_001,3754,,,0,1,168,0.002135146874934435,0,,
all,verify_telemetry_loss_001,3755,,,0,1,168,0.002135146874934435,0,,
all,verify_telemetry_loss_001,3756,,,0,1,168,0.002135146874934435,0,,
all,verify_telemetry_loss_001,3757,,,0,1,168,0.002135146874934435,0,,
all,verify_telemetry_loss_001,3760,,,0,1,168,0.002135146874934435,0,,
all,verify_telemetry_loss_001,3761,,,0,1,168,0.002135146874934435,0,,
all,verify_telemetry_loss_001,3762,,,0,1,168,0.002135146874934435,0,,
all,verify_telemetry_loss_001,3764,,,0,1,168,0.002135146874934435,0,,
all,verify_telemetry_loss_001,3765,,,0,1,168,0.002135146874934435,0,,
all,verify_telemetry_loss_001,3767,,,0,1,168,0.002135146874934435,0,,
all,verify_telemetry_loss_001,3769,,,0,1,168,0.002135146874934435,0,,
all,verify_telemetry_loss_001,3770,,,0,1,168,0.002135146874934435,0,,
all,verify_telemetry_loss_001,3771,,,0,1,168,0.002135146874934435,0,,
all,verify_telemetry_loss_001,3772,,,0,1,168,0.002135146874934435,0,,
all,verify_telemetry_loss_001,3774,,,0,1,168,0.002135146874934435,0,,
all,verify_telemetry_loss_001,3775,,,0,1,168,0.002135146874934435,0,,
all,verify_telemetry_loss_001,3776,,,0,1,168,0.002135146874934435,0,,
all,verify_telemetry_loss_001,3777,,,0,1,168,0.002135146874934435,0,,
all,verify_telemetry_loss_001,3801,,,0,1,168,0.002135146874934435,0,,
all,verify_telemetry_loss_001,3803,,,0,1,168,0.002135146874934435,0,,
all,verify_telemetry_loss_001,3804,,,0,1,168,0.002135146874934435,0,,
all,verify_telemetry_loss_001,3806,,,0,1,168,0.002135146874934435,0,,
all,verify_telemetry_loss_001,3807,,,0,1,168,0.002135146874934435,0,,
all,verify_telemetry_loss_001,3809,,,0,1,168,0.002135146874934435,0,,
all,verify_telemetry_loss_001,3810,,,0,1,168,0.002135146874934435,0,,
all,verify_telemetry_loss_001,3811,,,0,1,168,0.002135146874934435,0,,
all,verify_telemetry_loss_001,3813,,,0,1,168,0.002135146874934435,0,,
all,verify_telemetry_loss_001,3815,,,0,1,168,0.002135146874934435,0,,
all,verify_telemetry_loss_001,3818,,,0,1,168,0.002135146874934435,0,,
all,verify_telemetry_loss_001,3819,,,0,1,168,0.002135146874934435,0,,
all,verify_telemetry_loss_001,3820,,,0,1,168,0.002135146874934435,0,,
all,verify_telemetry_loss_001,3821,,,0,1,168,0.002135146874934435,0,,
all,verify_telemetry_loss_001,3822,,,0,1,168,0.002135146874934435,0,,
all,verify_telemetry_loss_001,3824,,,0,1,168,0.002135146874934435,0,,
all,verify_telemetry_loss_001,3826,,,0,1,168,0.002135146874934435,0,,
all,verify_telemetry_loss_001,3827,,,0,1,168,0.002135146874934435,0,,
all,verify_telemetry_loss_001,3830,,,0,1,168,0.002135146874934435,0,,
all,verify_telemetry_loss_001,3831,,,0,1,168,0.002135146874934435,0,,
all,verify_telemetry_loss_001,3832,,,0,1,168,0.002135146874934435,0,,
all,verify_telemetry_loss_001,3834,,,0,1,168,0.002135146874934435,0,,
all,verify_telemetry_loss_001,3835,,,0,1,168,0.002135146874934435,0,,
all,verify_telemetry_loss_001,3838,,,0,1,168,0.002135146874934435,0,,
all,verify_telemetry_loss_001,3839,,,0,1,168,0.002135146874934435,0,,
all,verify_telemetry_loss_001,3840,,,0,1,168,0.002135146874934435,0,,
all,verify_telemetry_loss_001,3843,,,0,1,168,0.002135146874934435,0,,
all,verify_telemetry_loss_001,3844,,,0,1,168,0.002135146874934435,0,,
all,verify_telemetry_loss_001,3845,,,0,1,168,0.002135146874934435,0,,
all,verify_telemetry_loss_001,3847,,,0,1,168,0.002135146874934435,0,,
all,verify_telemetry_loss_001,3848,,,0,1,168,0.002135146874934435,0,,
all,verify_telemetry_loss_001,3851,,,0,1,168,0.002135146874934435,0,,
all,verify_telemetry_loss_001,3854,,,0,1,168,0.002135146874934435,0,,
all,verify_telemetry_loss_001,3855,,,0,1,168,0.002135146874934435,0,,
all,verify_telemetry_loss_001,3856,,,0,1,168,0.002135146874934435,0,,
all,verify_telemetry_loss_001,3857,,,0,1,168,0.002135146874934435,0,,
all,verify_telemetry_loss_001,3859,,,0,1,168,0.002135146874934435,0,,
all,verify_telemetry_loss_001,3860,,,0,1,168,0.002135146874934435,0,,
all,verify_telemetry_loss_001,3861,,,0,1,168,0.002135146874934435,0,,
all,verify_telemetry_loss_001,3862,,,0,1,168,0.002135146874934435,0,,
all,verify_telemetry_loss_001,3864,,,0,1,168,0.002135146874934435,0,,
all,verify_telemetry_loss_001,3865,,,0,1,168,0.002135146874934435,0,,
all,verify_telemetry_loss_001,3866,,,0,1,168,0.002135146874934435,0,,
all,verify_telemetry_loss_001,3868,,,0,1,168,0.002135146874934435,0,,
all,verify_telemetry_loss_001,3869,,,0,1,168,0.002135146874934435,0,,
all,verify_telemetry_loss_001,3870,,,0,1,168,0.002135146874934435,0,,
all,verify_telemetry_loss_001,3872,,,0,1,168,0.002135146874934435,0,,
all,verify_telemetry_loss_001,3873,,,0,1,168,0.002135146874934435,0,,
all,verify_telemetry_loss_001,3874,,,0,1,168,0.002135146874934435,0,,
all,verify_telemetry_loss_001,3876,,,0,1,168,0.002135146874934435,0,,
all,verify_telemetry_loss_001,3877,,,0,1,168,0.002135146874934435,0,,
all,verify_telemetry_loss_001,3878,,,0,1,168,0.002135146874934435,0,,
all,verify_telemetry_loss_001,3879,,,0,1,168,0.002135146874934435,0,,
all,verify_telemetry_loss_001,3881,,,0,1,168,0.002135146874934435,0,,
all,verify_telemetry_loss_001,3883,,,0,1,168,0.002135146874934435,0,,
all,verify_telemetry_loss_001,3884,,,0,1,168,0.002135146874934435,0,,
all,verify_telemetry_loss_001,3885,,,0,1,168,0.002135146874934435,0,,
all,verify_telemetry_loss_001,3886,,,0,1,168,0.002135146874934435,0,,
all,verify_telemetry_loss_001,3887,,,0,1,168,0.002135146874934435,0,,
all,verify_telemetry_loss_001,3888,,,0,1,168,0.002135146874934435,0,,
all,verify_telemetry_loss_001,3890,,,0,1,168,0.002135146874934435,0,,
all,verify_telemetry_loss_001,3892,,,0,1,168,0.002135146874934435,0,,
all,verify_telemetry_loss_001,3893,,,0,1,168,0.002135146874934435,0,,
all,verify_telemetry_loss_001,3894,,,0,1,168,0.002135146874934435,0,,
all,verify_telemetry_loss_001,3895,,,0,1,168,0.002135146874934435,0,,
all,verify_telemetry_loss_001,3897,,,0,1,168,0.002135146874934435,0,,
all,verify_telemetry_loss_001,3898,,,0,1,168,0.002135146874934435,0,,
all,verify_telemetry_loss_001,3899,,,0,1,168,0.002135146874934435,0,,
all,verify_telemetry_loss_001,3900,,,0,1,168,0.002135146874934435,0,,
all,verify_telemetry_loss_001,3901,,,0,1,168,0.002135146874934435,0,,
all,verify_telemetry_loss_001,3903,,,0,1,168,0.002135146874934435,0,,
all,verify_telemetry_loss_001,3904,,,0,1,168,0.002135146874934435,0,,
all,verify_telemetry_loss_001,3906,,,0,1,168,0.002135146874934435,0,,
all,verify_telemetry_loss_001,3907,,,0,1,168,0.002135146874934435,0,,
all,verify_telemetry_loss_001,3908,,,0,1,168,0.002135146874934435,0,,
all,verify_telemetry_loss_001,3910,,,0,1,168,0.002135146874934435,0,,
all,verify_telemetry_loss_001,3911,,,0,1,168,0.002135146874934435,0,,
all,verify_telemetry_loss_001,3912,,,0,1,168,0.002135146874934435,0,,
all,verify_telemetry_loss_001,3914,,,0,1,168,0.002135146874934435,0,,
all,verify_telemetry_loss_001,3915,,,0,1,168,0.002135146874934435,0,,
all,verify_telemetry_loss_001,3918,,,0,1,168,0.002135146874934435,0,,
all,verify_telemetry_loss_001,3919,,,0,1,168,0.002135146874934435,0,,
all,verify_telemetry_loss_001,3920,,,0,1,168,0.002135146874934435,0,,
all,verify_telemetry_loss_001,3921,,,0,1,168,0.002135146874934435,0,,
all,verify_telemetry_loss_001,3922,,,0,1,168,0.002135146874934435,0,,
all,verify_telemetry_loss_001,3923,,,0,1,168,0.002135146874934435,0,,
all,verify_telemetry_loss_001,3925,,,0,1,168,0.002135146874934435,0,,
all,verify_telemetry_loss_001,3926,,,0,1,168,0.002135146874934435,0,,
all,verify_telemetry_loss_001,3930,,,0,1,168,0.002135146874934435,0,,
all,verify_telemetry_loss_001,3931,,,0,1,168,0.002135146874934435,0,,
all,verify_telemetry_loss_001,3932,,,0,1,168,0.002135146874934435,0,,
all,verify_telemetry_loss_001,3933,,,0,1,168,0.002135146874934435,0,,
all,verify_telemetry_loss_001,3935,,,0,1,168,0.002135146874934435,0,,
all,verify_telemetry_loss_001,3937,,,0,1,168,0.002135146874934435,0,,
all,verify_telemetry_loss_001,3938,,,0,1,168,0.002135146874934435,0,,
all,verify_telemetry_loss_001,3940,,,0,1,168,0.002135146874934435,0,,
all,verify_telemetry_loss_001,3941,,,0,1,168,0.002135146874934435,0,,
all,verify_telemetry_loss_001,3942,,,0,1,168,0.002135146874934435,0,,
all,verify_telemetry_loss_001,3944,,,0,1,168,0.002135146874934435,0,,
all,verify_telemetry_loss_001,3945,,,0,1,168,0.002135146874934435,0,,
all,verify_telemetry_loss_001,3946,,,0,1,168,0.002135146874934435,0,,
all,verify_telemetry_loss_001,3947,,,0,1,168,0.002135146874934435,0,,
all,verify_telemetry_loss_001,3950,,,0,1,168,0.002135146874934435,0,,
all,verify_telemetry_loss_001,3951,,,0,1,168,0.002135146874934435,0,,
all,verify_telemetry_loss_001,3953,,,0,1,168,0.002135146874934435,0,,
all,verify_telemetry_loss_001,3955,,,0,1,168,0.002135146874934435,0,,
all,verify_telemetry_loss_001,3957,,,0,1,168,0.002135146874934435,0,,
all,verify_telemetry_loss_001,3959,,,0,1,168,0.002135146874934435,0,,
all,verify_telemetry_loss_001,3960,,,0,1,168,0.002135146874934435,0,,
all,verify_telemetry_loss_001,3961,,,0,1,168,0.002135146874934435,0,,
all,verify_telemetry_loss_001,3963,,,0,1,168,0.002135146874934435,0,,
all,verify_telemetry_loss_001,3964,,,0,1,168,0.002135146874934435,0,,
all,verify_telemetry_loss_001,3965,,,0,1,168,0.002135146874934435,0,,
all,verify_telemetry_loss_001,3966,,,0,1,168,0.002135146874934435,0,,
all,verify_telemetry_loss_001,3968,,,0,1,168,0.002135146874934435,0,,
all,verify_telemetry_loss_001,3969,,,0,1,168,0.002135146874934435,0,,
all,verify_telemetry_loss_001,3970,,,0,1,168,0.002135146874934435,0,,
all,verify_telemetry_loss_001,3972,,,0,1,168,0.002135146874934435,0,,
all,verify_telemetry_loss_001,3973,,,0,1,168,0.002135146874934435,0,,
all,verify_telemetry_loss_001,3974,,,0,1,168,0.002135146874934435,0,,
all,verify_telemetry_loss_001,3975,,,0,1,168,0.002135146874934435,0,,
all,verify_telemetry_loss_001,3977,,,0,1,168,0.002135146874934435,0,,
all,verify_telemetry_loss_001,3978,,,0,1,168,0.002135146874934435,0,,
all,verify_telemetry_loss_001,3980,,,0,1,168,0.002135146874934435,0,,
all,verify_telemetry_loss_001,3981,,,0,1,168,0.002135146874934435,0,,
all,verify_telemetry_loss_001,3982,,,0,1,168,0.002135146874934435,0,,
all,verify_telemetry_loss_001,3983,,,0,1,168,0.002135146874934435,0,,
all,verify_telemetry_loss_001,3984,,,0,1,168,0.002135146874934435,0,,
all,verify_telemetry_loss_001,3986,,,0,1,168,0.002135146874934435,0,,
all,verify_telemetry_loss_001,3987,,,0,1,168,0.002135146874934435,0,,
all,verify_telemetry_loss_001,3988,,,0,1,168,0.002135146874934435,0,,
all,verify_telemetry_loss_001,3989,,,0,1,168,0.002135146874934435,0,,
all,verify_telemetry_loss_001,3992,,,0,1,168,0.002135146874934435,0,,
all,verify_telemetry_loss_001,3994,,,0,1,168,0.002135146874934435,0,,
all,verify_telemetry_loss_001,3995,,,0,1,168,0.002135146874934435,0,,
all,verify_telemetry_loss_001,3997,,,0,1,168,0.002135146874934435,0,,
all,verify_telemetry_loss_001,3998,,,0,1,168,0.002135146874934435,0,,
all,verify_telemetry_loss_001,3999,,,0,1,168,0.002135146874934435,0,,
all,verify_telemetry_loss_001,4002,,,0,1,168,0.002135146874934435,0,,
all,verify_telemetry_loss_001,4003,,,0,1,168,0.002135146874934435,0,,
all,verify_telemetry_loss_001,4005,,,0,1,168,0.002135146874934435,0,,
all,verify_telemetry_loss_001,4006,,,0,1,168,0.002135146874934435,0,,
all,verify_telemetry_loss_001,4008,,,0,1,168,0.002135146874934435,0,,
all,verify_telemetry_loss_001,4010,,,0,1,168,0.002135146874934435,0,,
all,verify_telemetry_loss_001,4011,,,0,1,168,0.002135146874934435,0,,
all,verify_telemetry_loss_001,4012,,,0,1,168,0.002135146874934435,0,,
all,verify_telemetry_loss_001,4014,,,0,1,168,0.002135146874934435,0,,
all,verify_telemetry_loss_001,4015,,,0,1,168,0.002135146874934435,0,,
all,verify_telemetry_loss_001,4016,,,0,1,168,0.002135146874934435,0,,
all,verify_telemetry_loss_001,4017,,,0,1,168,0.002135146874934435,0,,
all,verify_telemetry_loss_001,4019,,,0,1,168,0.002135146874934435,0,,
all,verify_telemetry_loss_001,4020,,,0,1,168,0.002135146874934435,0,,
all,verify_telemetry_loss_001,4022,,,0,1,168,0.002135146874934435,0,,
all,verify_telemetry_loss_001,4023,,,0,1,168,0.002135146874934435,0,,
all,verify_telemetry_loss_001,4025,,,0,1,168,0.002135146874934435,0,,
all,verify_telemetry_loss_001,4026,,,0,1,168,0.002135146874934435,0,,
all,verify_telemetry_loss_001,4027,,,0,1,168,0.002135146874934435,0,,
all,verify_telemetry_loss_001,4028,,,0,1,168,0.002135146874934435,0,,
all,verify_telemetry_loss_001,4030,,,0,1,168,0.002135146874934435,0,,
all,verify_telemetry_loss_001,4031,,,0,1,168,0.002135146874934435,0,,
all,verify_telemetry_loss_001,4032,,,0,1,168,0.002135146874934435,0,,
all,verify_telemetry_loss_001,4033,,,0,1,168,0.002135146874934435,0,,
all,verify_telemetry_loss_001,4035,,,0,1,168,0.002135146874934435,0,,
all,verify_telemetry_loss_001,4036,,,0,1,168,0.002135146874934435,0,,
all,verify_telemetry_loss_001,4037,,,0,1,168,0.002135146874934435,0,,
all,verify_telemetry_loss_001,4039,,,0,1,168,0.002135146874934435,0,,
all,verify_telemetry_loss_001,4040,,,0,1,168,0.002135146874934435,0,,
all,verify_telemetry_loss_001,4041,,,0,1,168,0.002135146874934435,0,,
all,verify_telemetry_loss_001,4043,,,0,1,168,0.002135146874934435,0,,
all,verify_telemetry_loss_001,4044,,,0,1,168,0.002135146874934435,0,,
all,verify_telemetry_loss_001,4045,,,0,1,168,0.002135146874934435,0,,
all,verify_telemetry_loss_001,4046,,,0,1,168,0.002135146874934435,0,,
all,verify_telemetry_loss_001,4047,,,0,1,168,0.002135146874934435,0,,
all,verify_telemetry_loss_001,4049,,,0,1,168,0.002135146874934435,0,,
all,verify_telemetry_loss_001,4050,,,0,1,168,0.002135146874934435,0,,
all,verify_telemetry_loss_001,4051,,,0,1,168,0.002135146874934435,0,,
all,verify_telemetry_loss_001,4053,,,0,1,168,0.002135146874934435,0,,
all,verify_telemetry_loss_001,4054,,,0,1,168,0.002135146874934435,0,,
all,verify_telemetry_loss_001,4055,,,0,1,168,0.002135146874934435,0,,
all,verify_telemetry_loss_001,4056,,,0,1,168,0.002135146874934435,0,,
all,verify_telemetry_loss_001,4057,,,0,1,168,0.002135146874934435,0,,
all,verify_telemetry_loss_001,4058,,,0,1,168,0.002135146874934435,0,,
all,verify_telemetry_loss_001,4059,,,0,1,168,0.002135146874934435,0,,
all,verify_telemetry_loss_001,4060,,,0,1,168,0.002135146874934435,0,,
all,verify_telemetry_loss_001,4061,,,0,1,168,0.002135146874934435,0,,
all,verify_telemetry_loss_001,4062,,,0,1,168,0.002135146874934435,0,,
all,verify_telemetry_loss_001,4064,,,0,1,168,0.002135146874934435,0,,
all,verify_telemetry_loss_001,4065,,,0,1,168,0.002135146874934435,0,,
all,verify_telemetry_loss_001,4066,,,0,1,168,0.002135146874934435,0,,
all,verify_telemetry_loss_001,4068,,,0,1,168,0.002135146874934435,0,,
all,verify_telemetry_loss_001,4070,,,0,1,168,0.002135146874934435,0,,
all,verify_telemetry_loss_001,4072,,,0,1,168,0.002135146874934435,0,,
all,verify_telemetry_loss_001,4074,,,0,1,168,0.002135146874934435,0,,
all,verify_telemetry_loss_001,4075,,,0,1,168,0.002135146874934435,0,,
all,verify_telemetry_loss_001,4077,,,0,1,168,0.002135146874934435,0,,
all,verify_telemetry_loss_001,4079,,,0,1,168,0.002135146874934435,0,,
all,verify_telemetry_loss_001,4080,,,0,1,168,0.002135146874934435,0,,
all,verify_telemetry_loss_001,4081,,,0,1,168,0.002135146874934435,0,,
all,verify_telemetry_loss_001,4082,,,0,1,168,0.002135146874934435,0,,
all,verify_telemetry_loss_001,4084,,,0,1,168,0.002135146874934435,0,,
all,verify_telemetry_loss_001,4085,,,0,1,168,0.002135146874934435,0,,
all,verify_telemetry_loss_001,4087,,,0,1,168,0.002135146874934435,0,,
all,verify_telemetry_loss_001,4090,,,0,1,168,0.002135146874934435,0,,
all,verify_telemetry_loss_001,4091,,,0,1,168,0.002135146874934435,0,,
all,verify_telemetry_loss_001,4093,,,0,1,168,0.002135146874934435,0,,
all,verify_telemetry_loss_001,4094,,,0,1,168,0.002135146874934435,0,,
all,verify_telemetry_loss_001,4095,,,0,1,168,0.002135146874934435,0,,
all,verify_telemetry_loss_001,4096,,,0,1,168,0.002135146874934435,0,,
all,verify_telemetry_loss_001,4097,,,0,1,168,0.002135146874934435,0,,
all,verify_telemetry_loss_001,4099,,,0,1,168,0.002135146874934435,0,,
all,verify_telemetry_loss_001,4100,,,0,1,168,0.002135146874934435,0,,
all,verify_telemetry_loss_001,4101,,,0,1,168,0.002135146874934435,0,,
all,verify_telemetry_loss_001,4103,,,0,1,168,0.002135146874934435,0,,
all,verify_telemetry_loss_001,4104,,,0,1,168,0.002135146874934435,0,,
all,verify_telemetry_loss_001,4105,,,0,1,168,0.002135146874934435,0,,
all,verify_telemetry_loss_001,4106,,,0,1,168,0.002135146874934435,0,,
all,verify_telemetry_loss_001,4108,,,0,1,168,0.002135146874934435,0,,
all,verify_telemetry_loss_001,4109,,,0,1,168,0.002135146874934435,0,,
all,verify_telemetry_loss_001,4110,,,0,1,168,0.002135146874934435,0,,
all,verify_telemetry_loss_001,4112,,,0,1,168,0.002135146874934435,0,,
all,verify_telemetry_loss_001,4113,,,0,1,168,0.002135146874934435,0,,
all,verify_telemetry_loss_001,4115,,,0,1,168,0.002135146874934435,0,,
all,verify_telemetry_loss_001,4117,,,0,1,168,0.002135146874934435,0,,
all,verify_telemetry_loss_001,4118,,,0,1,168,0.002135146874934435,0,,
all,verify_telemetry_loss_001,4119,,,0,1,168,0.002135146874934435,0,,
all,verify_telemetry_loss_001,4120,,,0,1,168,0.002135146874934435,0,,
all,verify_telemetry_loss_001,4121,,,0,1,168,0.002135146874934435,0,,
all,verify_telemetry_loss_001,4122,,,0,1,168,0.002135146874934435,0,,
all,verify_telemetry_loss_001,4124,,,0,1,168,0.002135146874934435,0,,
all,verify_telemetry_loss_001,4126,,,0,1,168,0.002135146874934435,0,,
all,verify_telemetry_loss_001,4127,,,0,1,168,0.002135146874934435,0,,
all,verify_telemetry_loss_001,4128,,,0,1,168,0.002135146874934435,0,,
all,verify_telemetry_loss_001,4129,,,0,1,168,0.002135146874934435,0,,
all,verify_telemetry_loss_001,4131,,,0,1,168,0.002135146874934435,0,,
all,verify_telemetry_loss_001,4132,,,0,1,168,0.002135146874934435,0,,
all,verify_telemetry_loss_001,4133,,,0,1,168,0.002135146874934435,0,,
all,verify_telemetry_loss_001,4135,,,0,1,168,0.002135146874934435,0,,
all,verify_telemetry_loss_001,4137,,,0,1,168,0.002135146874934435,0,,
all,verify_telemetry_loss_001,4138,,,0,1,168,0.002135146874934435,0,,
all,verify_telemetry_loss_001,4139,,,0,1,168,0.002135146874934435,0,,
all,verify_telemetry_loss_001,4140,,,0,1,168,0.002135146874934435,0,,
all,verify_telemetry_loss_001,4141,,,0,1,168,0.002135146874934435,0,,
all,verify_telemetry_loss_001,4142,,,0,1,168,0.002135146874934435,0,,
all,verify_telemetry_loss_001,4143,,,0,1,168,0.002135146874934435,0,,
all,verify_telemetry_loss_001,4145,,,0,1,168,0.002135146874934435,0,,
all,verify_telemetry_loss_001,4146,,,0,1,168,0.002135146874934435,0,,
all,verify_telemetry_loss_001,4150,,,0,1,168,0.002135146874934435,0,,
all,verify_telemetry_loss_001,4152,,,0,1,168,0.002135146874934435,0,,
all,verify_telemetry_loss_001,4153,,,0,1,168,0.002135146874934435,0,,
all,verify_telemetry_loss_001,4154,,,0,1,168,0.002135146874934435,0,,
all,verify_telemetry_loss_001,4157,,,0,1,168,0.002135146874934435,0,,
all,verify_telemetry_loss_001,4160,,,0,1,168,0.002135146874934435,0,,
all,verify_telemetry_loss_001,4161,,,0,1,168,0.002135146874934435,0,,
all,verify_telemetry_loss_001,4162,,,0,1,168,0.002135146874934435,0,,
all,verify_telemetry_loss_001,4164,,,0,1,168,0.002135146874934435,0,,
all,verify_telemetry_loss_001,4165,,,0,1,182,0.002563568763434887,0,,
